product_id,product_name,brand,model,category,price,image_url,product_url,stock
1,"Vivo V11 Pro (6GB RAM, 64GB) - Supernova Red",Vivo,V11 Pro,Mobiles,28990,https://i.gadgets360cdn.com/products/large/1536222480_635_vivo_v11_pro.jpg?downsize=*:180&amp;output-quality=80&amp;output-format=webp,https://gadgets.ndtv.com/vivo-v11-pro-5632,44
2,"Vivo V11 Pro (6GB RAM, 64GB) - Dazzling Gold",Vivo,V11 Pro,Mobiles,22654,https://i.gadgets360cdn.com/products/large/1536222480_635_vivo_v11_pro.jpg?downsize=*:180&amp;output-quality=80&amp;output-format=webp,https://gadgets.ndtv.com/vivo-v11-pro-5632,45
3,"Vivo V11 Pro (6GB RAM, 64GB) - Starry Night Black",Vivo,V11 Pro,Mobiles,23990,https://i.gadgets360cdn.com/products/large/1536222480_635_vivo_v11_pro.jpg?downsize=*:180&amp;output-quality=80&amp;output-format=webp,https://gadgets.ndtv.com/vivo-v11-pro-5632,5
4,"Redmi Note 5 Pro (4GB RAM, 64GB) - Red",Xiaomi,Redmi Note 5 Pro,Mobiles,11290,https://i.gadgets360cdn.com/products/large/1518591378_635_xiaomi_redmi_note_5_pro_141818_121802_6529.jpg?downsize=*:180&amp;output-quality=80&amp;output-format=webp,https://gadgets.ndtv.com/redmi-note-5-pro-4607,40
5,"Redmi Note 5 Pro (6GB RAM, 64GB) - Rose Gold",Xiaomi,Redmi Note 5 Pro,Mobiles,12900,https://i.gadgets360cdn.com/products/large/1518591378_635_xiaomi_redmi_note_5_pro_141818_121802_6529.jpg?downsize=*:180&amp;output-quality=80&amp;output-format=webp,https://gadgets.ndtv.com/redmi-note-5-pro-4607,10
6,"Redmi Note 5 Pro (4GB RAM, 64GB) - Rose Gold",Xiaomi,Redmi Note 5 Pro,Mobiles,14999,https://i.gadgets360cdn.com/products/large/1518591378_635_xiaomi_redmi_note_5_pro_141818_121802_6529.jpg?downsize=*:180&amp;output-quality=80&amp;output-format=webp,https://gadgets.ndtv.com/redmi-note-5-pro-4607,46
7,"Xiaomi Redmi 6 Pro (3GB RAM, 32GB) - Rose Gold",Xiaomi,Redmi 6 Pro,Mobiles,11399,https://i.gadgets360cdn.com/products/large/1529877080_635_xiaomi_redmi_6_pro.jpg?downsize=*:180&amp;output-quality=80&amp;output-format=webp,https://gadgets.ndtv.com/xiaomi-redmi-6-pro-5523,13
8,"Xiaomi Redmi 6 Pro (3GB RAM, 32GB) - Black",Xiaomi,Redmi 6 Pro,Mobiles,11269,https://i.gadgets360cdn.com/products/large/1529877080_635_xiaomi_redmi_6_pro.jpg?downsize=*:180&amp;output-quality=80&amp;output-format=webp,https://gadgets.ndtv.com/xiaomi-redmi-6-pro-5523,40
9,"Redmi Note 5 Pro (6GB RAM, 64GB) - Red",Xiaomi,Redmi Note 5 Pro,Mobiles,14000,https://i.gadgets360cdn.com/products/large/1518591378_635_xiaomi_redmi_note_5_pro_141818_121802_6529.jpg?downsize=*:180&amp;output-quality=80&amp;output-format=webp,https://gadgets.ndtv.com/redmi-note-5-pro-4607,48
10,"Xiaomi Redmi 6 Pro (3GB RAM, 32GB) - Gold",Xiaomi,Redmi 6 Pro,Mobiles,11399,https://i.gadgets360cdn.com/products/large/1529877080_635_xiaomi_redmi_6_pro.jpg?downsize=*:180&amp;output-quality=80&amp;output-format=webp,https://gadgets.ndtv.com/xiaomi-redmi-6-pro-5523,50
11,"Redmi Note 5 Pro (6GB RAM, 64GB) - Blue",Xiaomi,Redmi Note 5 Pro,Mobiles,12999,https://i.gadgets360cdn.com/products/large/1518591378_635_xiaomi_redmi_note_5_pro_141818_121802_6529.jpg?downsize=*:180&amp;output-quality=80&amp;output-format=webp,https://gadgets.ndtv.com/redmi-note-5-pro-4607,41
12,"Redmi Note 5 Pro (4GB RAM, 64GB) - Blue",Xiaomi,Redmi Note 5 Pro,Mobiles,11999,https://i.gadgets360cdn.com/products/large/1518591378_635_xiaomi_redmi_note_5_pro_141818_121802_6529.jpg?downsize=*:180&amp;output-quality=80&amp;output-format=webp,https://gadgets.ndtv.com/redmi-note-5-pro-4607,48
13,"Redmi Note 5 Pro (4GB RAM, 64GB) - Black",Xiaomi,Redmi Note 5 Pro,Mobiles,12499,https://i.gadgets360cdn.com/products/large/1518591378_635_xiaomi_redmi_note_5_pro_141818_121802_6529.jpg?downsize=*:180&amp;output-quality=80&amp;output-format=webp,https://gadgets.ndtv.com/redmi-note-5-pro-4607,8
14,"Redmi Note 5 Pro (6GB RAM, 64GB) - Gold",Xiaomi,Redmi Note 5 Pro,Mobiles,11990,https://i.gadgets360cdn.com/products/large/1518591378_635_xiaomi_redmi_note_5_pro_141818_121802_6529.jpg?downsize=*:180&amp;output-quality=80&amp;output-format=webp,https://gadgets.ndtv.com/redmi-note-5-pro-4607,45
15,"Redmi Note 5 Pro (4GB RAM, 64GB) - Gold",Xiaomi,Redmi Note 5 Pro,Mobiles,10990,https://i.gadgets360cdn.com/products/large/1518591378_635_xiaomi_redmi_note_5_pro_141818_121802_6529.jpg?downsize=*:180&amp;output-quality=80&amp;output-format=webp,https://gadgets.ndtv.com/redmi-note-5-pro-4607,49
16,"Xiaomi Redmi 6 Pro (4GB RAM, 64GB) - Rose Gold",Xiaomi,Redmi 6 Pro,Mobiles,13349,https://i.gadgets360cdn.com/products/large/1529877080_635_xiaomi_redmi_6_pro.jpg?downsize=*:180&amp;output-quality=80&amp;output-format=webp,https://gadgets.ndtv.com/xiaomi-redmi-6-pro-5523,39
17,"Xiaomi Redmi 6 Pro (4GB RAM, 64GB) - Gold",Xiaomi,Redmi 6 Pro,Mobiles,8999,https://i.gadgets360cdn.com/products/large/1529877080_635_xiaomi_redmi_6_pro.jpg?downsize=*:180&amp;output-quality=80&amp;output-format=webp,https://gadgets.ndtv.com/xiaomi-redmi-6-pro-5523,35
18,"Xiaomi Redmi 6 Pro (3GB RAM, 32GB) - Lake Blue",Xiaomi,Redmi 6 Pro,Mobiles,9190,https://i.gadgets360cdn.com/products/large/1529877080_635_xiaomi_redmi_6_pro.jpg?downsize=*:180&amp;output-quality=80&amp;output-format=webp,https://gadgets.ndtv.com/xiaomi-redmi-6-pro-5523,26
19,"Xiaomi Redmi 6 Pro (4GB RAM, 64GB) - Black",Xiaomi,Redmi 6 Pro,Mobiles,7900,https://i.gadgets360cdn.com/products/large/1529877080_635_xiaomi_redmi_6_pro.jpg?downsize=*:180&amp;output-quality=80&amp;output-format=webp,https://gadgets.ndtv.com/xiaomi-redmi-6-pro-5523,36
20,"Xiaomi Redmi 6 Pro (4GB RAM, 64GB) - Lake Blue",Xiaomi,Redmi 6 Pro,Mobiles,8820,https://i.gadgets360cdn.com/products/large/1529877080_635_xiaomi_redmi_6_pro.jpg?downsize=*:180&amp;output-quality=80&amp;output-format=webp,https://gadgets.ndtv.com/xiaomi-redmi-6-pro-5523,47
21,"Xiaomi Redmi 6 Pro (4GB RAM, 64GB) - Red",Xiaomi,Redmi 6 Pro,Mobiles,9190,https://i.gadgets360cdn.com/products/large/1529877080_635_xiaomi_redmi_6_pro.jpg?downsize=*:180&amp;output-quality=80&amp;output-format=webp,https://gadgets.ndtv.com/xiaomi-redmi-6-pro-5523,27
22,"Redmi Note 5 Pro (6GB RAM, 64GB) - Black",Xiaomi,Redmi Note 5 Pro,Mobiles,16999,https://i.gadgets360cdn.com/products/large/1518591378_635_xiaomi_redmi_note_5_pro_141818_121802_6529.jpg?downsize=*:180&amp;output-quality=80&amp;output-format=webp,https://gadgets.ndtv.com/redmi-note-5-pro-4607,46
23,"Xiaomi Redmi 6 Pro (3GB RAM, 32GB) - Red",Xiaomi,Redmi 6 Pro,Mobiles,8999,https://i.gadgets360cdn.com/products/large/1529877080_635_xiaomi_redmi_6_pro.jpg?downsize=*:180&amp;output-quality=80&amp;output-format=webp,https://gadgets.ndtv.com/xiaomi-redmi-6-pro-5523,43
24,"Redmi 6 (3GB RAM, 64GB) - Blue",Xiaomi,Redmi 6,Mobiles,8499,https://i.gadgets360cdn.com/products/large/1528790962_635_xiaomi_redmi_6.jpg?downsize=*:180&amp;output-quality=80&amp;output-format=webp,https://gadgets.ndtv.com/redmi-6-5473,17
25,"Redmi 6 (3GB RAM, 32GB) - Gold",Xiaomi,Redmi 6,Mobiles,8999,https://i.gadgets360cdn.com/products/large/1528790962_635_xiaomi_redmi_6.jpg?downsize=*:180&amp;output-quality=80&amp;output-format=webp,https://gadgets.ndtv.com/redmi-6-5473,38
26,"Redmi 6 (3GB RAM, 64GB) - Rose Gold",Xiaomi,Redmi 6,Mobiles,8499,https://i.gadgets360cdn.com/products/large/1528790962_635_xiaomi_redmi_6.jpg?downsize=*:180&amp;output-quality=80&amp;output-format=webp,https://gadgets.ndtv.com/redmi-6-5473,36
27,"Redmi 6 (3GB RAM, 32GB) - Blue",Xiaomi,Redmi 6,Mobiles,8990,https://i.gadgets360cdn.com/products/large/1528790962_635_xiaomi_redmi_6.jpg?downsize=*:180&amp;output-quality=80&amp;output-format=webp,https://gadgets.ndtv.com/redmi-6-5473,32
28,"Redmi 6 (3GB RAM, 64GB) - Black",Xiaomi,Redmi 6,Mobiles,7899,https://i.gadgets360cdn.com/products/large/1528790962_635_xiaomi_redmi_6.jpg?downsize=*:180&amp;output-quality=80&amp;output-format=webp,https://gadgets.ndtv.com/redmi-6-5473,36
29,"Redmi 6 (3GB RAM, 32GB) - Rose Gold",Xiaomi,Redmi 6,Mobiles,7800,https://i.gadgets360cdn.com/products/large/1528790962_635_xiaomi_redmi_6.jpg?downsize=*:180&amp;output-quality=80&amp;output-format=webp,https://gadgets.ndtv.com/redmi-6-5473,40
30,"Redmi 6 (3GB RAM, 64GB) - Gold",Xiaomi,Redmi 6,Mobiles,10499,https://i.gadgets360cdn.com/products/large/1528790962_635_xiaomi_redmi_6.jpg?downsize=*:180&amp;output-quality=80&amp;output-format=webp,https://gadgets.ndtv.com/redmi-6-5473,45
31,"Redmi 6 (3GB RAM, 32GB) - Black",Xiaomi,Redmi 6,Mobiles,7800,https://i.gadgets360cdn.com/products/large/1528790962_635_xiaomi_redmi_6.jpg?downsize=*:180&amp;output-quality=80&amp;output-format=webp,https://gadgets.ndtv.com/redmi-6-5473,6
32,"Redmi Y1 (3GB RAM, 32GB) - Rose Gold",Xiaomi,Redmi Y1,Mobiles,8699,https://drop.ndtv.com/TECH/product_database/images/Xiaomi_Redmi_Y1_NDTV_4494_480X960_117201752030PM.jpg?downsize=*:180&amp;output-quality=80&amp;output-format=webp,https://gadgets.ndtv.com/redmi-y1-4494,24
33,"Realme 2 Pro (4GB RAM, 64GB) - Black Sea",Realme,2 Pro,Mobiles,13490,https://i.gadgets360cdn.com/products/large/1538037790_800_realme2_pro.jpg?downsize=*:180&amp;output-quality=80&amp;output-format=webp,https://gadgets.ndtv.com/realme-2-pro-5665,49
34,"Realme 2 Pro (4GB RAM, 64GB) - Ocean Blue",Realme,2 Pro,Mobiles,14990,https://i.gadgets360cdn.com/products/large/1538037790_800_realme2_pro.jpg?downsize=*:180&amp;output-quality=80&amp;output-format=webp,https://gadgets.ndtv.com/realme-2-pro-5665,37
35,"Realme 2 Pro (4GB RAM, 64GB) - Ice Lake",Realme,2 Pro,Mobiles,14999,https://i.gadgets360cdn.com/products/large/1538037790_800_realme2_pro.jpg?downsize=*:180&amp;output-quality=80&amp;output-format=webp,https://gadgets.ndtv.com/realme-2-pro-5665,37
36,Xiaomi Redmi 6A (32GB) - Blue,Xiaomi,Redmi 6A,Mobiles,6450,https://i.gadgets360cdn.com/products/large/1528791254_635_xiaoim_redmi_6a.jpg?downsize=*:180&amp;output-quality=80&amp;output-format=webp,https://gadgets.ndtv.com/xiaomi-redmi-6a-5512,22
37,"Redmi Y1 (3GB RAM, 32GB) - Dark Grey",Xiaomi,Redmi Y1,Mobiles,8999,https://drop.ndtv.com/TECH/product_database/images/Xiaomi_Redmi_Y1_NDTV_4494_480X960_117201752030PM.jpg?downsize=*:180&amp;output-quality=80&amp;output-format=webp,https://gadgets.ndtv.com/redmi-y1-4494,7
38,"Realme 3 Pro (6GB RAM, 128GB) - Nitro Blue",Realme,3 Pro,Mobiles,16999,https://i.gadgets360cdn.com/products/large/1555920099_635_realme3_pro_db.jpg?downsize=*:180&amp;output-quality=80&amp;output-format=webp,https://gadgets.ndtv.com/realme-3-pro-13001,16
39,"Redmi Y1 (4GB RAM, 64GB) - Gold",Xiaomi,Redmi Y1,Mobiles,9500,https://drop.ndtv.com/TECH/product_database/images/Xiaomi_Redmi_Y1_NDTV_4494_480X960_117201752030PM.jpg?downsize=*:180&amp;output-quality=80&amp;output-format=webp,https://gadgets.ndtv.com/redmi-y1-4494,34
40,"Redmi Y1 (4GB RAM, 64GB) - Dark Grey",Xiaomi,Redmi Y1,Mobiles,9999,https://drop.ndtv.com/TECH/product_database/images/Xiaomi_Redmi_Y1_NDTV_4494_480X960_117201752030PM.jpg?downsize=*:180&amp;output-quality=80&amp;output-format=webp,https://gadgets.ndtv.com/redmi-y1-4494,26
41,Vivo V5 (32GB) - Crown Gold,Vivo,V5,Mobiles,17980,https://drop.ndtv.com/TECH/product_database/images/DB_Vivo_V5_2_3881_480X960_1122201643549PM.jpg?downsize=*:180&amp;output-quality=80&amp;output-format=webp,https://gadgets.ndtv.com/vivo-v5-3881,48
42,"Samsung Galaxy S9 (4GB RAM, 128GB) - Lilac Purple",Samsung,Galaxy S9,Mobiles,37900,https://i.gadgets360cdn.com/products/large/1519585124_635_samsung_galaxy_s9_blue.jpg?downsize=*:180&amp;output-quality=80&amp;output-format=webp,https://gadgets.ndtv.com/samsung-galaxy-s9-4569,36
43,"Samsung Galaxy Note 8 (6GB RAM, 64GB) - Midnight Black",Samsung,Galaxy Note 8,Mobiles,59900,https://drop.ndtv.com/TECH/product_database/images/SAmsung_galaxy_note_8_black_db_ndtv_4261_480X960_9202017111310AM.jpg?downsize=*:180&amp;output-quality=80&amp;output-format=webp,https://gadgets.ndtv.com/samsung-galaxy-note-8-4261,22
44,"Huawei Mate 20 Pro (6GB RAM, 128GB) - Twilight Blue",Huawei,Mate 20 Pro,Mobiles,31999,https://i.gadgets360cdn.com/products/large/1539699813_635_mate_20_pro.jpg?downsize=*:180&amp;output-quality=80&amp;output-format=webp,https://gadgets.ndtv.com/huawei-mate-20-pro-5677,30
45,"iPhone SE (2020) (3GB RAM, 64GB) - White",Apple,iPhone SE (2020),Mobiles,35999,https://i.gadgets360cdn.com/products/large/iphone-se-2020-394x800-1587470171.jpg?downsize=*:180&amp;output-quality=80&amp;output-format=webp,https://gadgets.ndtv.com/apple-iphone-se-2020-price-in-india-91195,15
46,"iPhone SE (2020) (3GB RAM, 64GB) - Red",Apple,iPhone SE (2020),Mobiles,35999,https://i.gadgets360cdn.com/products/large/iphone-se-2020-394x800-1587470171.jpg?downsize=*:180&amp;output-quality=80&amp;output-format=webp,https://gadgets.ndtv.com/apple-iphone-se-2020-price-in-india-91195,11
47,"iPhone SE (2020) (3GB RAM, 256GB) - Red",Apple,iPhone SE (2020),Mobiles,50999,https://i.gadgets360cdn.com/products/large/iphone-se-2020-394x800-1587470171.jpg?downsize=*:180&amp;output-quality=80&amp;output-format=webp,https://gadgets.ndtv.com/apple-iphone-se-2020-price-in-india-91195,16
48,"Samsung Galaxy S9 (4GB RAM, 64GB) - Coral Blue",Samsung,Galaxy S9,Mobiles,31607,https://i.gadgets360cdn.com/products/large/1519585124_635_samsung_galaxy_s9_blue.jpg?downsize=*:180&amp;output-quality=80&amp;output-format=webp,https://gadgets.ndtv.com/samsung-galaxy-s9-4569,5
49,"Samsung Galaxy S9 (4GB RAM, 128GB) - Midnight Black",Samsung,Galaxy S9,Mobiles,41990,https://i.gadgets360cdn.com/products/large/1519585124_635_samsung_galaxy_s9_blue.jpg?downsize=*:180&amp;output-quality=80&amp;output-format=webp,https://gadgets.ndtv.com/samsung-galaxy-s9-4569,47
50,"iPhone SE (2020) (3GB RAM, 256GB) - Black",Apple,iPhone SE (2020),Mobiles,50999,https://i.gadgets360cdn.com/products/large/iphone-se-2020-394x800-1587470171.jpg?downsize=*:180&amp;output-quality=80&amp;output-format=webp,https://gadgets.ndtv.com/apple-iphone-se-2020-price-in-india-91195,48
51,"iPhone SE (2020) (3GB RAM, 256GB) - White",Apple,iPhone SE (2020),Mobiles,50999,https://i.gadgets360cdn.com/products/large/iphone-se-2020-394x800-1587470171.jpg?downsize=*:180&amp;output-quality=80&amp;output-format=webp,https://gadgets.ndtv.com/apple-iphone-se-2020-price-in-india-91195,43
52,"iPhone SE (2020) (3GB RAM, 64GB) - Black",Apple,iPhone SE (2020),Mobiles,32999,https://i.gadgets360cdn.com/products/large/iphone-se-2020-394x800-1587470171.jpg?downsize=*:180&amp;output-quality=80&amp;output-format=webp,https://gadgets.ndtv.com/apple-iphone-se-2020-price-in-india-91195,47
53,"Samsung Galaxy S9 (4GB RAM, 64GB) - Lilac Purple",Samsung,Galaxy S9,Mobiles,45999,https://i.gadgets360cdn.com/products/large/1519585124_635_samsung_galaxy_s9_blue.jpg?downsize=*:180&amp;output-quality=80&amp;output-format=webp,https://gadgets.ndtv.com/samsung-galaxy-s9-4569,44
54,"Samsung Galaxy Note 8 (6GB RAM, 64GB) - Orchid Grey",Samsung,Galaxy Note 8,Mobiles,39990,https://drop.ndtv.com/TECH/product_database/images/SAmsung_galaxy_note_8_black_db_ndtv_4261_480X960_9202017111310AM.jpg?downsize=*:180&amp;output-quality=80&amp;output-format=webp,https://gadgets.ndtv.com/samsung-galaxy-note-8-4261,36
55,"Samsung Galaxy Note 8 (6GB RAM, 64GB) - Maple Gold",Samsung,Galaxy Note 8,Mobiles,35990,https://drop.ndtv.com/TECH/product_database/images/SAmsung_galaxy_note_8_black_db_ndtv_4261_480X960_9202017111310AM.jpg?downsize=*:180&amp;output-quality=80&amp;output-format=webp,https://gadgets.ndtv.com/samsung-galaxy-note-8-4261,31
56,"Realme 2 Pro (8GB RAM, 128GB) - Ocean Blue",Realme,2 Pro,Mobiles,16999,https://i.gadgets360cdn.com/products/large/1538037790_800_realme2_pro.jpg?downsize=*:180&amp;output-quality=80&amp;output-format=webp,https://gadgets.ndtv.com/realme-2-pro-5665,23
57,"Samsung Galaxy S9 (4GB RAM, 256GB) - Midnight Black",Samsung,Galaxy S9,Mobiles,47990,https://i.gadgets360cdn.com/products/large/1519585124_635_samsung_galaxy_s9_blue.jpg?downsize=*:180&amp;output-quality=80&amp;output-format=webp,https://gadgets.ndtv.com/samsung-galaxy-s9-4569,39
58,"iPhone SE (2020) (3GB RAM, 128GB) - Red",Apple,iPhone SE (2020),Mobiles,37999,https://i.gadgets360cdn.com/products/large/iphone-se-2020-394x800-1587470171.jpg?downsize=*:180&amp;output-quality=80&amp;output-format=webp,https://gadgets.ndtv.com/apple-iphone-se-2020-price-in-india-91195,39
59,"iPhone SE (2020) (3GB RAM, 128GB) - Black",Apple,iPhone SE (2020),Mobiles,40999,https://i.gadgets360cdn.com/products/large/iphone-se-2020-394x800-1587470171.jpg?downsize=*:180&amp;output-quality=80&amp;output-format=webp,https://gadgets.ndtv.com/apple-iphone-se-2020-price-in-india-91195,28
60,"iPhone SE (2020) (3GB RAM, 128GB) - White",Apple,iPhone SE (2020),Mobiles,41999,https://i.gadgets360cdn.com/products/large/iphone-se-2020-394x800-1587470171.jpg?downsize=*:180&amp;output-quality=80&amp;output-format=webp,https://gadgets.ndtv.com/apple-iphone-se-2020-price-in-india-91195,50
61,"Samsung Galaxy S9 (4GB RAM, 64GB) - Midnight Black",Samsung,Galaxy S9,Mobiles,30500,https://i.gadgets360cdn.com/products/large/1519585124_635_samsung_galaxy_s9_blue.jpg?downsize=*:180&amp;output-quality=80&amp;output-format=webp,https://gadgets.ndtv.com/samsung-galaxy-s9-4569,49
62,"Realme 3 Pro (6GB RAM, 64GB) - Carbon Grey",Realme,3 Pro,Mobiles,17999,https://i.gadgets360cdn.com/products/large/1555920099_635_realme3_pro_db.jpg?downsize=*:180&amp;output-quality=80&amp;output-format=webp,https://gadgets.ndtv.com/realme-3-pro-13001,45
63,Vivo V5 (32GB) - Space Grey,Vivo,V5,Mobiles,16800,https://drop.ndtv.com/TECH/product_database/images/DB_Vivo_V5_2_3881_480X960_1122201643549PM.jpg?downsize=*:180&amp;output-quality=80&amp;output-format=webp,https://gadgets.ndtv.com/vivo-v5-3881,49
64,Xiaomi Redmi 6A (16GB) - Blue,Xiaomi,Redmi 6A,Mobiles,5990,https://i.gadgets360cdn.com/products/large/1528791254_635_xiaoim_redmi_6a.jpg?downsize=*:180&amp;output-quality=80&amp;output-format=webp,https://gadgets.ndtv.com/xiaomi-redmi-6a-5512,28
65,Xiaomi Redmi 6A (16GB) - Gold,Xiaomi,Redmi 6A,Mobiles,5999,https://i.gadgets360cdn.com/products/large/1528791254_635_xiaoim_redmi_6a.jpg?downsize=*:180&amp;output-quality=80&amp;output-format=webp,https://gadgets.ndtv.com/xiaomi-redmi-6a-5512,14
66,Xiaomi Redmi 6A (32GB) - Rose Gold,Xiaomi,Redmi 6A,Mobiles,5742,https://i.gadgets360cdn.com/products/large/1528791254_635_xiaoim_redmi_6a.jpg?downsize=*:180&amp;output-quality=80&amp;output-format=webp,https://gadgets.ndtv.com/xiaomi-redmi-6a-5512,45
67,"LG Velvet (Snapdragon 845) (6GB RAM, 128GB) - Aurora Silver",LG,Velvet (Snapdragon 845),Mobiles,44990,https://i.gadgets360cdn.com/products/large/lg-velvet-indiadb-400x800-1603871162.jpg?downsize=*:180&amp;output-quality=80&amp;output-format=webp,https://gadgets.ndtv.com/lg-velvet-snapdragon-845-price-in-india-98031,12
68,"Redmi Note 8 Pro (6GB RAM, 64GB) - Halo White",Xiaomi,Redmi Note 8 Pro,Mobiles,15999,https://i.gadgets360cdn.com/products/large/redmi-note-8-pro-db-384x800-1567137969.jpg?downsize=*:180&amp;output-quality=80&amp;output-format=webp,https://gadgets.ndtv.com/redmi-note-8-pro-price-in-india-91031,38
69,"LG Velvet (Snapdragon 845) (6GB RAM, 128GB) - Black",LG,Velvet (Snapdragon 845),Mobiles,44990,https://i.gadgets360cdn.com/products/large/lg-velvet-indiadb-400x800-1603871162.jpg?downsize=*:180&amp;output-quality=80&amp;output-format=webp,https://gadgets.ndtv.com/lg-velvet-snapdragon-845-price-in-india-98031,27
70,"Realme 3 Pro (4GB RAM, 64GB) - Lightning Purple",Realme,3 Pro,Mobiles,12999,https://i.gadgets360cdn.com/products/large/1555920099_635_realme3_pro_db.jpg?downsize=*:180&amp;output-quality=80&amp;output-format=webp,https://gadgets.ndtv.com/realme-3-pro-13001,19
71,"Redmi Note 8 Pro (6GB RAM, 64GB) - Electric Blue",Xiaomi,Redmi Note 8 Pro,Mobiles,15999,https://i.gadgets360cdn.com/products/large/redmi-note-8-pro-db-384x800-1567137969.jpg?downsize=*:180&amp;output-quality=80&amp;output-format=webp,https://gadgets.ndtv.com/redmi-note-8-pro-price-in-india-91031,8
72,"Redmi Note 8 Pro (6GB RAM, 128GB) - Shadow Black",Xiaomi,Redmi Note 8 Pro,Mobiles,16999,https://i.gadgets360cdn.com/products/large/redmi-note-8-pro-db-384x800-1567137969.jpg?downsize=*:180&amp;output-quality=80&amp;output-format=webp,https://gadgets.ndtv.com/redmi-note-8-pro-price-in-india-91031,5
73,"Realme 3 Pro (4GB RAM, 64GB) - Carbon Grey",Realme,3 Pro,Mobiles,14999,https://i.gadgets360cdn.com/products/large/1555920099_635_realme3_pro_db.jpg?downsize=*:180&amp;output-quality=80&amp;output-format=webp,https://gadgets.ndtv.com/realme-3-pro-13001,50
74,"Realme 3 Pro (4GB RAM, 64GB) - Nitro Blue",Realme,3 Pro,Mobiles,12999,https://i.gadgets360cdn.com/products/large/1555920099_635_realme3_pro_db.jpg?downsize=*:180&amp;output-quality=80&amp;output-format=webp,https://gadgets.ndtv.com/realme-3-pro-13001,15
75,"Redmi Note 8 Pro (6GB RAM, 128GB) - Gamma Green",Xiaomi,Redmi Note 8 Pro,Mobiles,16999,https://i.gadgets360cdn.com/products/large/redmi-note-8-pro-db-384x800-1567137969.jpg?downsize=*:180&amp;output-quality=80&amp;output-format=webp,https://gadgets.ndtv.com/redmi-note-8-pro-price-in-india-91031,7
76,"Realme 3 Pro (6GB RAM, 64GB) - Lightning Purple",Realme,3 Pro,Mobiles,12999,https://i.gadgets360cdn.com/products/large/1555920099_635_realme3_pro_db.jpg?downsize=*:180&amp;output-quality=80&amp;output-format=webp,https://gadgets.ndtv.com/realme-3-pro-13001,9
77,"Samsung Galaxy S9 (6GB RAM, 64GB) - Coral Blue",Samsung,Galaxy S9,Mobiles,48999,https://i.gadgets360cdn.com/products/large/1519585124_635_samsung_galaxy_s9_blue.jpg?downsize=*:180&amp;output-quality=80&amp;output-format=webp,https://gadgets.ndtv.com/samsung-galaxy-s9-4569,9
78,"Realme 3 Pro (6GB RAM, 128GB) - Carbon Grey",Realme,3 Pro,Mobiles,15999,https://i.gadgets360cdn.com/products/large/1555920099_635_realme3_pro_db.jpg?downsize=*:180&amp;output-quality=80&amp;output-format=webp,https://gadgets.ndtv.com/realme-3-pro-13001,36
79,"Realme 3 Pro (6GB RAM, 64GB) - Nitro Blue",Realme,3 Pro,Mobiles,12999,https://i.gadgets360cdn.com/products/large/1555920099_635_realme3_pro_db.jpg?downsize=*:180&amp;output-quality=80&amp;output-format=webp,https://gadgets.ndtv.com/realme-3-pro-13001,10
80,"Realme 3 Pro (6GB RAM, 128GB) - Lightning Purple",Realme,3 Pro,Mobiles,15999,https://i.gadgets360cdn.com/products/large/1555920099_635_realme3_pro_db.jpg?downsize=*:180&amp;output-quality=80&amp;output-format=webp,https://gadgets.ndtv.com/realme-3-pro-13001,5
81,"Redmi Note 8 Pro (6GB RAM, 64GB) - Gamma Green",Xiaomi,Redmi Note 8 Pro,Mobiles,15999,https://i.gadgets360cdn.com/products/large/redmi-note-8-pro-db-384x800-1567137969.jpg?downsize=*:180&amp;output-quality=80&amp;output-format=webp,https://gadgets.ndtv.com/redmi-note-8-pro-price-in-india-91031,50
82,"Redmi Note 8 Pro (6GB RAM, 64GB) - Shadow Black",Xiaomi,Redmi Note 8 Pro,Mobiles,15999,https://i.gadgets360cdn.com/products/large/redmi-note-8-pro-db-384x800-1567137969.jpg?downsize=*:180&amp;output-quality=80&amp;output-format=webp,https://gadgets.ndtv.com/redmi-note-8-pro-price-in-india-91031,24
83,"Redmi Note 8 Pro (8GB RAM, 128GB) - Halo White",Xiaomi,Redmi Note 8 Pro,Mobiles,19485,https://i.gadgets360cdn.com/products/large/redmi-note-8-pro-db-384x800-1567137969.jpg?downsize=*:180&amp;output-quality=80&amp;output-format=webp,https://gadgets.ndtv.com/redmi-note-8-pro-price-in-india-91031,45
84,Xiaomi Redmi 6A (16GB) - Rose Gold,Xiaomi,Redmi 6A,Mobiles,6999,https://i.gadgets360cdn.com/products/large/1528791254_635_xiaoim_redmi_6a.jpg?downsize=*:180&amp;output-quality=80&amp;output-format=webp,https://gadgets.ndtv.com/xiaomi-redmi-6a-5512,40
85,"Redmi Note 8 Pro (8GB RAM, 128GB) - Shadow Black",Xiaomi,Redmi Note 8 Pro,Mobiles,18999,https://i.gadgets360cdn.com/products/large/redmi-note-8-pro-db-384x800-1567137969.jpg?downsize=*:180&amp;output-quality=80&amp;output-format=webp,https://gadgets.ndtv.com/redmi-note-8-pro-price-in-india-91031,40
86,"Redmi Note 8 Pro (6GB RAM, 128GB) - Halo White",Xiaomi,Redmi Note 8 Pro,Mobiles,17999,https://i.gadgets360cdn.com/products/large/redmi-note-8-pro-db-384x800-1567137969.jpg?downsize=*:180&amp;output-quality=80&amp;output-format=webp,https://gadgets.ndtv.com/redmi-note-8-pro-price-in-india-91031,5
87,"Redmi Y1 (3GB RAM, 32GB) - Gold",Xiaomi,Redmi Y1,Mobiles,9999,https://drop.ndtv.com/TECH/product_database/images/Xiaomi_Redmi_Y1_NDTV_4494_480X960_117201752030PM.jpg?downsize=*:180&amp;output-quality=80&amp;output-format=webp,https://gadgets.ndtv.com/redmi-y1-4494,28
88,"Realme 2 Pro (8GB RAM, 128GB) - Black Sea",Realme,2 Pro,Mobiles,18000,https://i.gadgets360cdn.com/products/large/1538037790_800_realme2_pro.jpg?downsize=*:180&amp;output-quality=80&amp;output-format=webp,https://gadgets.ndtv.com/realme-2-pro-5665,36
89,Xiaomi Redmi 6A (16GB) - Black,Xiaomi,Redmi 6A,Mobiles,7399,https://i.gadgets360cdn.com/products/large/1528791254_635_xiaoim_redmi_6a.jpg?downsize=*:180&amp;output-quality=80&amp;output-format=webp,https://gadgets.ndtv.com/xiaomi-redmi-6a-5512,25
90,Xiaomi Redmi 6A (32GB) - Black,Xiaomi,Redmi 6A,Mobiles,5599,https://i.gadgets360cdn.com/products/large/1528791254_635_xiaoim_redmi_6a.jpg?downsize=*:180&amp;output-quality=80&amp;output-format=webp,https://gadgets.ndtv.com/xiaomi-redmi-6a-5512,33
91,Xiaomi Redmi 6A (32GB) - Gold,Xiaomi,Redmi 6A,Mobiles,5742,https://i.gadgets360cdn.com/products/large/1528791254_635_xiaoim_redmi_6a.jpg?downsize=*:180&amp;output-quality=80&amp;output-format=webp,https://gadgets.ndtv.com/xiaomi-redmi-6a-5512,6
92,"Samsung Galaxy S9 (4GB RAM, 128GB) - Coral Blue",Samsung,Galaxy S9,Mobiles,49999,https://i.gadgets360cdn.com/products/large/1519585124_635_samsung_galaxy_s9_blue.jpg?downsize=*:180&amp;output-quality=80&amp;output-format=webp,https://gadgets.ndtv.com/samsung-galaxy-s9-4569,6
93,"Redmi Note 8 Pro (8GB RAM, 128GB) - Gamma Green",Xiaomi,Redmi Note 8 Pro,Mobiles,18999,https://i.gadgets360cdn.com/products/large/redmi-note-8-pro-db-384x800-1567137969.jpg?downsize=*:180&amp;output-quality=80&amp;output-format=webp,https://gadgets.ndtv.com/redmi-note-8-pro-price-in-india-91031,25
94,"Lenovo K8 Plus (4GB RAM, 32GB) - Fine Gold",Lenovo,K8 Plus,Mobiles,7899,https://drop.ndtv.com/TECH/product_database/images/Lenovo_K8_Plus_NDTV_4389_480X960_920201774900PM.jpg?downsize=*:180&amp;output-quality=80&amp;output-format=webp,https://gadgets.ndtv.com/lenovo-k8-plus-4389,7
95,"Samsung Galaxy S20+ (8GB RAM, 128GB) - Cloud Blue",Samsung,Galaxy S20+,Mobiles,54999,https://i.gadgets360cdn.com/products/large/samsung-galaxy-s20-plus-376x800-1581446027.jpg?downsize=*:180&amp;output-quality=80&amp;output-format=webp,https://gadgets.ndtv.com/samsung-galaxy-s20-plus-price-in-india-91587,28
96,"Vivo V7 (4GB RAM, 32GB) - Matte Black",Vivo,V7,Mobiles,16990,https://drop.ndtv.com/TECH/product_database/images/11162017125506PM_635_vivo_v7.jpeg?downsize=*:180&amp;output-quality=80&amp;output-format=webp,https://gadgets.ndtv.com/vivo-v7-4518,6
97,"Vivo V7 (4GB RAM, 32GB) - Champagne Gold",Vivo,V7,Mobiles,6999,https://drop.ndtv.com/TECH/product_database/images/11162017125506PM_635_vivo_v7.jpeg?downsize=*:180&amp;output-quality=80&amp;output-format=webp,https://gadgets.ndtv.com/vivo-v7-4518,38
98,"Lenovo K8 Plus (3GB RAM, 32GB) - Venom Black",Lenovo,K8 Plus,Mobiles,4299,https://drop.ndtv.com/TECH/product_database/images/Lenovo_K8_Plus_NDTV_4389_480X960_920201774900PM.jpg?downsize=*:180&amp;output-quality=80&amp;output-format=webp,https://gadgets.ndtv.com/lenovo-k8-plus-4389,7
99,"Vivo V7 (4GB RAM, 32GB) - Energetic Blue",Vivo,V7,Mobiles,15990,https://drop.ndtv.com/TECH/product_database/images/11162017125506PM_635_vivo_v7.jpeg?downsize=*:180&amp;output-quality=80&amp;output-format=webp,https://gadgets.ndtv.com/vivo-v7-4518,35
100,"Samsung Galaxy S20+ (8GB RAM, 128GB) - Cosmic Black",Samsung,Galaxy S20+,Mobiles,54999,https://i.gadgets360cdn.com/products/large/samsung-galaxy-s20-plus-376x800-1581446027.jpg?downsize=*:180&amp;output-quality=80&amp;output-format=webp,https://gadgets.ndtv.com/samsung-galaxy-s20-plus-price-in-india-91587,36
101,"Samsung Galaxy S20+ (8GB RAM, 128GB) - Cosmic Gray",Samsung,Galaxy S20+,Mobiles,54999,https://i.gadgets360cdn.com/products/large/samsung-galaxy-s20-plus-376x800-1581446027.jpg?downsize=*:180&amp;output-quality=80&amp;output-format=webp,https://gadgets.ndtv.com/samsung-galaxy-s20-plus-price-in-india-91587,9
102,"Oppo F3 (4GB RAM, 64GB) - Rose Gold",Oppo,F3,Mobiles,17000,https://drop.ndtv.com/TECH/product_database/images/Oppo-F3-Plus_DB_2_4141_480X960_516201752201PM.jpg?downsize=*:180&amp;output-quality=80&amp;output-format=webp,https://gadgets.ndtv.com/oppo-f3-4141,42
103,"Oppo F3 (4GB RAM, 64GB) - Gold",Oppo,F3,Mobiles,18000,https://drop.ndtv.com/TECH/product_database/images/Oppo-F3-Plus_DB_2_4141_480X960_516201752201PM.jpg?downsize=*:180&amp;output-quality=80&amp;output-format=webp,https://gadgets.ndtv.com/oppo-f3-4141,34
104,"Lenovo K8 Plus (3GB RAM, 32GB) - Fine Gold",Lenovo,K8 Plus,Mobiles,10999,https://drop.ndtv.com/TECH/product_database/images/Lenovo_K8_Plus_NDTV_4389_480X960_920201774900PM.jpg?downsize=*:180&amp;output-quality=80&amp;output-format=webp,https://gadgets.ndtv.com/lenovo-k8-plus-4389,22
105,"Lenovo K8 Plus (4GB RAM, 32GB) - Venom Black",Lenovo,K8 Plus,Mobiles,10990,https://drop.ndtv.com/TECH/product_database/images/Lenovo_K8_Plus_NDTV_4389_480X960_920201774900PM.jpg?downsize=*:180&amp;output-quality=80&amp;output-format=webp,https://gadgets.ndtv.com/lenovo-k8-plus-4389,46
106,"Oppo F3 (4GB RAM, 64GB) - Red",Oppo,F3,Mobiles,10990,https://drop.ndtv.com/TECH/product_database/images/Oppo-F3-Plus_DB_2_4141_480X960_516201752201PM.jpg?downsize=*:180&amp;output-quality=80&amp;output-format=webp,https://gadgets.ndtv.com/oppo-f3-4141,48
107,"Vivo V7 (4GB RAM, 32GB) - champagne Gold",Vivo,V7,Mobiles,16930,https://drop.ndtv.com/TECH/product_database/images/11162017125506PM_635_vivo_v7.jpeg?downsize=*:180&amp;output-quality=80&amp;output-format=webp,https://gadgets.ndtv.com/vivo-v7-4518,21
108,"Redmi Note 7S (3GB RAM, 32GB) - Sapphire Blue",Xiaomi,Redmi Note 7S,Mobiles,9999,https://i.gadgets360cdn.com/products/large/1558334776_635_Redmi_note_7S_Main_DB.jpg?downsize=*:180&amp;output-quality=80&amp;output-format=webp,https://gadgets.ndtv.com/redmi-note-7s-price-in-india-13068,49
109,"Redmi Note 7S (3GB RAM, 32GB) - Ruby Red",Xiaomi,Redmi Note 7S,Mobiles,10999,https://i.gadgets360cdn.com/products/large/1558334776_635_Redmi_note_7S_Main_DB.jpg?downsize=*:180&amp;output-quality=80&amp;output-format=webp,https://gadgets.ndtv.com/redmi-note-7s-price-in-india-13068,25
110,"Redmi Note 7S (3GB RAM, 32GB) - Astro Moonlight White",Xiaomi,Redmi Note 7S,Mobiles,9799,https://i.gadgets360cdn.com/products/large/1558334776_635_Redmi_note_7S_Main_DB.jpg?downsize=*:180&amp;output-quality=80&amp;output-format=webp,https://gadgets.ndtv.com/redmi-note-7s-price-in-india-13068,41
111,"Nokia 3.1 Plus (3GB RAM, 32GB) - Baltic",Nokia,3.1 Plus,Mobiles,10440,https://i.gadgets360cdn.com/products/large/1539240873_635_nokia_3_1_plus.png?downsize=*:180&amp;output-quality=80&amp;output-format=webp,https://gadgets.ndtv.com/nokia-3-1-plus-5685,35
112,"Nokia 3.1 Plus (3GB RAM, 32GB) - Blue",Nokia,3.1 Plus,Mobiles,7195,https://i.gadgets360cdn.com/products/large/1539240873_635_nokia_3_1_plus.png?downsize=*:180&amp;output-quality=80&amp;output-format=webp,https://gadgets.ndtv.com/nokia-3-1-plus-5685,17
113,"Xiaomi Redmi Note 3 (2GB RAM, 16GB) - Gold",Xiaomi,Redmi Note 3,Mobiles,4699,https://drop.ndtv.com/TECH/product_database/images/Redmi_3_DB_3119_480X960_34201671712PM.jpg?downsize=*:180&amp;output-quality=80&amp;output-format=webp,https://gadgets.ndtv.com/xiaomi-redmi-note-3-3119,16
114,"Nokia 3.1 Plus (3GB RAM, 32GB) - Charcoal Grey",Nokia,3.1 Plus,Mobiles,7088,https://i.gadgets360cdn.com/products/large/1539240873_635_nokia_3_1_plus.png?downsize=*:180&amp;output-quality=80&amp;output-format=webp,https://gadgets.ndtv.com/nokia-3-1-plus-5685,48
115,"Xiaomi Redmi Note 3 (3GB RAM, 32GB) - Gold",Xiaomi,Redmi Note 3,Mobiles,5299,https://drop.ndtv.com/TECH/product_database/images/Redmi_3_DB_3119_480X960_34201671712PM.jpg?downsize=*:180&amp;output-quality=80&amp;output-format=webp,https://gadgets.ndtv.com/xiaomi-redmi-note-3-3119,34
116,"Nokia 3.1 Plus (3GB RAM, 32GB) - White",Nokia,3.1 Plus,Mobiles,6790,https://i.gadgets360cdn.com/products/large/1539240873_635_nokia_3_1_plus.png?downsize=*:180&amp;output-quality=80&amp;output-format=webp,https://gadgets.ndtv.com/nokia-3-1-plus-5685,41
117,"Xiaomi Redmi Note 3 (2GB RAM, 16GB) - Silver",Xiaomi,Redmi Note 3,Mobiles,4099,https://drop.ndtv.com/TECH/product_database/images/Redmi_3_DB_3119_480X960_34201671712PM.jpg?downsize=*:180&amp;output-quality=80&amp;output-format=webp,https://gadgets.ndtv.com/xiaomi-redmi-note-3-3119,5
118,"Redmi Note 7S (3GB RAM, 32GB) - Onyx Black",Xiaomi,Redmi Note 7S,Mobiles,9999,https://i.gadgets360cdn.com/products/large/1558334776_635_Redmi_note_7S_Main_DB.jpg?downsize=*:180&amp;output-quality=80&amp;output-format=webp,https://gadgets.ndtv.com/redmi-note-7s-price-in-india-13068,19
119,"Xiaomi Redmi Note 3 (3GB RAM, 32GB) - Dark Grey",Xiaomi,Redmi Note 3,Mobiles,4899,https://drop.ndtv.com/TECH/product_database/images/Redmi_3_DB_3119_480X960_34201671712PM.jpg?downsize=*:180&amp;output-quality=80&amp;output-format=webp,https://gadgets.ndtv.com/xiaomi-redmi-note-3-3119,36
120,"Oppo F3 (4GB RAM, 64GB) - Black",Oppo,F3,Mobiles,9299,https://drop.ndtv.com/TECH/product_database/images/Oppo-F3-Plus_DB_2_4141_480X960_516201752201PM.jpg?downsize=*:180&amp;output-quality=80&amp;output-format=webp,https://gadgets.ndtv.com/oppo-f3-4141,27
121,"Redmi Note 7S (4GB RAM, 64GB) - Onyx Black",Xiaomi,Redmi Note 7S,Mobiles,12999,https://i.gadgets360cdn.com/products/large/1558334776_635_Redmi_note_7S_Main_DB.jpg?downsize=*:180&amp;output-quality=80&amp;output-format=webp,https://gadgets.ndtv.com/redmi-note-7s-price-in-india-13068,23
122,"Redmi Note 7S (4GB RAM, 64GB) - Astro Moonlight White",Xiaomi,Redmi Note 7S,Mobiles,12999,https://i.gadgets360cdn.com/products/large/1558334776_635_Redmi_note_7S_Main_DB.jpg?downsize=*:180&amp;output-quality=80&amp;output-format=webp,https://gadgets.ndtv.com/redmi-note-7s-price-in-india-13068,45
123,"Redmi Note 7S (4GB RAM, 64GB) - Sapphire Blue",Xiaomi,Redmi Note 7S,Mobiles,12999,https://i.gadgets360cdn.com/products/large/1558334776_635_Redmi_note_7S_Main_DB.jpg?downsize=*:180&amp;output-quality=80&amp;output-format=webp,https://gadgets.ndtv.com/redmi-note-7s-price-in-india-13068,42
124,"Redmi Note 7S (4GB RAM, 64GB) - Ruby Red",Xiaomi,Redmi Note 7S,Mobiles,12999,https://i.gadgets360cdn.com/products/large/1558334776_635_Redmi_note_7S_Main_DB.jpg?downsize=*:180&amp;output-quality=80&amp;output-format=webp,https://gadgets.ndtv.com/redmi-note-7s-price-in-india-13068,46
125,"Xiaomi Redmi Note 3 (2GB RAM, 16GB) - Dark Grey",Xiaomi,Redmi Note 3,Mobiles,6990,https://drop.ndtv.com/TECH/product_database/images/Redmi_3_DB_3119_480X960_34201671712PM.jpg?downsize=*:180&amp;output-quality=80&amp;output-format=webp,https://gadgets.ndtv.com/xiaomi-redmi-note-3-3119,33
126,"Oppo F3 Plus (6GB RAM, 64GB) - Gold",Oppo,F3 Plus,Mobiles,22990,https://drop.ndtv.com/TECH/product_database/images/db_f3_plus_2_4080_480X960_3232017125550PM.jpg?downsize=*:180&amp;output-quality=80&amp;output-format=webp,https://gadgets.ndtv.com/oppo-f3-plus-4080,46
127,"Oppo F3 Plus (4GB RAM, 64GB) - Black",Oppo,F3 Plus,Mobiles,21940,https://drop.ndtv.com/TECH/product_database/images/db_f3_plus_2_4080_480X960_3232017125550PM.jpg?downsize=*:180&amp;output-quality=80&amp;output-format=webp,https://gadgets.ndtv.com/oppo-f3-plus-4080,46
128,"Panasonic Eluga X1 Pro (6GB RAM, 128GB) - Dark Grey",Panasonic,Eluga X1 Pro,Mobiles,12450,https://i.gadgets360cdn.com/products/large/1538642301_635_panasonic_eluga_x1.jpg?downsize=*:180&amp;output-quality=80&amp;output-format=webp,https://gadgets.ndtv.com/panasonic-eluga-x1-pro-5673,33
129,"Oppo F3 Plus (4GB RAM, 64GB) - Gold",Oppo,F3 Plus,Mobiles,10299,https://drop.ndtv.com/TECH/product_database/images/db_f3_plus_2_4080_480X960_3232017125550PM.jpg?downsize=*:180&amp;output-quality=80&amp;output-format=webp,https://gadgets.ndtv.com/oppo-f3-plus-4080,37
130,"10.or D2 (3GB RAM, 32GB) - Beyond Black",10.or,D2,Mobiles,5999,https://i.gadgets360cdn.com/products/large/1534920183_635_10_or_d2.jpg?downsize=*:180&amp;output-quality=80&amp;output-format=webp,https://gadgets.ndtv.com/10-or-d2-5601,35
131,"Panasonic Eluga X1 Pro (6GB RAM, 128GB) - Silver",Panasonic,Eluga X1 Pro,Mobiles,12490,https://i.gadgets360cdn.com/products/large/1538642301_635_panasonic_eluga_x1.jpg?downsize=*:180&amp;output-quality=80&amp;output-format=webp,https://gadgets.ndtv.com/panasonic-eluga-x1-pro-5673,33
132,"10.or D2 (3GB RAM, 32GB) - Glow Gold",10.or,D2,Mobiles,5999,https://i.gadgets360cdn.com/products/large/1534920183_635_10_or_d2.jpg?downsize=*:180&amp;output-quality=80&amp;output-format=webp,https://gadgets.ndtv.com/10-or-d2-5601,25
133,"Redmi 5A (3GB RAM, 32GB) - Grey",Xiaomi,Redmi 5A,Mobiles,6999,https://drop.ndtv.com/TECH/product_database/images/1016201742049PM_635_xiaomi_redmi_5a.jpeg?downsize=*:180&amp;output-quality=80&amp;output-format=webp,https://gadgets.ndtv.com/redmi-5a-4467,14
134,"Redmi 5A (3GB RAM, 32GB) - Blue",Xiaomi,Redmi 5A,Mobiles,6999,https://drop.ndtv.com/TECH/product_database/images/1016201742049PM_635_xiaomi_redmi_5a.jpeg?downsize=*:180&amp;output-quality=80&amp;output-format=webp,https://gadgets.ndtv.com/redmi-5a-4467,14
135,"10.or D2 (2GB RAM, 16GB) - Glow Gold",10.or,D2,Mobiles,4499,https://i.gadgets360cdn.com/products/large/1534920183_635_10_or_d2.jpg?downsize=*:180&amp;output-quality=80&amp;output-format=webp,https://gadgets.ndtv.com/10-or-d2-5601,24
136,"Oppo F5 (4GB RAM, 32GB) - Blue",Oppo,F5,Mobiles,17990,https://drop.ndtv.com/TECH/product_database/images/oppo_f5_4483_480X960_119201754959PM.jpg?downsize=*:180&amp;output-quality=80&amp;output-format=webp,https://gadgets.ndtv.com/oppo-f5-4483,36
137,"Oppo F5 (6GB RAM, 64GB) - Black",Oppo,F5,Mobiles,13699,https://drop.ndtv.com/TECH/product_database/images/oppo_f5_4483_480X960_119201754959PM.jpg?downsize=*:180&amp;output-quality=80&amp;output-format=webp,https://gadgets.ndtv.com/oppo-f5-4483,30
138,"Oppo F5 (6GB RAM, 64GB) - Red",Oppo,F5,Mobiles,24990,https://drop.ndtv.com/TECH/product_database/images/oppo_f5_4483_480X960_119201754959PM.jpg?downsize=*:180&amp;output-quality=80&amp;output-format=webp,https://gadgets.ndtv.com/oppo-f5-4483,30
139,"Oppo F5 (4GB RAM, 32GB) - Black",Oppo,F5,Mobiles,15500,https://drop.ndtv.com/TECH/product_database/images/oppo_f5_4483_480X960_119201754959PM.jpg?downsize=*:180&amp;output-quality=80&amp;output-format=webp,https://gadgets.ndtv.com/oppo-f5-4483,36
140,"Oppo F5 (4GB RAM, 32GB) - Gold",Oppo,F5,Mobiles,7599,https://drop.ndtv.com/TECH/product_database/images/oppo_f5_4483_480X960_119201754959PM.jpg?downsize=*:180&amp;output-quality=80&amp;output-format=webp,https://gadgets.ndtv.com/oppo-f5-4483,16
141,"Oppo A57 (3GB RAM, 32GB) - Black",Oppo,A57,Mobiles,12945,https://drop.ndtv.com/TECH/product_database/images/Oppo-A57-db_3896_480X960_214201733922PM.jpg?downsize=*:180&amp;output-quality=80&amp;output-format=webp,https://gadgets.ndtv.com/oppo-a57-3896,32
142,"Oppo A57 (3GB RAM, 32GB) - Gold",Oppo,A57,Mobiles,5599,https://drop.ndtv.com/TECH/product_database/images/Oppo-A57-db_3896_480X960_214201733922PM.jpg?downsize=*:180&amp;output-quality=80&amp;output-format=webp,https://gadgets.ndtv.com/oppo-a57-3896,11
143,"OnePlus 5T (8GB RAM, 128GB) - Midnight Black",OnePlus,5T,Mobiles,37999,https://drop.ndtv.com/TECH/product_database/images/oneplus_5t_4481_480X960_1120201781549PM.jpg?downsize=*:180&amp;output-quality=80&amp;output-format=webp,https://gadgets.ndtv.com/oneplus-5t-4481,33
144,"OnePlus 5T (8GB RAM, 128GB) - Lava Red",OnePlus,5T,Mobiles,37999,https://drop.ndtv.com/TECH/product_database/images/oneplus_5t_4481_480X960_1120201781549PM.jpg?downsize=*:180&amp;output-quality=80&amp;output-format=webp,https://gadgets.ndtv.com/oneplus-5t-4481,16
145,"OnePlus 5T (6GB RAM, 64GB) - Midnight Black",OnePlus,5T,Mobiles,28499,https://drop.ndtv.com/TECH/product_database/images/oneplus_5t_4481_480X960_1120201781549PM.jpg?downsize=*:180&amp;output-quality=80&amp;output-format=webp,https://gadgets.ndtv.com/oneplus-5t-4481,6
146,"Redmi Note 7 (4GB RAM, 64GB) - Ruby Red",Xiaomi,Redmi Note 7,Mobiles,10990,https://i.gadgets360cdn.com/products/large/1551344291_635_redmi_note_7.jpg?downsize=*:180&amp;output-quality=80&amp;output-format=webp,https://gadgets.ndtv.com/redmi-note-7-price-in-india-8948,22
147,"Redmi Note 7 (3GB RAM, 32GB) - Ruby Red",Xiaomi,Redmi Note 7,Mobiles,9998,https://i.gadgets360cdn.com/products/large/1551344291_635_redmi_note_7.jpg?downsize=*:180&amp;output-quality=80&amp;output-format=webp,https://gadgets.ndtv.com/redmi-note-7-price-in-india-8948,42
148,"Redmi Note 7 (4GB RAM, 64GB) - Sapphire Blue",Xiaomi,Redmi Note 7,Mobiles,11999,https://i.gadgets360cdn.com/products/large/1551344291_635_redmi_note_7.jpg?downsize=*:180&amp;output-quality=80&amp;output-format=webp,https://gadgets.ndtv.com/redmi-note-7-price-in-india-8948,12
149,"Redmi Note 7 (4GB RAM, 64GB) - Onyx Black",Xiaomi,Redmi Note 7,Mobiles,11256,https://i.gadgets360cdn.com/products/large/1551344291_635_redmi_note_7.jpg?downsize=*:180&amp;output-quality=80&amp;output-format=webp,https://gadgets.ndtv.com/redmi-note-7-price-in-india-8948,34
150,"Redmi Note 7 (3GB RAM, 32GB) - Onyx Black",Xiaomi,Redmi Note 7,Mobiles,9799,https://i.gadgets360cdn.com/products/large/1551344291_635_redmi_note_7.jpg?downsize=*:180&amp;output-quality=80&amp;output-format=webp,https://gadgets.ndtv.com/redmi-note-7-price-in-india-8948,25
151,"Redmi Note 7 (3GB RAM, 32GB) - Sapphire Blue",Xiaomi,Redmi Note 7,Mobiles,9999,https://i.gadgets360cdn.com/products/large/1551344291_635_redmi_note_7.jpg?downsize=*:180&amp;output-quality=80&amp;output-format=webp,https://gadgets.ndtv.com/redmi-note-7-price-in-india-8948,16
152,"Redmi 5A (3GB RAM, 32GB) - Rose Gold",Xiaomi,Redmi 5A,Mobiles,6999,https://drop.ndtv.com/TECH/product_database/images/1016201742049PM_635_xiaomi_redmi_5a.jpeg?downsize=*:180&amp;output-quality=80&amp;output-format=webp,https://gadgets.ndtv.com/redmi-5a-4467,9
153,"Redmi 5A (2GB RAM, 16GB) - Blue",Xiaomi,Redmi 5A,Mobiles,5999,https://drop.ndtv.com/TECH/product_database/images/1016201742049PM_635_xiaomi_redmi_5a.jpeg?downsize=*:180&amp;output-quality=80&amp;output-format=webp,https://gadgets.ndtv.com/redmi-5a-4467,19
154,"Redmi 5A (2GB RAM, 16GB) - Grey",Xiaomi,Redmi 5A,Mobiles,6499,https://drop.ndtv.com/TECH/product_database/images/1016201742049PM_635_xiaomi_redmi_5a.jpeg?downsize=*:180&amp;output-quality=80&amp;output-format=webp,https://gadgets.ndtv.com/redmi-5a-4467,20
155,"Samsung Galaxy S10e (6GB RAM, 128GB) - White",Samsung,Galaxy S10e,Mobiles,47900,https://i.gadgets360cdn.com/products/large/1550692354_635_samsung_galaxy_s10e.jpg?downsize=*:180&amp;output-quality=80&amp;output-format=webp,https://gadgets.ndtv.com/samsung-galaxy-s10e-12083,35
156,"Oppo F3 Plus (6GB RAM, 64GB) - Black",Oppo,F3 Plus,Mobiles,9599,https://drop.ndtv.com/TECH/product_database/images/db_f3_plus_2_4080_480X960_3232017125550PM.jpg?downsize=*:180&amp;output-quality=80&amp;output-format=webp,https://gadgets.ndtv.com/oppo-f3-plus-4080,18
157,"Redmi 5A (2GB RAM, 16GB) - Rose Gold",Xiaomi,Redmi 5A,Mobiles,5999,https://drop.ndtv.com/TECH/product_database/images/1016201742049PM_635_xiaomi_redmi_5a.jpeg?downsize=*:180&amp;output-quality=80&amp;output-format=webp,https://gadgets.ndtv.com/redmi-5a-4467,40
158,"Samsung Galaxy S10e (6GB RAM, 128GB) - Carany Yellow",Samsung,Galaxy S10e,Mobiles,50999,https://i.gadgets360cdn.com/products/large/1550692354_635_samsung_galaxy_s10e.jpg?downsize=*:180&amp;output-quality=80&amp;output-format=webp,https://gadgets.ndtv.com/samsung-galaxy-s10e-12083,12
159,"Redmi 5A (2GB RAM, 16GB) - Gold",Xiaomi,Redmi 5A,Mobiles,7299,https://drop.ndtv.com/TECH/product_database/images/1016201742049PM_635_xiaomi_redmi_5a.jpeg?downsize=*:180&amp;output-quality=80&amp;output-format=webp,https://gadgets.ndtv.com/redmi-5a-4467,40
160,"Realme 5 Pro (6GB RAM, 64GB) - Crystal Green",Realme,5 Pro,Mobiles,14999,https://i.gadgets360cdn.com/products/large/realme-5-pro-380x800-1566291930.jpg?downsize=*:180&amp;output-quality=80&amp;output-format=webp,https://gadgets.ndtv.com/realme-5-pro-price-in-india-91003,16
161,"Realme 5 Pro (6GB RAM, 64GB) - Sparkling Blue",Realme,5 Pro,Mobiles,14999,https://i.gadgets360cdn.com/products/large/realme-5-pro-380x800-1566291930.jpg?downsize=*:180&amp;output-quality=80&amp;output-format=webp,https://gadgets.ndtv.com/realme-5-pro-price-in-india-91003,47
162,"Realme 5 Pro (8GB RAM, 128GB) - Crystal Green",Realme,5 Pro,Mobiles,16999,https://i.gadgets360cdn.com/products/large/realme-5-pro-380x800-1566291930.jpg?downsize=*:180&amp;output-quality=80&amp;output-format=webp,https://gadgets.ndtv.com/realme-5-pro-price-in-india-91003,15
163,"Realme 5 Pro (8GB RAM, 128GB) - Chroma White",Realme,5 Pro,Mobiles,16999,https://i.gadgets360cdn.com/products/large/realme-5-pro-380x800-1566291930.jpg?downsize=*:180&amp;output-quality=80&amp;output-format=webp,https://gadgets.ndtv.com/realme-5-pro-price-in-india-91003,42
164,"Realme 5 Pro (8GB RAM, 128GB) - Sparkling Blue",Realme,5 Pro,Mobiles,16999,https://i.gadgets360cdn.com/products/large/realme-5-pro-380x800-1566291930.jpg?downsize=*:180&amp;output-quality=80&amp;output-format=webp,https://gadgets.ndtv.com/realme-5-pro-price-in-india-91003,17
165,"Realme 5 Pro (4GB RAM, 64GB) - Sparkling Blue",Realme,5 Pro,Mobiles,13990,https://i.gadgets360cdn.com/products/large/realme-5-pro-380x800-1566291930.jpg?downsize=*:180&amp;output-quality=80&amp;output-format=webp,https://gadgets.ndtv.com/realme-5-pro-price-in-india-91003,7
166,"Realme 5 Pro (6GB RAM, 64GB) - Chroma White",Realme,5 Pro,Mobiles,14999,https://i.gadgets360cdn.com/products/large/realme-5-pro-380x800-1566291930.jpg?downsize=*:180&amp;output-quality=80&amp;output-format=webp,https://gadgets.ndtv.com/realme-5-pro-price-in-india-91003,42
167,"Redmi 5A (3GB RAM, 32GB) - Gold",Xiaomi,Redmi 5A,Mobiles,6999,https://drop.ndtv.com/TECH/product_database/images/1016201742049PM_635_xiaomi_redmi_5a.jpeg?downsize=*:180&amp;output-quality=80&amp;output-format=webp,https://gadgets.ndtv.com/redmi-5a-4467,45
168,"Redmi 5A (2GB RAM, 16GB) - Black",Xiaomi,Redmi 5A,Mobiles,7900,https://drop.ndtv.com/TECH/product_database/images/1016201742049PM_635_xiaomi_redmi_5a.jpeg?downsize=*:180&amp;output-quality=80&amp;output-format=webp,https://gadgets.ndtv.com/redmi-5a-4467,32
169,"Realme 5 Pro (4GB RAM, 64GB) - Crystal Green",Realme,5 Pro,Mobiles,13799,https://i.gadgets360cdn.com/products/large/realme-5-pro-380x800-1566291930.jpg?downsize=*:180&amp;output-quality=80&amp;output-format=webp,https://gadgets.ndtv.com/realme-5-pro-price-in-india-91003,24
170,"Samsung Galaxy S10e (6GB RAM, 128GB) - Black",Samsung,Galaxy S10e,Mobiles,47650,https://i.gadgets360cdn.com/products/large/1550692354_635_samsung_galaxy_s10e.jpg?downsize=*:180&amp;output-quality=80&amp;output-format=webp,https://gadgets.ndtv.com/samsung-galaxy-s10e-12083,5
171,Xiaomi Redmi K20 (64GB) - Flame Red,Xiaomi,Redmi K20,Mobiles,20990,https://i.gadgets360cdn.com/products/large/1559042948_635_redmi_k20.jpg?downsize=*:180&amp;output-quality=80&amp;output-format=webp,https://gadgets.ndtv.com/xiaomi-redmi-k20-price-in-india-13060,6
172,Samsung Galaxy Note 10+ (512GB) - Aura Black,Samsung,Galaxy Note 10+,Mobiles,81999,https://i.gadgets360cdn.com/products/large/samsung-galaxy-note-10-plus-412x800-1565201367.jpg?downsize=*:180&amp;output-quality=80&amp;output-format=webp,https://gadgets.ndtv.com/samsung-galaxy-note-10-plus-price-in-india-90911,35
173,Samsung Galaxy Note 10+ (256GB) - Aura Black,Samsung,Galaxy Note 10+,Mobiles,59999,https://i.gadgets360cdn.com/products/large/samsung-galaxy-note-10-plus-412x800-1565201367.jpg?downsize=*:180&amp;output-quality=80&amp;output-format=webp,https://gadgets.ndtv.com/samsung-galaxy-note-10-plus-price-in-india-90911,5
174,Samsung Galaxy Note 10+ (512GB) - Aura Glow,Samsung,Galaxy Note 10+,Mobiles,89999,https://i.gadgets360cdn.com/products/large/samsung-galaxy-note-10-plus-412x800-1565201367.jpg?downsize=*:180&amp;output-quality=80&amp;output-format=webp,https://gadgets.ndtv.com/samsung-galaxy-note-10-plus-price-in-india-90911,19
175,Xiaomi Redmi K20 (64GB) - Glacier Blue,Xiaomi,Redmi K20,Mobiles,20990,https://i.gadgets360cdn.com/products/large/1559042948_635_redmi_k20.jpg?downsize=*:180&amp;output-quality=80&amp;output-format=webp,https://gadgets.ndtv.com/xiaomi-redmi-k20-price-in-india-13060,21
176,"Vivo Y69 (3GB RAM, 32GB) - Matte Black",Vivo,Y69,Mobiles,13900,https://drop.ndtv.com/TECH/product_database/images/825201763133PM_635_vivo_y69.jpeg?downsize=*:180&amp;output-quality=80&amp;output-format=webp,https://gadgets.ndtv.com/vivo-y69-4345,41
177,Samsung Galaxy Note 10+ (256GB) - Aura Glow,Samsung,Galaxy Note 10+,Mobiles,59999,https://i.gadgets360cdn.com/products/large/samsung-galaxy-note-10-plus-412x800-1565201367.jpg?downsize=*:180&amp;output-quality=80&amp;output-format=webp,https://gadgets.ndtv.com/samsung-galaxy-note-10-plus-price-in-india-90911,15
178,Xiaomi Redmi K20 (64GB) - Carbon Black,Xiaomi,Redmi K20,Mobiles,20990,https://i.gadgets360cdn.com/products/large/1559042948_635_redmi_k20.jpg?downsize=*:180&amp;output-quality=80&amp;output-format=webp,https://gadgets.ndtv.com/xiaomi-redmi-k20-price-in-india-13060,20
179,"Samsung Galaxy S20 Ultra (12GB RAM, 128GB) - Cosmic Black",Samsung,Galaxy S20 Ultra,Mobiles,97990,https://i.gadgets360cdn.com/products/large/samsung-galaxy-s20-ultra-388x800-1581446055.jpg?downsize=*:180&amp;output-quality=80&amp;output-format=webp,https://gadgets.ndtv.com/samsung-galaxy-s20-ultra-price-in-india-91586,20
180,"Samsung Galaxy S20 Ultra (12GB RAM, 128GB) - Cosmic Gray",Samsung,Galaxy S20 Ultra,Mobiles,103000,https://i.gadgets360cdn.com/products/large/samsung-galaxy-s20-ultra-388x800-1581446055.jpg?downsize=*:180&amp;output-quality=80&amp;output-format=webp,https://gadgets.ndtv.com/samsung-galaxy-s20-ultra-price-in-india-91586,25
181,Xiaomi Redmi K20 (64GB) - Pearl White,Xiaomi,Redmi K20,Mobiles,21999,https://i.gadgets360cdn.com/products/large/1559042948_635_redmi_k20.jpg?downsize=*:180&amp;output-quality=80&amp;output-format=webp,https://gadgets.ndtv.com/xiaomi-redmi-k20-price-in-india-13060,38
182,"Honor 9i (4GB RAM, 64GB) - Blue",Honor,9i,Mobiles,14389,https://drop.ndtv.com/TECH/product_database/images/Honor_9i_NDTV_4444_480X960_1011201772857PM.jpg?downsize=*:180&amp;output-quality=80&amp;output-format=webp,https://gadgets.ndtv.com/honor-9i-4444,22
183,"Honor 9i (4GB RAM, 64GB) - Prestige Gold",Honor,9i,Mobiles,9199,https://drop.ndtv.com/TECH/product_database/images/Honor_9i_NDTV_4444_480X960_1011201772857PM.jpg?downsize=*:180&amp;output-quality=80&amp;output-format=webp,https://gadgets.ndtv.com/honor-9i-4444,21
184,"Honor 9i (4GB RAM, 64GB) - Graphite Black",Honor,9i,Mobiles,6699,https://drop.ndtv.com/TECH/product_database/images/Honor_9i_NDTV_4444_480X960_1011201772857PM.jpg?downsize=*:180&amp;output-quality=80&amp;output-format=webp,https://gadgets.ndtv.com/honor-9i-4444,28
185,Xiaomi Redmi K20 (128GB) - Carbon Black,Xiaomi,Redmi K20,Mobiles,24999,https://i.gadgets360cdn.com/products/large/1559042948_635_redmi_k20.jpg?downsize=*:180&amp;output-quality=80&amp;output-format=webp,https://gadgets.ndtv.com/xiaomi-redmi-k20-price-in-india-13060,40
186,Xiaomi Redmi K20 (128GB) - Flame Red,Xiaomi,Redmi K20,Mobiles,23999,https://i.gadgets360cdn.com/products/large/1559042948_635_redmi_k20.jpg?downsize=*:180&amp;output-quality=80&amp;output-format=webp,https://gadgets.ndtv.com/xiaomi-redmi-k20-price-in-india-13060,27
187,Samsung Galaxy Note 10+ (256GB) - Aura White,Samsung,Galaxy Note 10+,Mobiles,59999,https://i.gadgets360cdn.com/products/large/samsung-galaxy-note-10-plus-412x800-1565201367.jpg?downsize=*:180&amp;output-quality=80&amp;output-format=webp,https://gadgets.ndtv.com/samsung-galaxy-note-10-plus-price-in-india-90911,19
188,"Vivo Y69 (3GB RAM, 32GB) - champagne Gold",Vivo,Y69,Mobiles,13000,https://drop.ndtv.com/TECH/product_database/images/825201763133PM_635_vivo_y69.jpeg?downsize=*:180&amp;output-quality=80&amp;output-format=webp,https://gadgets.ndtv.com/vivo-y69-4345,46
189,"Nokia 9 PureView (6GB RAM, 128GB) - Midnight Blue",Nokia,9 PureView,Mobiles,32990,https://i.gadgets360cdn.com/products/large/1551023854_635_nokia_9_pureview.jpg?downsize=*:180&amp;output-quality=80&amp;output-format=webp,https://gadgets.ndtv.com/nokia-9-pureview-4109,5
190,"Honor 9i (4GB RAM, 64GB) - Aurora Blue",Honor,9i,Mobiles,19999,https://drop.ndtv.com/TECH/product_database/images/Honor_9i_NDTV_4444_480X960_1011201772857PM.jpg?downsize=*:180&amp;output-quality=80&amp;output-format=webp,https://gadgets.ndtv.com/honor-9i-4444,44
191,"Honor 7X (4GB RAM, 64GB) - Black",Honor,7X,Mobiles,15500,https://drop.ndtv.com/TECH/product_database/images/1011201744344PM_635_huawei_honor_7x.jpeg?downsize=*:180&amp;output-quality=80&amp;output-format=webp,https://gadgets.ndtv.com/honor-7x-4449,36
192,"OnePlus 7 Pro (6GB RAM, 128GB) - Mirror Grey",OnePlus,7 Pro,Mobiles,49999,https://i.gadgets360cdn.com/products/large/1556971214_635_oneplus_7_pro.jpg?downsize=*:180&amp;output-quality=80&amp;output-format=webp,https://gadgets.ndtv.com/oneplus-7-pro-13029,7
193,"Xiaomi Mi 5 (3GB RAM, 32GB) - Gold",Xiaomi,Mi 5,Mobiles,7399,https://drop.ndtv.com/TECH/product_database/images/xiaomi_mi5_db_ndtv_3344_480X960_47201634632PM.jpg?downsize=*:180&amp;output-quality=80&amp;output-format=webp,https://gadgets.ndtv.com/xiaomi-mi-5-3344,47
194,"OnePlus 7 Pro (8GB RAM, 256GB) - Almond",OnePlus,7 Pro,Mobiles,52999,https://i.gadgets360cdn.com/products/large/1556971214_635_oneplus_7_pro.jpg?downsize=*:180&amp;output-quality=80&amp;output-format=webp,https://gadgets.ndtv.com/oneplus-7-pro-13029,6
195,"OnePlus 7 Pro (8GB RAM, 256GB) - Nebula Blue",OnePlus,7 Pro,Mobiles,52999,https://i.gadgets360cdn.com/products/large/1556971214_635_oneplus_7_pro.jpg?downsize=*:180&amp;output-quality=80&amp;output-format=webp,https://gadgets.ndtv.com/oneplus-7-pro-13029,12
196,"Honor 7X (4GB RAM, 32GB) - Blue",Honor,7X,Mobiles,11999,https://drop.ndtv.com/TECH/product_database/images/1011201744344PM_635_huawei_honor_7x.jpeg?downsize=*:180&amp;output-quality=80&amp;output-format=webp,https://gadgets.ndtv.com/honor-7x-4449,6
197,Samsung Galaxy J7 (16GB) - White,Samsung,Galaxy J7,Mobiles,4699,https://cdn.gadgets360.com/content/assets/products/samsung-galaxy-j7-2720_480X960_1437982695.jpg?downsize=*:180&amp;output-quality=80&amp;output-format=webp,https://gadgets.ndtv.com/samsung-galaxy-j7-2720,42
198,Xiaomi Redmi K20 (128GB) - Glacier Blue,Xiaomi,Redmi K20,Mobiles,24900,https://i.gadgets360cdn.com/products/large/1559042948_635_redmi_k20.jpg?downsize=*:180&amp;output-quality=80&amp;output-format=webp,https://gadgets.ndtv.com/xiaomi-redmi-k20-price-in-india-13060,44
199,"Xiaomi Redmi Note 4 (3GB RAM, 32GB) - Dark Grey",Xiaomi,Redmi Note 4,Mobiles,6999,https://drop.ndtv.com/TECH/product_database/images/xiaomi_redmi_note_4_black_3713_480X960_120201770227PM.jpg?downsize=*:180&amp;output-quality=80&amp;output-format=webp,https://gadgets.ndtv.com/xiaomi-redmi-note-4-3713,43
200,"Xiaomi Redmi Note 4 (4GB RAM, 64GB) - Dark Grey",Xiaomi,Redmi Note 4,Mobiles,11500,https://drop.ndtv.com/TECH/product_database/images/xiaomi_redmi_note_4_black_3713_480X960_120201770227PM.jpg?downsize=*:180&amp;output-quality=80&amp;output-format=webp,https://gadgets.ndtv.com/xiaomi-redmi-note-4-3713,10
201,"OnePlus 7 Pro (12GB RAM, 256GB) - Nebula Blue",OnePlus,7 Pro,Mobiles,48999,https://i.gadgets360cdn.com/products/large/1556971214_635_oneplus_7_pro.jpg?downsize=*:180&amp;output-quality=80&amp;output-format=webp,https://gadgets.ndtv.com/oneplus-7-pro-13029,14
202,"Redmi Note 5 (3GB RAM, 32GB) - Rose Gold",Xiaomi,Redmi Note 5,Mobiles,9490,https://i.gadgets360cdn.com/products/large/1518591172_635_xiaomi_redmi_note_5_141818_121801_6078.jpg?downsize=*:180&amp;output-quality=80&amp;output-format=webp,https://gadgets.ndtv.com/redmi-note-5-4256,44
203,"Samsung Galaxy S10 Lite (8GB RAM, 128GB) - Prism White",Samsung,Galaxy S10 Lite,Mobiles,37499,https://i.gadgets360cdn.com/products/large/galaxy-s10-lite-db-394x800-1578071123.jpg?downsize=*:180&amp;output-quality=80&amp;output-format=webp,https://gadgets.ndtv.com/samsung-galaxy-s10-lite-price-in-india-91397,37
204,"Samsung Galaxy S10 Lite (8GB RAM, 128GB) - Prism Blue",Samsung,Galaxy S10 Lite,Mobiles,40999,https://i.gadgets360cdn.com/products/large/galaxy-s10-lite-db-394x800-1578071123.jpg?downsize=*:180&amp;output-quality=80&amp;output-format=webp,https://gadgets.ndtv.com/samsung-galaxy-s10-lite-price-in-india-91397,24
205,"Redmi Note 5 (4GB RAM, 64GB) - Rose Gold",Xiaomi,Redmi Note 5,Mobiles,8490,https://i.gadgets360cdn.com/products/large/1518591172_635_xiaomi_redmi_note_5_141818_121801_6078.jpg?downsize=*:180&amp;output-quality=80&amp;output-format=webp,https://gadgets.ndtv.com/redmi-note-5-4256,47
206,"Samsung Galaxy S10 Lite (8GB RAM, 512GB) - Prism White",Samsung,Galaxy S10 Lite,Mobiles,42900,https://i.gadgets360cdn.com/products/large/galaxy-s10-lite-db-394x800-1578071123.jpg?downsize=*:180&amp;output-quality=80&amp;output-format=webp,https://gadgets.ndtv.com/samsung-galaxy-s10-lite-price-in-india-91397,37
207,"OnePlus 8 Pro (12GB RAM, 256GB) - Onyx Black",OnePlus,8 Pro,Mobiles,59999,https://i.gadgets360cdn.com/products/large/oneplus-8-pro-375x800-1586878860.jpg?downsize=*:180&amp;output-quality=80&amp;output-format=webp,https://gadgets.ndtv.com/oneplus-8-pro-price-in-india-91433,13
208,"OnePlus 8 Pro (8GB RAM, 128GB) - Onyx Black",OnePlus,8 Pro,Mobiles,54999,https://i.gadgets360cdn.com/products/large/oneplus-8-pro-375x800-1586878860.jpg?downsize=*:180&amp;output-quality=80&amp;output-format=webp,https://gadgets.ndtv.com/oneplus-8-pro-price-in-india-91433,24
209,"OnePlus 8 Pro (12GB RAM, 256GB) - Ultramarine Blue",OnePlus,8 Pro,Mobiles,59999,https://i.gadgets360cdn.com/products/large/oneplus-8-pro-375x800-1586878860.jpg?downsize=*:180&amp;output-quality=80&amp;output-format=webp,https://gadgets.ndtv.com/oneplus-8-pro-price-in-india-91433,27
210,"Xiaomi Redmi Note 4 (4GB RAM, 64GB) - Gold",Xiaomi,Redmi Note 4,Mobiles,11390,https://drop.ndtv.com/TECH/product_database/images/xiaomi_redmi_note_4_black_3713_480X960_120201770227PM.jpg?downsize=*:180&amp;output-quality=80&amp;output-format=webp,https://gadgets.ndtv.com/xiaomi-redmi-note-4-3713,36
211,"Samsung Galaxy S10 Lite (8GB RAM, 128GB) - Prism Black",Samsung,Galaxy S10 Lite,Mobiles,37499,https://i.gadgets360cdn.com/products/large/galaxy-s10-lite-db-394x800-1578071123.jpg?downsize=*:180&amp;output-quality=80&amp;output-format=webp,https://gadgets.ndtv.com/samsung-galaxy-s10-lite-price-in-india-91397,20
212,"OnePlus 8 Pro (12GB RAM, 256GB) - Glacial Green",OnePlus,8 Pro,Mobiles,59999,https://i.gadgets360cdn.com/products/large/oneplus-8-pro-375x800-1586878860.jpg?downsize=*:180&amp;output-quality=80&amp;output-format=webp,https://gadgets.ndtv.com/oneplus-8-pro-price-in-india-91433,22
213,"OnePlus 7 Pro (8GB RAM, 256GB) - Mirror Grey",OnePlus,7 Pro,Mobiles,42999,https://i.gadgets360cdn.com/products/large/1556971214_635_oneplus_7_pro.jpg?downsize=*:180&amp;output-quality=80&amp;output-format=webp,https://gadgets.ndtv.com/oneplus-7-pro-13029,34
214,"Redmi Note 5 (4GB RAM, 64GB) - Black",Xiaomi,Redmi Note 5,Mobiles,11599,https://i.gadgets360cdn.com/products/large/1518591172_635_xiaomi_redmi_note_5_141818_121801_6078.jpg?downsize=*:180&amp;output-quality=80&amp;output-format=webp,https://gadgets.ndtv.com/redmi-note-5-4256,5
215,"Xiaomi Mi 5 (3GB RAM, 32GB) - White",Xiaomi,Mi 5,Mobiles,6899,https://drop.ndtv.com/TECH/product_database/images/xiaomi_mi5_db_ndtv_3344_480X960_47201634632PM.jpg?downsize=*:180&amp;output-quality=80&amp;output-format=webp,https://gadgets.ndtv.com/xiaomi-mi-5-3344,31
216,"Redmi Note 5 (3GB RAM, 32GB) - Black",Xiaomi,Redmi Note 5,Mobiles,8299,https://i.gadgets360cdn.com/products/large/1518591172_635_xiaomi_redmi_note_5_141818_121801_6078.jpg?downsize=*:180&amp;output-quality=80&amp;output-format=webp,https://gadgets.ndtv.com/redmi-note-5-4256,12
217,"Redmi Note 5 (4GB RAM, 64GB) - Gold",Xiaomi,Redmi Note 5,Mobiles,9999,https://i.gadgets360cdn.com/products/large/1518591172_635_xiaomi_redmi_note_5_141818_121801_6078.jpg?downsize=*:180&amp;output-quality=80&amp;output-format=webp,https://gadgets.ndtv.com/redmi-note-5-4256,44
218,"Xiaomi Redmi 4 (4GB RAM, 64GB) - Black",Xiaomi,Redmi 4,Mobiles,6199,https://drop.ndtv.com/TECH/product_database/images/xiaomi_redmi_4_3869_480X960_516201722637PM.jpg?downsize=*:180&amp;output-quality=80&amp;output-format=webp,https://gadgets.ndtv.com/xiaomi-redmi-4-3869,21
219,"Xiaomi Redmi 4 (3GB RAM, 32GB) - Gold",Xiaomi,Redmi 4,Mobiles,9499,https://drop.ndtv.com/TECH/product_database/images/xiaomi_redmi_4_3869_480X960_516201722637PM.jpg?downsize=*:180&amp;output-quality=80&amp;output-format=webp,https://gadgets.ndtv.com/xiaomi-redmi-4-3869,11
220,"Xiaomi Redmi 4 (4GB RAM, 64GB) - Gold",Xiaomi,Redmi 4,Mobiles,6499,https://drop.ndtv.com/TECH/product_database/images/xiaomi_redmi_4_3869_480X960_516201722637PM.jpg?downsize=*:180&amp;output-quality=80&amp;output-format=webp,https://gadgets.ndtv.com/xiaomi-redmi-4-3869,7
221,"Xiaomi Redmi 4 (3GB RAM, 32GB) - Black",Xiaomi,Redmi 4,Mobiles,5449,https://drop.ndtv.com/TECH/product_database/images/xiaomi_redmi_4_3869_480X960_516201722637PM.jpg?downsize=*:180&amp;output-quality=80&amp;output-format=webp,https://gadgets.ndtv.com/xiaomi-redmi-4-3869,49
222,"Xiaomi Redmi 4 (2GB RAM, 16GB) - Black",Xiaomi,Redmi 4,Mobiles,4599,https://drop.ndtv.com/TECH/product_database/images/xiaomi_redmi_4_3869_480X960_516201722637PM.jpg?downsize=*:180&amp;output-quality=80&amp;output-format=webp,https://gadgets.ndtv.com/xiaomi-redmi-4-3869,17
223,"Honor 7X (4GB RAM, 32GB) - Black",Honor,7X,Mobiles,12722,https://drop.ndtv.com/TECH/product_database/images/1011201744344PM_635_huawei_honor_7x.jpeg?downsize=*:180&amp;output-quality=80&amp;output-format=webp,https://gadgets.ndtv.com/honor-7x-4449,6
224,Samsung Galaxy J7 (16GB) - Gold,Samsung,Galaxy J7,Mobiles,5299,https://cdn.gadgets360.com/content/assets/products/samsung-galaxy-j7-2720_480X960_1437982695.jpg?downsize=*:180&amp;output-quality=80&amp;output-format=webp,https://gadgets.ndtv.com/samsung-galaxy-j7-2720,39
225,"Xiaomi Redmi 4 (2GB RAM, 16GB) - Gold",Xiaomi,Redmi 4,Mobiles,4599,https://drop.ndtv.com/TECH/product_database/images/xiaomi_redmi_4_3869_480X960_516201722637PM.jpg?downsize=*:180&amp;output-quality=80&amp;output-format=webp,https://gadgets.ndtv.com/xiaomi-redmi-4-3869,30
226,Xiaomi Redmi K20 (128GB) - Pearl White,Xiaomi,Redmi K20,Mobiles,24490,https://i.gadgets360cdn.com/products/large/1559042948_635_redmi_k20.jpg?downsize=*:180&amp;output-quality=80&amp;output-format=webp,https://gadgets.ndtv.com/xiaomi-redmi-k20-price-in-india-13060,34
227,"Honor 7X (4GB RAM, 32GB) - Gold",Honor,7X,Mobiles,14585,https://drop.ndtv.com/TECH/product_database/images/1011201744344PM_635_huawei_honor_7x.jpeg?downsize=*:180&amp;output-quality=80&amp;output-format=webp,https://gadgets.ndtv.com/honor-7x-4449,40
228,"Honor 7X (4GB RAM, 64GB) - Blue",Honor,7X,Mobiles,15500,https://drop.ndtv.com/TECH/product_database/images/1011201744344PM_635_huawei_honor_7x.jpeg?downsize=*:180&amp;output-quality=80&amp;output-format=webp,https://gadgets.ndtv.com/honor-7x-4449,49
229,"Honor 7X (4GB RAM, 64GB) - Gold",Honor,7X,Mobiles,15500,https://drop.ndtv.com/TECH/product_database/images/1011201744344PM_635_huawei_honor_7x.jpeg?downsize=*:180&amp;output-quality=80&amp;output-format=webp,https://gadgets.ndtv.com/honor-7x-4449,26
230,"Honor 7X (4GB RAM, 32GB) - Red",Honor,7X,Mobiles,14500,https://drop.ndtv.com/TECH/product_database/images/1011201744344PM_635_huawei_honor_7x.jpeg?downsize=*:180&amp;output-quality=80&amp;output-format=webp,https://gadgets.ndtv.com/honor-7x-4449,46
231,"Xiaomi Redmi Note 4 (4GB RAM, 64GB) - Lake Blue",Xiaomi,Redmi Note 4,Mobiles,8199,https://drop.ndtv.com/TECH/product_database/images/xiaomi_redmi_note_4_black_3713_480X960_120201770227PM.jpg?downsize=*:180&amp;output-quality=80&amp;output-format=webp,https://gadgets.ndtv.com/xiaomi-redmi-note-4-3713,43
232,"Redmi Note 5 (3GB RAM, 32GB) - Gold",Xiaomi,Redmi Note 5,Mobiles,10990,https://i.gadgets360cdn.com/products/large/1518591172_635_xiaomi_redmi_note_5_141818_121801_6078.jpg?downsize=*:180&amp;output-quality=80&amp;output-format=webp,https://gadgets.ndtv.com/redmi-note-5-4256,46
233,Samsung Galaxy J7 (16GB) - Black,Samsung,Galaxy J7,Mobiles,4599,https://cdn.gadgets360.com/content/assets/products/samsung-galaxy-j7-2720_480X960_1437982695.jpg?downsize=*:180&amp;output-quality=80&amp;output-format=webp,https://gadgets.ndtv.com/samsung-galaxy-j7-2720,25
234,"Xiaomi Redmi Note 4 (3GB RAM, 32GB) - Gold",Xiaomi,Redmi Note 4,Mobiles,5499,https://drop.ndtv.com/TECH/product_database/images/xiaomi_redmi_note_4_black_3713_480X960_120201770227PM.jpg?downsize=*:180&amp;output-quality=80&amp;output-format=webp,https://gadgets.ndtv.com/xiaomi-redmi-note-4-3713,40
235,"Xiaomi Mi 5 (3GB RAM, 32GB) - Black",Xiaomi,Mi 5,Mobiles,8099,https://drop.ndtv.com/TECH/product_database/images/xiaomi_mi5_db_ndtv_3344_480X960_47201634632PM.jpg?downsize=*:180&amp;output-quality=80&amp;output-format=webp,https://gadgets.ndtv.com/xiaomi-mi-5-3344,34
236,"Xiaomi Redmi Note 4 (3GB RAM, 32GB) - Black",Xiaomi,Redmi Note 4,Mobiles,5249,https://drop.ndtv.com/TECH/product_database/images/xiaomi_redmi_note_4_black_3713_480X960_120201770227PM.jpg?downsize=*:180&amp;output-quality=80&amp;output-format=webp,https://gadgets.ndtv.com/xiaomi-redmi-note-4-3713,11
237,"Xiaomi Redmi Note 4 (4GB RAM, 64GB) - Black",Xiaomi,Redmi Note 4,Mobiles,10850,https://drop.ndtv.com/TECH/product_database/images/xiaomi_redmi_note_4_black_3713_480X960_120201770227PM.jpg?downsize=*:180&amp;output-quality=80&amp;output-format=webp,https://gadgets.ndtv.com/xiaomi-redmi-note-4-3713,26
238,"OnePlus 8 Pro (8GB RAM, 128GB) - Glacial Green",OnePlus,8 Pro,Mobiles,54999,https://i.gadgets360cdn.com/products/large/oneplus-8-pro-375x800-1586878860.jpg?downsize=*:180&amp;output-quality=80&amp;output-format=webp,https://gadgets.ndtv.com/oneplus-8-pro-price-in-india-91433,26
239,"Redmi Note 5 (3GB RAM, 32GB) - Blue",Xiaomi,Redmi Note 5,Mobiles,10999,https://i.gadgets360cdn.com/products/large/1518591172_635_xiaomi_redmi_note_5_141818_121801_6078.jpg?downsize=*:180&amp;output-quality=80&amp;output-format=webp,https://gadgets.ndtv.com/redmi-note-5-4256,33
240,"Redmi Note 5 (4GB RAM, 64GB) - Blue",Xiaomi,Redmi Note 5,Mobiles,9590,https://i.gadgets360cdn.com/products/large/1518591172_635_xiaomi_redmi_note_5_141818_121801_6078.jpg?downsize=*:180&amp;output-quality=80&amp;output-format=webp,https://gadgets.ndtv.com/redmi-note-5-4256,42
241,"Realme XT (8GB RAM, 128GB) - Pearl Blue",Realme,XT,Mobiles,19890,https://i.gadgets360cdn.com/products/large/realme-xt-weibo-leak-383x800-1566972597.jpg?downsize=*:180&amp;output-quality=80&amp;output-format=webp,https://gadgets.ndtv.com/realme-xt-price-in-india-91035,39
242,"Realme XT (8GB RAM, 128GB) - Pearl White",Realme,XT,Mobiles,19999,https://i.gadgets360cdn.com/products/large/realme-xt-weibo-leak-383x800-1566972597.jpg?downsize=*:180&amp;output-quality=80&amp;output-format=webp,https://gadgets.ndtv.com/realme-xt-price-in-india-91035,46
243,"Asus 6Z (6GB RAM, 128GB) - Silver",Asus,6Z,Mobiles,30999,https://i.gadgets360cdn.com/products/large/asus-6z-389x800-1560925032.jpg?downsize=*:180&amp;output-quality=80&amp;output-format=webp,https://gadgets.ndtv.com/asus-6z-price-in-india-13116,25
244,"OnePlus 7 (8GB RAM, 256GB) - Mirror Grey",OnePlus,7,Mobiles,34999,https://i.gadgets360cdn.com/products/large/1557831009_635_OnePlus_7_Main_DB.jpg?downsize=*:180&amp;output-quality=80&amp;output-format=webp,https://gadgets.ndtv.com/oneplus-7-12235,16
245,"OnePlus 8 (12GB RAM, 256GB) - Interstellar Glow",OnePlus,8,Mobiles,44999,https://i.gadgets360cdn.com/products/large/oneplus-8-389x800-1586878836.jpg?downsize=*:180&amp;output-quality=80&amp;output-format=webp,https://gadgets.ndtv.com/oneplus-8-price-in-india-91438,38
246,"Asus 6Z (6GB RAM, 128GB) - Midnight Black",Asus,6Z,Mobiles,30999,https://i.gadgets360cdn.com/products/large/asus-6z-389x800-1560925032.jpg?downsize=*:180&amp;output-quality=80&amp;output-format=webp,https://gadgets.ndtv.com/asus-6z-price-in-india-13116,6
247,"OnePlus 8 (12GB RAM, 256GB) - Onyx Black",OnePlus,8,Mobiles,44999,https://i.gadgets360cdn.com/products/large/oneplus-8-389x800-1586878836.jpg?downsize=*:180&amp;output-quality=80&amp;output-format=webp,https://gadgets.ndtv.com/oneplus-8-price-in-india-91438,15
248,"Asus 6Z (6GB RAM, 64GB) - Matte Black",Asus,6Z,Mobiles,27999,https://i.gadgets360cdn.com/products/large/asus-6z-389x800-1560925032.jpg?downsize=*:180&amp;output-quality=80&amp;output-format=webp,https://gadgets.ndtv.com/asus-6z-price-in-india-13116,24
249,"Honor 9 Lite (4GB RAM, 64GB) - Sapphire Blue",Honor,9 Lite,Mobiles,8299,https://i.gadgets360cdn.com/products/large/1513855925_635_honor_9_lite.jpg?downsize=*:180&amp;output-quality=80&amp;output-format=webp,https://gadgets.ndtv.com/honor-9-lite-4561,12
250,"Samsung Galaxy A20s (3GB RAM, 32GB) - Green",Samsung,Galaxy A20s,Mobiles,11599,https://i.gadgets360cdn.com/products/large/samsung-galaxy-a20s-380x800-1570266267.jpg?downsize=*:180&amp;output-quality=80&amp;output-format=webp,https://gadgets.ndtv.com/samsung-galaxy-a20s-price-in-india-91108,29
251,"Samsung Galaxy A20s (4GB RAM, 64GB) - Black",Samsung,Galaxy A20s,Mobiles,14900,https://i.gadgets360cdn.com/products/large/samsung-galaxy-a20s-380x800-1570266267.jpg?downsize=*:180&amp;output-quality=80&amp;output-format=webp,https://gadgets.ndtv.com/samsung-galaxy-a20s-price-in-india-91108,40
252,"Oppo A71 (3GB RAM, 16GB) - Black",Oppo,A71,Mobiles,9940,https://drop.ndtv.com/TECH/product_database/images/95201753201PM_635_oppo_a71.jpeg?downsize=*:180&amp;output-quality=80&amp;output-format=webp,https://gadgets.ndtv.com/oppo-a71-4386,24
253,"Samsung Galaxy A20s (3GB RAM, 32GB) - Blue",Samsung,Galaxy A20s,Mobiles,12900,https://i.gadgets360cdn.com/products/large/samsung-galaxy-a20s-380x800-1570266267.jpg?downsize=*:180&amp;output-quality=80&amp;output-format=webp,https://gadgets.ndtv.com/samsung-galaxy-a20s-price-in-india-91108,15
254,"Realme U1 (3GB RAM, 64GB) - Fiery Gold",Realme,U1,Mobiles,9999,https://i.gadgets360cdn.com/products/large/1543386346_635_realme_u1_db.jpg?downsize=*:180&amp;output-quality=80&amp;output-format=webp,https://gadgets.ndtv.com/realme-u1-5746,8
255,"OnePlus 7 (8GB RAM, 256GB) - Red",OnePlus,7,Mobiles,34999,https://i.gadgets360cdn.com/products/large/1557831009_635_OnePlus_7_Main_DB.jpg?downsize=*:180&amp;output-quality=80&amp;output-format=webp,https://gadgets.ndtv.com/oneplus-7-12235,22
256,"Samsung Galaxy M40 (6GB RAM, 128GB) - Cocktail Orange",Samsung,Galaxy M40,Mobiles,19990,https://i.gadgets360cdn.com/products/large/samsung-galaxy-m40-380x800-1560921995.jpg?downsize=*:180&amp;output-quality=80&amp;output-format=webp,https://gadgets.ndtv.com/samsung-galaxy-m40-price-in-india-13103,45
257,"Honor 9 Lite (3GB RAM, 32GB) - Glacier Grey",Honor,9 Lite,Mobiles,8499,https://i.gadgets360cdn.com/products/large/1513855925_635_honor_9_lite.jpg?downsize=*:180&amp;output-quality=80&amp;output-format=webp,https://gadgets.ndtv.com/honor-9-lite-4561,20
258,"Redmi 5 (2GB RAM, 16GB) - Lake Blue",Xiaomi,Redmi 5,Mobiles,8499,https://i.gadgets360cdn.com/products/large/1512634753_635_xiaomi_redmi_5.jpg?downsize=*:180&amp;output-quality=80&amp;output-format=webp,https://gadgets.ndtv.com/redmi-5-4257,41
259,"Redmi 5 (2GB RAM, 16GB) - Rose Gold",Xiaomi,Redmi 5,Mobiles,8499,https://i.gadgets360cdn.com/products/large/1512634753_635_xiaomi_redmi_5.jpg?downsize=*:180&amp;output-quality=80&amp;output-format=webp,https://gadgets.ndtv.com/redmi-5-4257,18
260,"Redmi 5 (3GB RAM, 32GB) - Gold",Xiaomi,Redmi 5,Mobiles,9000,https://i.gadgets360cdn.com/products/large/1512634753_635_xiaomi_redmi_5.jpg?downsize=*:180&amp;output-quality=80&amp;output-format=webp,https://gadgets.ndtv.com/redmi-5-4257,35
261,"Realme XT (4GB RAM, 64GB) - Pearl White",Realme,XT,Mobiles,16820,https://i.gadgets360cdn.com/products/large/realme-xt-weibo-leak-383x800-1566972597.jpg?downsize=*:180&amp;output-quality=80&amp;output-format=webp,https://gadgets.ndtv.com/realme-xt-price-in-india-91035,16
262,Samsung Galaxy J7 Prime (32GB) - Black,Samsung,Galaxy J7 Prime,Mobiles,6799,https://drop.ndtv.com/TECH/product_database/images/912016120416PM_635_samsung_galaxy_j7_prime.jpeg?downsize=*:180&amp;output-quality=80&amp;output-format=webp,https://gadgets.ndtv.com/samsung-galaxy-j7-prime-3735,10
263,"OnePlus 8 (8GB RAM, 128GB) - Glacial Green",OnePlus,8,Mobiles,41999,https://i.gadgets360cdn.com/products/large/oneplus-8-389x800-1586878836.jpg?downsize=*:180&amp;output-quality=80&amp;output-format=webp,https://gadgets.ndtv.com/oneplus-8-price-in-india-91438,40
264,"Redmi 5 (3GB RAM, 32GB) - Black",Xiaomi,Redmi 5,Mobiles,9999,https://i.gadgets360cdn.com/products/large/1512634753_635_xiaomi_redmi_5.jpg?downsize=*:180&amp;output-quality=80&amp;output-format=webp,https://gadgets.ndtv.com/redmi-5-4257,6
265,"Oppo A71 (3GB RAM, 16GB) - Gold",Oppo,A71,Mobiles,12500,https://drop.ndtv.com/TECH/product_database/images/95201753201PM_635_oppo_a71.jpeg?downsize=*:180&amp;output-quality=80&amp;output-format=webp,https://gadgets.ndtv.com/oppo-a71-4386,10
266,"Asus 6Z (8GB RAM, 256GB) - Midnight Black",Asus,6Z,Mobiles,34999,https://i.gadgets360cdn.com/products/large/asus-6z-389x800-1560925032.jpg?downsize=*:180&amp;output-quality=80&amp;output-format=webp,https://gadgets.ndtv.com/asus-6z-price-in-india-13116,16
267,"Xiaomi Mi 10 (8GB RAM, 128GB) - Twilight Grey",Xiaomi,Mi 10,Mobiles,44999,https://i.gadgets360cdn.com/products/large/mi10-db-375x800-1581585015.jpg?downsize=*:180&amp;output-quality=80&amp;output-format=webp,https://gadgets.ndtv.com/xiaomi-mi-10-price-in-india-91386,37
268,"Xiaomi Mi 10 (8GB RAM, 256GB) - Twilight Grey",Xiaomi,Mi 10,Mobiles,54999,https://i.gadgets360cdn.com/products/large/mi10-db-375x800-1581585015.jpg?downsize=*:180&amp;output-quality=80&amp;output-format=webp,https://gadgets.ndtv.com/xiaomi-mi-10-price-in-india-91386,28
269,"Asus 6Z (8GB RAM, 256GB) - Matte Black",Asus,6Z,Mobiles,34999,https://i.gadgets360cdn.com/products/large/asus-6z-389x800-1560925032.jpg?downsize=*:180&amp;output-quality=80&amp;output-format=webp,https://gadgets.ndtv.com/asus-6z-price-in-india-13116,36
270,"Asus 6Z (8GB RAM, 256GB) - Silver",Asus,6Z,Mobiles,34999,https://i.gadgets360cdn.com/products/large/asus-6z-389x800-1560925032.jpg?downsize=*:180&amp;output-quality=80&amp;output-format=webp,https://gadgets.ndtv.com/asus-6z-price-in-india-13116,37
271,"Xiaomi Mi 10 (8GB RAM, 256GB) - Coral Green",Xiaomi,Mi 10,Mobiles,49999,https://i.gadgets360cdn.com/products/large/mi10-db-375x800-1581585015.jpg?downsize=*:180&amp;output-quality=80&amp;output-format=webp,https://gadgets.ndtv.com/xiaomi-mi-10-price-in-india-91386,16
272,"Xiaomi Mi 10 (8GB RAM, 128GB) - Coral Green",Xiaomi,Mi 10,Mobiles,44999,https://i.gadgets360cdn.com/products/large/mi10-db-375x800-1581585015.jpg?downsize=*:180&amp;output-quality=80&amp;output-format=webp,https://gadgets.ndtv.com/xiaomi-mi-10-price-in-india-91386,21
273,"Samsung Galaxy A20s (4GB RAM, 64GB) - Green",Samsung,Galaxy A20s,Mobiles,13695,https://i.gadgets360cdn.com/products/large/samsung-galaxy-a20s-380x800-1570266267.jpg?downsize=*:180&amp;output-quality=80&amp;output-format=webp,https://gadgets.ndtv.com/samsung-galaxy-a20s-price-in-india-91108,49
274,"Asus 6Z (6GB RAM, 128GB) - Matte Black",Asus,6Z,Mobiles,30999,https://i.gadgets360cdn.com/products/large/asus-6z-389x800-1560925032.jpg?downsize=*:180&amp;output-quality=80&amp;output-format=webp,https://gadgets.ndtv.com/asus-6z-price-in-india-13116,25
275,"Realme XT (4GB RAM, 64GB) - Pearl Blue",Realme,XT,Mobiles,15900,https://i.gadgets360cdn.com/products/large/realme-xt-weibo-leak-383x800-1566972597.jpg?downsize=*:180&amp;output-quality=80&amp;output-format=webp,https://gadgets.ndtv.com/realme-xt-price-in-india-91035,34
276,"Samsung Galaxy A20s (4GB RAM, 64GB) - Blue",Samsung,Galaxy A20s,Mobiles,13695,https://i.gadgets360cdn.com/products/large/samsung-galaxy-a20s-380x800-1570266267.jpg?downsize=*:180&amp;output-quality=80&amp;output-format=webp,https://gadgets.ndtv.com/samsung-galaxy-a20s-price-in-india-91108,16
277,"Honor 9X (6GB RAM, 128GB) - Sapphire Blue",Honor,9X,Mobiles,16999,https://i.gadgets360cdn.com/products/large/honor9x-501x800-1563874344.jpg?downsize=*:180&amp;output-quality=80&amp;output-format=webp,https://gadgets.ndtv.com/honor-9x-price-in-india-13172,42
278,"Realme XT (6GB RAM, 64GB) - Pearl White",Realme,XT,Mobiles,15999,https://i.gadgets360cdn.com/products/large/realme-xt-weibo-leak-383x800-1566972597.jpg?downsize=*:180&amp;output-quality=80&amp;output-format=webp,https://gadgets.ndtv.com/realme-xt-price-in-india-91035,43
279,"Samsung Galaxy A20s (3GB RAM, 32GB) - Black",Samsung,Galaxy A20s,Mobiles,11599,https://i.gadgets360cdn.com/products/large/samsung-galaxy-a20s-380x800-1570266267.jpg?downsize=*:180&amp;output-quality=80&amp;output-format=webp,https://gadgets.ndtv.com/samsung-galaxy-a20s-price-in-india-91108,21
280,"Honor 9X (6GB RAM, 128GB) - Midnight Black",Honor,9X,Mobiles,17490,https://i.gadgets360cdn.com/products/large/honor9x-501x800-1563874344.jpg?downsize=*:180&amp;output-quality=80&amp;output-format=webp,https://gadgets.ndtv.com/honor-9x-price-in-india-13172,31
281,"Honor 9X (4GB RAM, 128GB) - Midnight Black",Honor,9X,Mobiles,13999,https://i.gadgets360cdn.com/products/large/honor9x-501x800-1563874344.jpg?downsize=*:180&amp;output-quality=80&amp;output-format=webp,https://gadgets.ndtv.com/honor-9x-price-in-india-13172,15
282,"Honor 9X (4GB RAM, 128GB) - Sapphire Blue",Honor,9X,Mobiles,13999,https://i.gadgets360cdn.com/products/large/honor9x-501x800-1563874344.jpg?downsize=*:180&amp;output-quality=80&amp;output-format=webp,https://gadgets.ndtv.com/honor-9x-price-in-india-13172,26
283,Samsung Galaxy J7 Prime (16GB) - Black,Samsung,Galaxy J7 Prime,Mobiles,18328,https://drop.ndtv.com/TECH/product_database/images/912016120416PM_635_samsung_galaxy_j7_prime.jpeg?downsize=*:180&amp;output-quality=80&amp;output-format=webp,https://gadgets.ndtv.com/samsung-galaxy-j7-prime-3735,27
284,"OnePlus 8 (6GB RAM, 128GB) - Glacial Green",OnePlus,8,Mobiles,39999,https://i.gadgets360cdn.com/products/large/oneplus-8-389x800-1586878836.jpg?downsize=*:180&amp;output-quality=80&amp;output-format=webp,https://gadgets.ndtv.com/oneplus-8-price-in-india-91438,44
285,Samsung Galaxy J7 Prime (16GB) - Gold,Samsung,Galaxy J7 Prime,Mobiles,3999,https://drop.ndtv.com/TECH/product_database/images/912016120416PM_635_samsung_galaxy_j7_prime.jpeg?downsize=*:180&amp;output-quality=80&amp;output-format=webp,https://gadgets.ndtv.com/samsung-galaxy-j7-prime-3735,36
286,Samsung Galaxy J7 Prime (32GB) - Gold,Samsung,Galaxy J7 Prime,Mobiles,6699,https://drop.ndtv.com/TECH/product_database/images/912016120416PM_635_samsung_galaxy_j7_prime.jpeg?downsize=*:180&amp;output-quality=80&amp;output-format=webp,https://gadgets.ndtv.com/samsung-galaxy-j7-prime-3735,23
287,"OnePlus 8 (8GB RAM, 128GB) - Onyx Black",OnePlus,8,Mobiles,41999,https://i.gadgets360cdn.com/products/large/oneplus-8-389x800-1586878836.jpg?downsize=*:180&amp;output-quality=80&amp;output-format=webp,https://gadgets.ndtv.com/oneplus-8-price-in-india-91438,22
288,"OnePlus 8 (12GB RAM, 256GB) - Glacial Green",OnePlus,8,Mobiles,44999,https://i.gadgets360cdn.com/products/large/oneplus-8-389x800-1586878836.jpg?downsize=*:180&amp;output-quality=80&amp;output-format=webp,https://gadgets.ndtv.com/oneplus-8-price-in-india-91438,9
289,"Redmi 5 (2GB RAM, 16GB) - Black",Xiaomi,Redmi 5,Mobiles,6999,https://i.gadgets360cdn.com/products/large/1512634753_635_xiaomi_redmi_5.jpg?downsize=*:180&amp;output-quality=80&amp;output-format=webp,https://gadgets.ndtv.com/redmi-5-4257,16
290,"Samsung Galaxy M40 (6GB RAM, 128GB) - Seawater Blue",Samsung,Galaxy M40,Mobiles,16500,https://i.gadgets360cdn.com/products/large/samsung-galaxy-m40-380x800-1560921995.jpg?downsize=*:180&amp;output-quality=80&amp;output-format=webp,https://gadgets.ndtv.com/samsung-galaxy-m40-price-in-india-13103,34
291,"Redmi 5 (3GB RAM, 32GB) - Rose Gold",Xiaomi,Redmi 5,Mobiles,7999,https://i.gadgets360cdn.com/products/large/1512634753_635_xiaomi_redmi_5.jpg?downsize=*:180&amp;output-quality=80&amp;output-format=webp,https://gadgets.ndtv.com/redmi-5-4257,49
292,"Oppo F7 (6GB RAM, 128GB) - Diamond Black",Oppo,F7,Mobiles,27990,https://i.gadgets360cdn.com/products/large/1521617900_635_oppo_f7.jpg?downsize=*:180&amp;output-quality=80&amp;output-format=webp,https://gadgets.ndtv.com/oppo-f7-4679,18
293,"Redmi 5 (3GB RAM, 32GB) - Lake Blue",Xiaomi,Redmi 5,Mobiles,7698,https://i.gadgets360cdn.com/products/large/1512634753_635_xiaomi_redmi_5.jpg?downsize=*:180&amp;output-quality=80&amp;output-format=webp,https://gadgets.ndtv.com/redmi-5-4257,15
294,"LG G7+ ThinQ (6GB RAM, 128GB) - Aurora Black",LG,G7+ ThinQ,Mobiles,27000,https://i.gadgets360cdn.com/products/large/1525271128_635_lg_g7_plus_thinq.jpg?downsize=*:180&amp;output-quality=80&amp;output-format=webp,https://gadgets.ndtv.com/lg-g7-thinq-5441,48
295,"Oppo F7 (4GB RAM, 64GB) - Moonlight Silver",Oppo,F7,Mobiles,22990,https://i.gadgets360cdn.com/products/large/1521617900_635_oppo_f7.jpg?downsize=*:180&amp;output-quality=80&amp;output-format=webp,https://gadgets.ndtv.com/oppo-f7-4679,35
296,"Oppo F7 (4GB RAM, 64GB) - Diamond Black",Oppo,F7,Mobiles,22990,https://i.gadgets360cdn.com/products/large/1521617900_635_oppo_f7.jpg?downsize=*:180&amp;output-quality=80&amp;output-format=webp,https://gadgets.ndtv.com/oppo-f7-4679,11
297,"LG G7+ ThinQ (6GB RAM, 128GB) - Platinum",LG,G7+ ThinQ,Mobiles,29999,https://i.gadgets360cdn.com/products/large/1525271128_635_lg_g7_plus_thinq.jpg?downsize=*:180&amp;output-quality=80&amp;output-format=webp,https://gadgets.ndtv.com/lg-g7-thinq-5441,9
298,"Redmi 8 (4GB RAM, 64GB) - Ruby Red",Xiaomi,Redmi 8,Mobiles,10990,https://i.gadgets360cdn.com/products/large/redmi-8-380x800-1570603916.jpg?downsize=*:180&amp;output-quality=80&amp;output-format=webp,https://gadgets.ndtv.com/redmi-8-price-in-india-91006,50
299,"Redmi 8 (4GB RAM, 64GB) - Onyx Black",Xiaomi,Redmi 8,Mobiles,10890,https://i.gadgets360cdn.com/products/large/redmi-8-380x800-1570603916.jpg?downsize=*:180&amp;output-quality=80&amp;output-format=webp,https://gadgets.ndtv.com/redmi-8-price-in-india-91006,50
300,"LG G7+ ThinQ (6GB RAM, 128GB) - Black",LG,G7+ ThinQ,Mobiles,39999,https://i.gadgets360cdn.com/products/large/1525271128_635_lg_g7_plus_thinq.jpg?downsize=*:180&amp;output-quality=80&amp;output-format=webp,https://gadgets.ndtv.com/lg-g7-thinq-5441,8
301,"LG G7+ ThinQ (6GB RAM, 128GB) - Blue",LG,G7+ ThinQ,Mobiles,39999,https://i.gadgets360cdn.com/products/large/1525271128_635_lg_g7_plus_thinq.jpg?downsize=*:180&amp;output-quality=80&amp;output-format=webp,https://gadgets.ndtv.com/lg-g7-thinq-5441,9
302,"Asus 6Z (6GB RAM, 64GB) - Black",Asus,6Z,Mobiles,27999,https://i.gadgets360cdn.com/products/large/asus-6z-389x800-1560925032.jpg?downsize=*:180&amp;output-quality=80&amp;output-format=webp,https://gadgets.ndtv.com/asus-6z-price-in-india-13116,49
303,"Oppo F7 (4GB RAM, 64GB) - Solar Red",Oppo,F7,Mobiles,19450,https://i.gadgets360cdn.com/products/large/1521617900_635_oppo_f7.jpg?downsize=*:180&amp;output-quality=80&amp;output-format=webp,https://gadgets.ndtv.com/oppo-f7-4679,42
304,"Oppo F1s (4GB RAM, 64GB) - Rose Gold",Oppo,F1s,Mobiles,6399,https://drop.ndtv.com/TECH/product_database/images/832016120148PM_635_oppo_f1s.jpeg?downsize=*:180&amp;output-quality=80&amp;output-format=webp,https://gadgets.ndtv.com/oppo-f1s-3678,14
305,"Samsung Galaxy J7 Max (4GB RAM, 32GB) - Gold",Samsung,Galaxy J7 Max,Mobiles,14900,https://drop.ndtv.com/TECH/product_database/images/614201714703PM_635_j7max-db.jpeg?downsize=*:180&amp;output-quality=80&amp;output-format=webp,https://gadgets.ndtv.com/samsung-galaxy-j7-max-4216,44
306,"Samsung Galaxy J7 Max (4GB RAM, 32GB) - Black",Samsung,Galaxy J7 Max,Mobiles,7599,https://drop.ndtv.com/TECH/product_database/images/614201714703PM_635_j7max-db.jpeg?downsize=*:180&amp;output-quality=80&amp;output-format=webp,https://gadgets.ndtv.com/samsung-galaxy-j7-max-4216,23
307,"Oppo F1s (3GB RAM, 32GB) - Gold",Oppo,F1s,Mobiles,5999,https://drop.ndtv.com/TECH/product_database/images/832016120148PM_635_oppo_f1s.jpeg?downsize=*:180&amp;output-quality=80&amp;output-format=webp,https://gadgets.ndtv.com/oppo-f1s-3678,44
308,"Oppo F1s (4GB RAM, 64GB) - Grey",Oppo,F1s,Mobiles,6999,https://drop.ndtv.com/TECH/product_database/images/832016120148PM_635_oppo_f1s.jpeg?downsize=*:180&amp;output-quality=80&amp;output-format=webp,https://gadgets.ndtv.com/oppo-f1s-3678,21
309,"Oppo F1s (4GB RAM, 64GB) - Gold",Oppo,F1s,Mobiles,6999,https://drop.ndtv.com/TECH/product_database/images/832016120148PM_635_oppo_f1s.jpeg?downsize=*:180&amp;output-quality=80&amp;output-format=webp,https://gadgets.ndtv.com/oppo-f1s-3678,22
310,"Honor 9 Lite (4GB RAM, 64GB) - Glacier Grey",Honor,9 Lite,Mobiles,13990,https://i.gadgets360cdn.com/products/large/1513855925_635_honor_9_lite.jpg?downsize=*:180&amp;output-quality=80&amp;output-format=webp,https://gadgets.ndtv.com/honor-9-lite-4561,33
311,"Honor 9 Lite (4GB RAM, 64GB) - Midnight Black",Honor,9 Lite,Mobiles,8999,https://i.gadgets360cdn.com/products/large/1513855925_635_honor_9_lite.jpg?downsize=*:180&amp;output-quality=80&amp;output-format=webp,https://gadgets.ndtv.com/honor-9-lite-4561,8
312,"Oppo F1s (3GB RAM, 32GB) - Grey",Oppo,F1s,Mobiles,6199,https://drop.ndtv.com/TECH/product_database/images/832016120148PM_635_oppo_f1s.jpeg?downsize=*:180&amp;output-quality=80&amp;output-format=webp,https://gadgets.ndtv.com/oppo-f1s-3678,27
313,"Honor 9 Lite (3GB RAM, 32GB) - Midnight Black",Honor,9 Lite,Mobiles,7499,https://i.gadgets360cdn.com/products/large/1513855925_635_honor_9_lite.jpg?downsize=*:180&amp;output-quality=80&amp;output-format=webp,https://gadgets.ndtv.com/honor-9-lite-4561,39
314,"Honor 9 Lite (3GB RAM, 32GB) - Sapphire Blue",Honor,9 Lite,Mobiles,12999,https://i.gadgets360cdn.com/products/large/1513855925_635_honor_9_lite.jpg?downsize=*:180&amp;output-quality=80&amp;output-format=webp,https://gadgets.ndtv.com/honor-9-lite-4561,29
315,"OnePlus 7 (6GB RAM, 128GB) - Mirror Blue",OnePlus,7,Mobiles,29999,https://i.gadgets360cdn.com/products/large/1557831009_635_OnePlus_7_Main_DB.jpg?downsize=*:180&amp;output-quality=80&amp;output-format=webp,https://gadgets.ndtv.com/oneplus-7-12235,21
316,"Oppo F7 (6GB RAM, 128GB) - Solar Red",Oppo,F7,Mobiles,27990,https://i.gadgets360cdn.com/products/large/1521617900_635_oppo_f7.jpg?downsize=*:180&amp;output-quality=80&amp;output-format=webp,https://gadgets.ndtv.com/oppo-f7-4679,30
317,"Realme U1 (4GB RAM, 64GB) - Fiery Gold",Realme,U1,Mobiles,10399,https://i.gadgets360cdn.com/products/large/1543386346_635_realme_u1_db.jpg?downsize=*:180&amp;output-quality=80&amp;output-format=webp,https://gadgets.ndtv.com/realme-u1-5746,38
318,"Realme U1 (3GB RAM, 32GB) - Ambitious Black",Realme,U1,Mobiles,8285,https://i.gadgets360cdn.com/products/large/1543386346_635_realme_u1_db.jpg?downsize=*:180&amp;output-quality=80&amp;output-format=webp,https://gadgets.ndtv.com/realme-u1-5746,36
319,"Redmi 8 (4GB RAM, 64GB) - Sapphire Blue",Xiaomi,Redmi 8,Mobiles,10999,https://i.gadgets360cdn.com/products/large/redmi-8-380x800-1570603916.jpg?downsize=*:180&amp;output-quality=80&amp;output-format=webp,https://gadgets.ndtv.com/redmi-8-price-in-india-91006,50
320,"Realme U1 (3GB RAM, 32GB) - Brave Blue",Realme,U1,Mobiles,8999,https://i.gadgets360cdn.com/products/large/1543386346_635_realme_u1_db.jpg?downsize=*:180&amp;output-quality=80&amp;output-format=webp,https://gadgets.ndtv.com/realme-u1-5746,13
321,"Realme U1 (3GB RAM, 64GB) - Ambitious Black",Realme,U1,Mobiles,9999,https://i.gadgets360cdn.com/products/large/1543386346_635_realme_u1_db.jpg?downsize=*:180&amp;output-quality=80&amp;output-format=webp,https://gadgets.ndtv.com/realme-u1-5746,36
322,"Realme U1 (3GB RAM, 32GB) - Fiery Gold",Realme,U1,Mobiles,8490,https://i.gadgets360cdn.com/products/large/1543386346_635_realme_u1_db.jpg?downsize=*:180&amp;output-quality=80&amp;output-format=webp,https://gadgets.ndtv.com/realme-u1-5746,49
323,"Realme U1 (4GB RAM, 64GB) - Ambitious Black",Realme,U1,Mobiles,9999,https://i.gadgets360cdn.com/products/large/1543386346_635_realme_u1_db.jpg?downsize=*:180&amp;output-quality=80&amp;output-format=webp,https://gadgets.ndtv.com/realme-u1-5746,26
324,"Redmi 8 (4GB RAM, 64GB) - Emerald Green",Xiaomi,Redmi 8,Mobiles,10999,https://i.gadgets360cdn.com/products/large/redmi-8-380x800-1570603916.jpg?downsize=*:180&amp;output-quality=80&amp;output-format=webp,https://gadgets.ndtv.com/redmi-8-price-in-india-91006,27
325,"Samsung Galaxy M40 (6GB RAM, 128GB) - Midnight Blue",Samsung,Galaxy M40,Mobiles,16173,https://i.gadgets360cdn.com/products/large/samsung-galaxy-m40-380x800-1560921995.jpg?downsize=*:180&amp;output-quality=80&amp;output-format=webp,https://gadgets.ndtv.com/samsung-galaxy-m40-price-in-india-13103,6
326,"Redmi 5 (4GB RAM, 64GB) - Gold",Xiaomi,Redmi 5,Mobiles,8980,https://i.gadgets360cdn.com/products/large/1512634753_635_xiaomi_redmi_5.jpg?downsize=*:180&amp;output-quality=80&amp;output-format=webp,https://gadgets.ndtv.com/redmi-5-4257,27
327,"Redmi 5 (4GB RAM, 64GB) - Rose Gold",Xiaomi,Redmi 5,Mobiles,8490,https://i.gadgets360cdn.com/products/large/1512634753_635_xiaomi_redmi_5.jpg?downsize=*:180&amp;output-quality=80&amp;output-format=webp,https://gadgets.ndtv.com/redmi-5-4257,7
328,"Redmi 5 (4GB RAM, 64GB) - Blue",Xiaomi,Redmi 5,Mobiles,8299,https://i.gadgets360cdn.com/products/large/1512634753_635_xiaomi_redmi_5.jpg?downsize=*:180&amp;output-quality=80&amp;output-format=webp,https://gadgets.ndtv.com/redmi-5-4257,7
329,"Asus 6Z (6GB RAM, 64GB) - Twilight Silver",Asus,6Z,Mobiles,27999,https://i.gadgets360cdn.com/products/large/asus-6z-389x800-1560925032.jpg?downsize=*:180&amp;output-quality=80&amp;output-format=webp,https://gadgets.ndtv.com/asus-6z-price-in-india-13116,50
330,"Realme U1 (4GB RAM, 64GB) - Brave Blue",Realme,U1,Mobiles,9999,https://i.gadgets360cdn.com/products/large/1543386346_635_realme_u1_db.jpg?downsize=*:180&amp;output-quality=80&amp;output-format=webp,https://gadgets.ndtv.com/realme-u1-5746,23
331,"Realme U1 (3GB RAM, 64GB) - Brave Blue",Realme,U1,Mobiles,8999,https://i.gadgets360cdn.com/products/large/1543386346_635_realme_u1_db.jpg?downsize=*:180&amp;output-quality=80&amp;output-format=webp,https://gadgets.ndtv.com/realme-u1-5746,33
332,Samsung Galaxy S9+ (128GB) - Sunrise Gold,Samsung,Galaxy S9+,Mobiles,49900,https://i.gadgets360cdn.com/products/large/1519585112_635_samsung_galaxy_s9_plus_grey.jpg?downsize=*:180&amp;output-quality=80&amp;output-format=webp,https://gadgets.ndtv.com/samsung-galaxy-s9-plus-4570,19
333,"Samsung Galaxy S5 (2GB RAM, 16GB) - Electric Blue",Samsung,Galaxy S5,Mobiles,21999,https://drop.ndtv.com/TECH/product_database/images/2252014124325AM_635_samsung_galaxy_s5.jpeg?downsize=*:180&amp;output-quality=80&amp;output-format=webp,https://gadgets.ndtv.com/samsung-galaxy-s5-1323,46
334,Apple iPhone 8 (64GB) - Gold,Apple,iPhone 8,Mobiles,39900,https://drop.ndtv.com/TECH/product_database/images/913201715733AM_635_iphone_8.jpeg?downsize=*:180&amp;output-quality=80&amp;output-format=webp,https://gadgets.ndtv.com/apple-iphone-8-4260,27
335,Samsung Galaxy S9+ (64GB) - Burgundy Red,Samsung,Galaxy S9+,Mobiles,37990,https://i.gadgets360cdn.com/products/large/1519585112_635_samsung_galaxy_s9_plus_grey.jpg?downsize=*:180&amp;output-quality=80&amp;output-format=webp,https://gadgets.ndtv.com/samsung-galaxy-s9-plus-4570,50
336,Samsung Galaxy S9+ (128GB) - Lilac Purple,Samsung,Galaxy S9+,Mobiles,38000,https://i.gadgets360cdn.com/products/large/1519585112_635_samsung_galaxy_s9_plus_grey.jpg?downsize=*:180&amp;output-quality=80&amp;output-format=webp,https://gadgets.ndtv.com/samsung-galaxy-s9-plus-4570,48
337,Apple iPhone 8 (256GB) - Silver,Apple,iPhone 8,Mobiles,77000,https://drop.ndtv.com/TECH/product_database/images/913201715733AM_635_iphone_8.jpeg?downsize=*:180&amp;output-quality=80&amp;output-format=webp,https://gadgets.ndtv.com/apple-iphone-8-4260,29
338,LG V40 ThinQ (128GB) - Blue,LG,V40 ThinQ,Mobiles,33999,https://i.gadgets360cdn.com/products/large/1538628245_635_lg_v40_thinq.jpg?downsize=*:180&amp;output-quality=80&amp;output-format=webp,https://gadgets.ndtv.com/lg-v40-thinq-5671,45
339,OnePlus 7T (256GB) - Glacier Blue,OnePlus,7T,Mobiles,37999,https://i.gadgets360cdn.com/products/large/oneplus-7t-376x800-1569505882.jpg?downsize=*:180&amp;output-quality=80&amp;output-format=webp,https://gadgets.ndtv.com/oneplus-7t-price-in-india-91057,43
340,"Samsung Galaxy S5 (2GB RAM, 16GB) - Shimmery White",Samsung,Galaxy S5,Mobiles,5999,https://drop.ndtv.com/TECH/product_database/images/2252014124325AM_635_samsung_galaxy_s5.jpeg?downsize=*:180&amp;output-quality=80&amp;output-format=webp,https://gadgets.ndtv.com/samsung-galaxy-s5-1323,43
341,"Samsung Galaxy Fold (12GB RAM, 512GB) - Space Silver",Samsung,Galaxy Fold,Mobiles,119499,https://i.gadgets360cdn.com/products/large/1550693074_635_samsung_galaxy_fold_samsung.jpg?downsize=*:180&amp;output-quality=80&amp;output-format=webp,https://gadgets.ndtv.com/samsung-galaxy-fold-12084,14
342,Apple iPhone 8 (256GB) - Gold,Apple,iPhone 8,Mobiles,48990,https://drop.ndtv.com/TECH/product_database/images/913201715733AM_635_iphone_8.jpeg?downsize=*:180&amp;output-quality=80&amp;output-format=webp,https://gadgets.ndtv.com/apple-iphone-8-4260,35
343,Samsung Galaxy S9+ (128GB) - Coral Blue,Samsung,Galaxy S9+,Mobiles,44000,https://i.gadgets360cdn.com/products/large/1519585112_635_samsung_galaxy_s9_plus_grey.jpg?downsize=*:180&amp;output-quality=80&amp;output-format=webp,https://gadgets.ndtv.com/samsung-galaxy-s9-plus-4570,40
344,Samsung Galaxy S9+ (128GB) - Midnight Black,Samsung,Galaxy S9+,Mobiles,43990,https://i.gadgets360cdn.com/products/large/1519585112_635_samsung_galaxy_s9_plus_grey.jpg?downsize=*:180&amp;output-quality=80&amp;output-format=webp,https://gadgets.ndtv.com/samsung-galaxy-s9-plus-4570,27
345,Samsung Galaxy S9+ (256GB) - Midnight Black,Samsung,Galaxy S9+,Mobiles,61799,https://i.gadgets360cdn.com/products/large/1519585112_635_samsung_galaxy_s9_plus_grey.jpg?downsize=*:180&amp;output-quality=80&amp;output-format=webp,https://gadgets.ndtv.com/samsung-galaxy-s9-plus-4570,31
346,Samsung Galaxy S9+ (64GB) - Polaris Blue,Samsung,Galaxy S9+,Mobiles,42999,https://i.gadgets360cdn.com/products/large/1519585112_635_samsung_galaxy_s9_plus_grey.jpg?downsize=*:180&amp;output-quality=80&amp;output-format=webp,https://gadgets.ndtv.com/samsung-galaxy-s9-plus-4570,17
347,Apple iPhone 8 (64GB) - Red,Apple,iPhone 8,Mobiles,35999,https://drop.ndtv.com/TECH/product_database/images/913201715733AM_635_iphone_8.jpeg?downsize=*:180&amp;output-quality=80&amp;output-format=webp,https://gadgets.ndtv.com/apple-iphone-8-4260,9
348,Apple iPhone 8 (64GB) - Space Grey,Apple,iPhone 8,Mobiles,22998,https://drop.ndtv.com/TECH/product_database/images/913201715733AM_635_iphone_8.jpeg?downsize=*:180&amp;output-quality=80&amp;output-format=webp,https://gadgets.ndtv.com/apple-iphone-8-4260,11
349,Apple iPhone 8 (256GB) - Space Grey,Apple,iPhone 8,Mobiles,77000,https://drop.ndtv.com/TECH/product_database/images/913201715733AM_635_iphone_8.jpeg?downsize=*:180&amp;output-quality=80&amp;output-format=webp,https://gadgets.ndtv.com/apple-iphone-8-4260,36
350,LG V40 ThinQ (128GB) - Grey,LG,V40 ThinQ,Mobiles,31500,https://i.gadgets360cdn.com/products/large/1538628245_635_lg_v40_thinq.jpg?downsize=*:180&amp;output-quality=80&amp;output-format=webp,https://gadgets.ndtv.com/lg-v40-thinq-5671,38
351,Samsung Galaxy S9+ (64GB) - Midnight Black,Samsung,Galaxy S9+,Mobiles,30990,https://i.gadgets360cdn.com/products/large/1519585112_635_samsung_galaxy_s9_plus_grey.jpg?downsize=*:180&amp;output-quality=80&amp;output-format=webp,https://gadgets.ndtv.com/samsung-galaxy-s9-plus-4570,24
352,"Samsung Galaxy Fold (12GB RAM, 512GB) - Black",Samsung,Galaxy Fold,Mobiles,178000,https://i.gadgets360cdn.com/products/large/1550693074_635_samsung_galaxy_fold_samsung.jpg?downsize=*:180&amp;output-quality=80&amp;output-format=webp,https://gadgets.ndtv.com/samsung-galaxy-fold-12084,46
353,Samsung Galaxy S9+ (64GB) - Coral Blue,Samsung,Galaxy S9+,Mobiles,29990,https://i.gadgets360cdn.com/products/large/1519585112_635_samsung_galaxy_s9_plus_grey.jpg?downsize=*:180&amp;output-quality=80&amp;output-format=webp,https://gadgets.ndtv.com/samsung-galaxy-s9-plus-4570,34
354,"Samsung Galaxy S5 (2GB RAM, 16GB) - Charcoal Black",Samsung,Galaxy S5,Mobiles,21999,https://drop.ndtv.com/TECH/product_database/images/2252014124325AM_635_samsung_galaxy_s5.jpeg?downsize=*:180&amp;output-quality=80&amp;output-format=webp,https://gadgets.ndtv.com/samsung-galaxy-s5-1323,39
355,"Oppo A31 (2020) (6GB RAM, 128GB) - Mystery Black",Oppo,A31 (2020),Mobiles,11990,https://i.gadgets360cdn.com/products/large/oppo-a31-2020-updated-374x800-1581686278.jpg?downsize=*:180&amp;output-quality=80&amp;output-format=webp,https://gadgets.ndtv.com/oppo-a31-2020-price-in-india-91617,36
356,"Vivo V15 Pro (8GB RAM, 128GB) - Ruby Red",Vivo,V15 Pro,Mobiles,27990,https://i.gadgets360cdn.com/products/large/1549971324_635_vivo_v15_pro.jpg?downsize=*:180&amp;output-quality=80&amp;output-format=webp,https://gadgets.ndtv.com/vivo-v15-pro-price-in-india-12005,9
357,iPhone 11 (64GB) - Green,Apple,iPhone 11,Mobiles,51999,https://i.gadgets360cdn.com/products/large/apple-iphone-11-406x800-1568197454.jpg?downsize=*:180&amp;output-quality=80&amp;output-format=webp,https://gadgets.ndtv.com/apple-iphone-11-price-in-india-91110,47
358,iPhone 11 (64GB) - Purple,Apple,iPhone 11,Mobiles,52999,https://i.gadgets360cdn.com/products/large/apple-iphone-11-406x800-1568197454.jpg?downsize=*:180&amp;output-quality=80&amp;output-format=webp,https://gadgets.ndtv.com/apple-iphone-11-price-in-india-91110,48
359,iPhone 11 (128GB) - Green,Apple,iPhone 11,Mobiles,57999,https://i.gadgets360cdn.com/products/large/apple-iphone-11-406x800-1568197454.jpg?downsize=*:180&amp;output-quality=80&amp;output-format=webp,https://gadgets.ndtv.com/apple-iphone-11-price-in-india-91110,50
360,iPhone 11 (128GB) - Black,Apple,iPhone 11,Mobiles,57999,https://i.gadgets360cdn.com/products/large/apple-iphone-11-406x800-1568197454.jpg?downsize=*:180&amp;output-quality=80&amp;output-format=webp,https://gadgets.ndtv.com/apple-iphone-11-price-in-india-91110,46
361,iPhone 11 (128GB) - White,Apple,iPhone 11,Mobiles,57999,https://i.gadgets360cdn.com/products/large/apple-iphone-11-406x800-1568197454.jpg?downsize=*:180&amp;output-quality=80&amp;output-format=webp,https://gadgets.ndtv.com/apple-iphone-11-price-in-india-91110,45
362,iPhone 11 (256GB) - Red,Apple,iPhone 11,Mobiles,64999,https://i.gadgets360cdn.com/products/large/apple-iphone-11-406x800-1568197454.jpg?downsize=*:180&amp;output-quality=80&amp;output-format=webp,https://gadgets.ndtv.com/apple-iphone-11-price-in-india-91110,17
363,iPhone 11 (256GB) - White,Apple,iPhone 11,Mobiles,64999,https://i.gadgets360cdn.com/products/large/apple-iphone-11-406x800-1568197454.jpg?downsize=*:180&amp;output-quality=80&amp;output-format=webp,https://gadgets.ndtv.com/apple-iphone-11-price-in-india-91110,14
364,iPhone 11 (256GB) - Black,Apple,iPhone 11,Mobiles,66998,https://i.gadgets360cdn.com/products/large/apple-iphone-11-406x800-1568197454.jpg?downsize=*:180&amp;output-quality=80&amp;output-format=webp,https://gadgets.ndtv.com/apple-iphone-11-price-in-india-91110,31
365,"Infinix Note 4 (3GB RAM, 32GB) - Blue",Infinix,Note 4,Mobiles,8999,https://drop.ndtv.com/TECH/product_database/images/81201754736PM_635_infinixnote4_db.jpeg?downsize=*:180&amp;output-quality=80&amp;output-format=webp,https://gadgets.ndtv.com/infinix-note-4-4299,40
366,"Infinix Note 4 (3GB RAM, 32GB) - Gold",Infinix,Note 4,Mobiles,8999,https://drop.ndtv.com/TECH/product_database/images/81201754736PM_635_infinixnote4_db.jpeg?downsize=*:180&amp;output-quality=80&amp;output-format=webp,https://gadgets.ndtv.com/infinix-note-4-4299,38
367,"Infinix Note 4 (3GB RAM, 32GB) - Black",Infinix,Note 4,Mobiles,8999,https://drop.ndtv.com/TECH/product_database/images/81201754736PM_635_infinixnote4_db.jpeg?downsize=*:180&amp;output-quality=80&amp;output-format=webp,https://gadgets.ndtv.com/infinix-note-4-4299,49
368,"Asus ZenFone 5Z (ZS620KL) (8GB RAM, 256GB) - Midnight Blue",Asus,ZenFone 5Z (ZS620KL),Mobiles,21999,https://i.gadgets360cdn.com/products/large/1519753017_635_asus_zenfone_5z.jpg?downsize=*:180&amp;output-quality=80&amp;output-format=webp,https://gadgets.ndtv.com/asus-zenfone-5z-4645,42
369,"Asus ZenFone 5Z (ZS620KL) (8GB RAM, 256GB) - Meteor Silver",Asus,ZenFone 5Z (ZS620KL),Mobiles,21999,https://i.gadgets360cdn.com/products/large/1519753017_635_asus_zenfone_5z.jpg?downsize=*:180&amp;output-quality=80&amp;output-format=webp,https://gadgets.ndtv.com/asus-zenfone-5z-4645,49
370,"Asus ZenFone 5Z (ZS620KL) (6GB RAM, 128GB) - Meteor Silver",Asus,ZenFone 5Z (ZS620KL),Mobiles,18999,https://i.gadgets360cdn.com/products/large/1519753017_635_asus_zenfone_5z.jpg?downsize=*:180&amp;output-quality=80&amp;output-format=webp,https://gadgets.ndtv.com/asus-zenfone-5z-4645,25
371,"Asus ZenFone 5Z (ZS620KL) (6GB RAM, 128GB) - Midnight Blue",Asus,ZenFone 5Z (ZS620KL),Mobiles,18999,https://i.gadgets360cdn.com/products/large/1519753017_635_asus_zenfone_5z.jpg?downsize=*:180&amp;output-quality=80&amp;output-format=webp,https://gadgets.ndtv.com/asus-zenfone-5z-4645,21
372,"Asus ZenFone 5Z (ZS620KL) (6GB RAM, 64GB) - Meteor Silver",Asus,ZenFone 5Z (ZS620KL),Mobiles,16999,https://i.gadgets360cdn.com/products/large/1519753017_635_asus_zenfone_5z.jpg?downsize=*:180&amp;output-quality=80&amp;output-format=webp,https://gadgets.ndtv.com/asus-zenfone-5z-4645,10
373,"Asus ZenFone 5Z (ZS620KL) (6GB RAM, 64GB) - Midnight Blue",Asus,ZenFone 5Z (ZS620KL),Mobiles,16999,https://i.gadgets360cdn.com/products/large/1519753017_635_asus_zenfone_5z.jpg?downsize=*:180&amp;output-quality=80&amp;output-format=webp,https://gadgets.ndtv.com/asus-zenfone-5z-4645,10
374,Apple iPhone 8 (64GB) - Silver,Apple,iPhone 8,Mobiles,37999,https://drop.ndtv.com/TECH/product_database/images/913201715733AM_635_iphone_8.jpeg?downsize=*:180&amp;output-quality=80&amp;output-format=webp,https://gadgets.ndtv.com/apple-iphone-8-4260,5
375,Samsung Galaxy S7 Edge (32GB) - Coral Blue,Samsung,Galaxy S7 Edge,Mobiles,39000,https://drop.ndtv.com/TECH/product_database/images/samsung_galaxy_s7edge_3311_480X960_326201633006PM.jpg?downsize=*:180&amp;output-quality=80&amp;output-format=webp,https://gadgets.ndtv.com/samsung-galaxy-s7-edge-3311,43
376,Samsung Galaxy S7 Edge (128GB) - Black Pearl,Samsung,Galaxy S7 Edge,Mobiles,36900,https://drop.ndtv.com/TECH/product_database/images/samsung_galaxy_s7edge_3311_480X960_326201633006PM.jpg?downsize=*:180&amp;output-quality=80&amp;output-format=webp,https://gadgets.ndtv.com/samsung-galaxy-s7-edge-3311,21
377,Samsung Galaxy S7 Edge (32GB) - Pink Gold,Samsung,Galaxy S7 Edge,Mobiles,32900,https://drop.ndtv.com/TECH/product_database/images/samsung_galaxy_s7edge_3311_480X960_326201633006PM.jpg?downsize=*:180&amp;output-quality=80&amp;output-format=webp,https://gadgets.ndtv.com/samsung-galaxy-s7-edge-3311,23
378,Samsung Galaxy S7 Edge (32GB) - Silver Titanium,Samsung,Galaxy S7 Edge,Mobiles,19999,https://drop.ndtv.com/TECH/product_database/images/samsung_galaxy_s7edge_3311_480X960_326201633006PM.jpg?downsize=*:180&amp;output-quality=80&amp;output-format=webp,https://gadgets.ndtv.com/samsung-galaxy-s7-edge-3311,22
379,Samsung Galaxy S7 Edge (32GB) - Black Onyx,Samsung,Galaxy S7 Edge,Mobiles,10799,https://drop.ndtv.com/TECH/product_database/images/samsung_galaxy_s7edge_3311_480X960_326201633006PM.jpg?downsize=*:180&amp;output-quality=80&amp;output-format=webp,https://gadgets.ndtv.com/samsung-galaxy-s7-edge-3311,17
380,"Vivo V17 Pro (8GB RAM, 128GB) - Glacier Ice",Vivo,V17 Pro,Mobiles,28999,https://i.gadgets360cdn.com/products/large/vivo-v17-pro-365x800-1568964734.png?downsize=*:180&amp;output-quality=80&amp;output-format=webp,https://gadgets.ndtv.com/vivo-v17-pro-price-in-india-91097,18
381,"Vivo V17 Pro (8GB RAM, 128GB) - Midnight Ocean",Vivo,V17 Pro,Mobiles,27375,https://i.gadgets360cdn.com/products/large/vivo-v17-pro-365x800-1568964734.png?downsize=*:180&amp;output-quality=80&amp;output-format=webp,https://gadgets.ndtv.com/vivo-v17-pro-price-in-india-91097,17
382,Samsung Galaxy S7 Edge (32GB) - Gold Platinum,Samsung,Galaxy S7 Edge,Mobiles,10699,https://drop.ndtv.com/TECH/product_database/images/samsung_galaxy_s7edge_3311_480X960_326201633006PM.jpg?downsize=*:180&amp;output-quality=80&amp;output-format=webp,https://gadgets.ndtv.com/samsung-galaxy-s7-edge-3311,36
383,iPhone 11 (64GB) - Black,Apple,iPhone 11,Mobiles,51999,https://i.gadgets360cdn.com/products/large/apple-iphone-11-406x800-1568197454.jpg?downsize=*:180&amp;output-quality=80&amp;output-format=webp,https://gadgets.ndtv.com/apple-iphone-11-price-in-india-91110,26
384,iPhone 11 (64GB) - White,Apple,iPhone 11,Mobiles,51999,https://i.gadgets360cdn.com/products/large/apple-iphone-11-406x800-1568197454.jpg?downsize=*:180&amp;output-quality=80&amp;output-format=webp,https://gadgets.ndtv.com/apple-iphone-11-price-in-india-91110,27
385,"Redmi Note 7 Pro (6GB RAM, 128GB) - Neptune Blue",Xiaomi,Redmi Note 7 Pro,Mobiles,13999,https://i.gadgets360cdn.com/products/large/1551344229_635_redmi_note_7_pro.jpg?downsize=*:180&amp;output-quality=80&amp;output-format=webp,https://gadgets.ndtv.com/redmi-note-7-pro-price-in-india-11984,30
386,"Redmi Note 7 Pro (6GB RAM, 128GB) - Nebula Red",Xiaomi,Redmi Note 7 Pro,Mobiles,13999,https://i.gadgets360cdn.com/products/large/1551344229_635_redmi_note_7_pro.jpg?downsize=*:180&amp;output-quality=80&amp;output-format=webp,https://gadgets.ndtv.com/redmi-note-7-pro-price-in-india-11984,35
387,"Vivo V15 Pro (8GB RAM, 128GB) - Topaz Blue",Vivo,V15 Pro,Mobiles,23499,https://i.gadgets360cdn.com/products/large/1549971324_635_vivo_v15_pro.jpg?downsize=*:180&amp;output-quality=80&amp;output-format=webp,https://gadgets.ndtv.com/vivo-v15-pro-price-in-india-12005,36
388,"Vivo V15 Pro (6GB RAM, 128GB) - Ruby Red",Vivo,V15 Pro,Mobiles,22990,https://i.gadgets360cdn.com/products/large/1549971324_635_vivo_v15_pro.jpg?downsize=*:180&amp;output-quality=80&amp;output-format=webp,https://gadgets.ndtv.com/vivo-v15-pro-price-in-india-12005,17
389,"Vivo V15 Pro (6GB RAM, 128GB) - Topaz Blue",Vivo,V15 Pro,Mobiles,21499,https://i.gadgets360cdn.com/products/large/1549971324_635_vivo_v15_pro.jpg?downsize=*:180&amp;output-quality=80&amp;output-format=webp,https://gadgets.ndtv.com/vivo-v15-pro-price-in-india-12005,36
390,"Realme 5i (4GB RAM, 128GB) - Aqua Blue",Realme,5i,Mobiles,11999,https://i.gadgets360cdn.com/products/large/realme-5i-db-370x800-1577769009.jpg?downsize=*:180&amp;output-quality=80&amp;output-format=webp,https://gadgets.ndtv.com/realme-5i-price-in-india-91385,46
391,"Realme 5i (4GB RAM, 128GB) - Forest Green",Realme,5i,Mobiles,11999,https://i.gadgets360cdn.com/products/large/realme-5i-db-370x800-1577769009.jpg?downsize=*:180&amp;output-quality=80&amp;output-format=webp,https://gadgets.ndtv.com/realme-5i-price-in-india-91385,12
392,"Oppo A31 (2020) (4GB RAM, 64GB) - Mystery Black",Oppo,A31 (2020),Mobiles,11490,https://i.gadgets360cdn.com/products/large/oppo-a31-2020-updated-374x800-1581686278.jpg?downsize=*:180&amp;output-quality=80&amp;output-format=webp,https://gadgets.ndtv.com/oppo-a31-2020-price-in-india-91617,46
393,"Realme 5i (4GB RAM, 64GB) - Aqua Blue",Realme,5i,Mobiles,10999,https://i.gadgets360cdn.com/products/large/realme-5i-db-370x800-1577769009.jpg?downsize=*:180&amp;output-quality=80&amp;output-format=webp,https://gadgets.ndtv.com/realme-5i-price-in-india-91385,46
394,"Realme 5i (4GB RAM, 64GB) - Forest Green",Realme,5i,Mobiles,10999,https://i.gadgets360cdn.com/products/large/realme-5i-db-370x800-1577769009.jpg?downsize=*:180&amp;output-quality=80&amp;output-format=webp,https://gadgets.ndtv.com/realme-5i-price-in-india-91385,27
395,"Redmi Note 7 Pro (4GB RAM, 64GB) - Neptune Blue",Xiaomi,Redmi Note 7 Pro,Mobiles,13990,https://i.gadgets360cdn.com/products/large/1551344229_635_redmi_note_7_pro.jpg?downsize=*:180&amp;output-quality=80&amp;output-format=webp,https://gadgets.ndtv.com/redmi-note-7-pro-price-in-india-11984,47
396,"Redmi Note 7 Pro (4GB RAM, 64GB) - Nebula Red",Xiaomi,Redmi Note 7 Pro,Mobiles,13990,https://i.gadgets360cdn.com/products/large/1551344229_635_redmi_note_7_pro.jpg?downsize=*:180&amp;output-quality=80&amp;output-format=webp,https://gadgets.ndtv.com/redmi-note-7-pro-price-in-india-11984,36
397,"Redmi Note 7 Pro (4GB RAM, 64GB) - Space Black",Xiaomi,Redmi Note 7 Pro,Mobiles,13990,https://i.gadgets360cdn.com/products/large/1551344229_635_redmi_note_7_pro.jpg?downsize=*:180&amp;output-quality=80&amp;output-format=webp,https://gadgets.ndtv.com/redmi-note-7-pro-price-in-india-11984,47
398,"Redmi Note 7 Pro (6GB RAM, 64GB) - Neptune Blue",Xiaomi,Redmi Note 7 Pro,Mobiles,14490,https://i.gadgets360cdn.com/products/large/1551344229_635_redmi_note_7_pro.jpg?downsize=*:180&amp;output-quality=80&amp;output-format=webp,https://gadgets.ndtv.com/redmi-note-7-pro-price-in-india-11984,25
399,"Samsung Galaxy S5 (2GB RAM, 16GB) - Copper Gold",Samsung,Galaxy S5,Mobiles,21999,https://drop.ndtv.com/TECH/product_database/images/2252014124325AM_635_samsung_galaxy_s5.jpeg?downsize=*:180&amp;output-quality=80&amp;output-format=webp,https://gadgets.ndtv.com/samsung-galaxy-s5-1323,15
400,"Asus ZenFone Selfie (2GB RAM, 16GB) - Red",Asus,ZenFone Selfie,Mobiles,14999,https://drop.ndtv.com/TECH/product_database/images/asus_zenfone_selfie_2_2670_480X960_922201523949PM.jpg?downsize=*:180&amp;output-quality=80&amp;output-format=webp,https://gadgets.ndtv.com/asus-zenfone-selfie-2670,25
401,"Asus ZenFone Selfie (3GB RAM, 16GB) - Purple",Asus,ZenFone Selfie,Mobiles,10656,https://drop.ndtv.com/TECH/product_database/images/asus_zenfone_selfie_2_2670_480X960_922201523949PM.jpg?downsize=*:180&amp;output-quality=80&amp;output-format=webp,https://gadgets.ndtv.com/asus-zenfone-selfie-2670,9
402,"Asus ZenFone Selfie (3GB RAM, 32GB) - Silver",Asus,ZenFone Selfie,Mobiles,7000,https://drop.ndtv.com/TECH/product_database/images/asus_zenfone_selfie_2_2670_480X960_922201523949PM.jpg?downsize=*:180&amp;output-quality=80&amp;output-format=webp,https://gadgets.ndtv.com/asus-zenfone-selfie-2670,22
403,"Asus ZenFone Selfie (3GB RAM, 16GB) - Black",Asus,ZenFone Selfie,Mobiles,6499,https://drop.ndtv.com/TECH/product_database/images/asus_zenfone_selfie_2_2670_480X960_922201523949PM.jpg?downsize=*:180&amp;output-quality=80&amp;output-format=webp,https://gadgets.ndtv.com/asus-zenfone-selfie-2670,16
404,"Asus ZenFone Selfie (3GB RAM, 32GB) - Gold",Asus,ZenFone Selfie,Mobiles,6499,https://drop.ndtv.com/TECH/product_database/images/asus_zenfone_selfie_2_2670_480X960_922201523949PM.jpg?downsize=*:180&amp;output-quality=80&amp;output-format=webp,https://gadgets.ndtv.com/asus-zenfone-selfie-2670,37
405,"Asus ZenFone Selfie (3GB RAM, 16GB) - Silver",Asus,ZenFone Selfie,Mobiles,5399,https://drop.ndtv.com/TECH/product_database/images/asus_zenfone_selfie_2_2670_480X960_922201523949PM.jpg?downsize=*:180&amp;output-quality=80&amp;output-format=webp,https://gadgets.ndtv.com/asus-zenfone-selfie-2670,33
406,"Asus ZenFone Selfie (3GB RAM, 16GB) - Gold",Asus,ZenFone Selfie,Mobiles,5299,https://drop.ndtv.com/TECH/product_database/images/asus_zenfone_selfie_2_2670_480X960_922201523949PM.jpg?downsize=*:180&amp;output-quality=80&amp;output-format=webp,https://gadgets.ndtv.com/asus-zenfone-selfie-2670,38
407,"Asus ZenFone Selfie (2GB RAM, 16GB) - Silver",Asus,ZenFone Selfie,Mobiles,9999,https://drop.ndtv.com/TECH/product_database/images/asus_zenfone_selfie_2_2670_480X960_922201523949PM.jpg?downsize=*:180&amp;output-quality=80&amp;output-format=webp,https://gadgets.ndtv.com/asus-zenfone-selfie-2670,45
408,"Redmi Note 7 Pro (4GB RAM, 64GB) - Astro Moonlight White",Xiaomi,Redmi Note 7 Pro,Mobiles,10999,https://i.gadgets360cdn.com/products/large/1551344229_635_redmi_note_7_pro.jpg?downsize=*:180&amp;output-quality=80&amp;output-format=webp,https://gadgets.ndtv.com/redmi-note-7-pro-price-in-india-11984,50
409,"Redmi Note 7 Pro (6GB RAM, 64GB) - Astro Moonlight White",Xiaomi,Redmi Note 7 Pro,Mobiles,11790,https://i.gadgets360cdn.com/products/large/1551344229_635_redmi_note_7_pro.jpg?downsize=*:180&amp;output-quality=80&amp;output-format=webp,https://gadgets.ndtv.com/redmi-note-7-pro-price-in-india-11984,6
410,"Redmi Note 7 Pro (6GB RAM, 64GB) - Nebula Red",Xiaomi,Redmi Note 7 Pro,Mobiles,12999,https://i.gadgets360cdn.com/products/large/1551344229_635_redmi_note_7_pro.jpg?downsize=*:180&amp;output-quality=80&amp;output-format=webp,https://gadgets.ndtv.com/redmi-note-7-pro-price-in-india-11984,44
411,"Redmi Note 7 Pro (6GB RAM, 128GB) - Space Black",Xiaomi,Redmi Note 7 Pro,Mobiles,13999,https://i.gadgets360cdn.com/products/large/1551344229_635_redmi_note_7_pro.jpg?downsize=*:180&amp;output-quality=80&amp;output-format=webp,https://gadgets.ndtv.com/redmi-note-7-pro-price-in-india-11984,14
412,"Oppo A31 (2020) (6GB RAM, 128GB) - Fantasy White",Oppo,A31 (2020),Mobiles,15990,https://i.gadgets360cdn.com/products/large/oppo-a31-2020-updated-374x800-1581686278.jpg?downsize=*:180&amp;output-quality=80&amp;output-format=webp,https://gadgets.ndtv.com/oppo-a31-2020-price-in-india-91617,34
413,"Oppo A31 (2020) (4GB RAM, 64GB) - Fantasy White",Oppo,A31 (2020),Mobiles,12490,https://i.gadgets360cdn.com/products/large/oppo-a31-2020-updated-374x800-1581686278.jpg?downsize=*:180&amp;output-quality=80&amp;output-format=webp,https://gadgets.ndtv.com/oppo-a31-2020-price-in-india-91617,29
414,"Asus ZenFone Selfie (2GB RAM, 16GB) - White",Asus,ZenFone Selfie,Mobiles,13999,https://drop.ndtv.com/TECH/product_database/images/asus_zenfone_selfie_2_2670_480X960_922201523949PM.jpg?downsize=*:180&amp;output-quality=80&amp;output-format=webp,https://gadgets.ndtv.com/asus-zenfone-selfie-2670,9
415,Apple iPhone 8 (128GB) - Gold,Apple,iPhone 8,Mobiles,39999,https://drop.ndtv.com/TECH/product_database/images/913201715733AM_635_iphone_8.jpeg?downsize=*:180&amp;output-quality=80&amp;output-format=webp,https://gadgets.ndtv.com/apple-iphone-8-4260,10
416,"Asus ZenFone Selfie (3GB RAM, 32GB) - Red",Asus,ZenFone Selfie,Mobiles,10899,https://drop.ndtv.com/TECH/product_database/images/asus_zenfone_selfie_2_2670_480X960_922201523949PM.jpg?downsize=*:180&amp;output-quality=80&amp;output-format=webp,https://gadgets.ndtv.com/asus-zenfone-selfie-2670,33
417,Samsung Galaxy S9+ (64GB) - Lilac Purple,Samsung,Galaxy S9+,Mobiles,35990,https://i.gadgets360cdn.com/products/large/1519585112_635_samsung_galaxy_s9_plus_grey.jpg?downsize=*:180&amp;output-quality=80&amp;output-format=webp,https://gadgets.ndtv.com/samsung-galaxy-s9-plus-4570,16
418,"Coolpad Mega 3 (2GB RAM, 16GB) - champagne Gold",Coolpad,Mega 3,Mobiles,4999,https://drop.ndtv.com/TECH/product_database/images/coolpad_mega_3_3899_480X960_1172017111028PM.jpg?downsize=*:180&amp;output-quality=80&amp;output-format=webp,https://gadgets.ndtv.com/coolpad-mega-3-3899,12
419,"Coolpad Mega 3 (2GB RAM, 16GB) - Moondust Grey",Coolpad,Mega 3,Mobiles,7690,https://drop.ndtv.com/TECH/product_database/images/coolpad_mega_3_3899_480X960_1172017111028PM.jpg?downsize=*:180&amp;output-quality=80&amp;output-format=webp,https://gadgets.ndtv.com/coolpad-mega-3-3899,13
420,"Coolpad Mega 3 (2GB RAM, 16GB) - White & champagne",Coolpad,Mega 3,Mobiles,7990,https://drop.ndtv.com/TECH/product_database/images/coolpad_mega_3_3899_480X960_1172017111028PM.jpg?downsize=*:180&amp;output-quality=80&amp;output-format=webp,https://gadgets.ndtv.com/coolpad-mega-3-3899,13
421,"Coolpad Mega 3 (2GB RAM, 16GB) - White",Coolpad,Mega 3,Mobiles,7999,https://drop.ndtv.com/TECH/product_database/images/coolpad_mega_3_3899_480X960_1172017111028PM.jpg?downsize=*:180&amp;output-quality=80&amp;output-format=webp,https://gadgets.ndtv.com/coolpad-mega-3-3899,19
422,"Motorola One Macro (4GB RAM, 64GB) - Space Blue",Motorola,One Macro,Mobiles,9999,https://i.gadgets360cdn.com/products/large/motorola-one-macro-475x800-1570605674.jpg?downsize=*:180&amp;output-quality=80&amp;output-format=webp,https://gadgets.ndtv.com/motorola-one-macro-price-in-india-91190,43
423,"Redmi Y1 Lite (2GB RAM, 16GB) - Dark Grey",Xiaomi,Redmi Y1 Lite,Mobiles,7400,https://drop.ndtv.com/TECH/product_database/images/112201713502PM_635_xiaomi_redmi_y1_lite.jpeg?downsize=*:180&amp;output-quality=80&amp;output-format=webp,https://gadgets.ndtv.com/redmi-y1-lite-4493,43
424,OnePlus 7T (128GB) - Glacier Blue,OnePlus,7T,Mobiles,34999,https://i.gadgets360cdn.com/products/large/oneplus-7t-376x800-1569505882.jpg?downsize=*:180&amp;output-quality=80&amp;output-format=webp,https://gadgets.ndtv.com/oneplus-7t-price-in-india-91057,45
425,"Redmi Y1 Lite (2GB RAM, 16GB) - Rose Gold",Xiaomi,Redmi Y1 Lite,Mobiles,5999,https://drop.ndtv.com/TECH/product_database/images/112201713502PM_635_xiaomi_redmi_y1_lite.jpeg?downsize=*:180&amp;output-quality=80&amp;output-format=webp,https://gadgets.ndtv.com/redmi-y1-lite-4493,10
426,Apple iPhone 8 (256GB) - Red,Apple,iPhone 8,Mobiles,55499,https://drop.ndtv.com/TECH/product_database/images/913201715733AM_635_iphone_8.jpeg?downsize=*:180&amp;output-quality=80&amp;output-format=webp,https://gadgets.ndtv.com/apple-iphone-8-4260,26
427,"OnePlus Nord (8GB RAM, 128GB) - Gray Onyx",OnePlus,Nord,Mobiles,27999,https://i.gadgets360cdn.com/products/large/oneplus-nord-379x800-1595392253.jpg?downsize=*:180&amp;output-quality=80&amp;output-format=webp,https://gadgets.ndtv.com/oneplus-nord-price-in-india-94030,10
428,"OnePlus Nord (8GB RAM, 128GB) - Marble Blue",OnePlus,Nord,Mobiles,27999,https://i.gadgets360cdn.com/products/large/oneplus-nord-379x800-1595392253.jpg?downsize=*:180&amp;output-quality=80&amp;output-format=webp,https://gadgets.ndtv.com/oneplus-nord-price-in-india-94030,45
429,"OnePlus Nord (6GB RAM, 64GB) - Gray Onyx",OnePlus,Nord,Mobiles,24999,https://i.gadgets360cdn.com/products/large/oneplus-nord-379x800-1595392253.jpg?downsize=*:180&amp;output-quality=80&amp;output-format=webp,https://gadgets.ndtv.com/oneplus-nord-price-in-india-94030,25
430,"OnePlus Nord (12GB RAM, 256GB) - Marble Blue",OnePlus,Nord,Mobiles,29999,https://i.gadgets360cdn.com/products/large/oneplus-nord-379x800-1595392253.jpg?downsize=*:180&amp;output-quality=80&amp;output-format=webp,https://gadgets.ndtv.com/oneplus-nord-price-in-india-94030,10
431,"OnePlus Nord (12GB RAM, 256GB) - Gray Ash",OnePlus,Nord,Mobiles,29999,https://i.gadgets360cdn.com/products/large/oneplus-nord-379x800-1595392253.jpg?downsize=*:180&amp;output-quality=80&amp;output-format=webp,https://gadgets.ndtv.com/oneplus-nord-price-in-india-94030,31
432,"Redmi Y1 Lite (2GB RAM, 16GB) - Gold",Xiaomi,Redmi Y1 Lite,Mobiles,5999,https://drop.ndtv.com/TECH/product_database/images/112201713502PM_635_xiaomi_redmi_y1_lite.jpeg?downsize=*:180&amp;output-quality=80&amp;output-format=webp,https://gadgets.ndtv.com/redmi-y1-lite-4493,15
433,OnePlus 7T (128GB) - Frosted Silver,OnePlus,7T,Mobiles,34999,https://i.gadgets360cdn.com/products/large/oneplus-7t-376x800-1569505882.jpg?downsize=*:180&amp;output-quality=80&amp;output-format=webp,https://gadgets.ndtv.com/oneplus-7t-price-in-india-91057,22
434,"Motorola One Macro (4GB RAM, 64GB) - Ultra Violet",Motorola,One Macro,Mobiles,9499,https://i.gadgets360cdn.com/products/large/motorola-one-macro-475x800-1570605674.jpg?downsize=*:180&amp;output-quality=80&amp;output-format=webp,https://gadgets.ndtv.com/motorola-one-macro-price-in-india-91190,34
435,Mi A1 (64GB) - Black,Xiaomi,Mi A1,Mobiles,15900,https://drop.ndtv.com/TECH/product_database/images/xiaomi_mi_a1_black_4382_480X960_98201783507AM.jpg?downsize=*:180&amp;output-quality=80&amp;output-format=webp,https://gadgets.ndtv.com/mi-a1-4382,50
436,"Oppo F15 (8GB RAM, 128GB) - Unicorn White",Oppo,F15,Mobiles,18990,https://i.gadgets360cdn.com/products/large/oppo-f15-370x800-1579157162.jpg?downsize=*:180&amp;output-quality=80&amp;output-format=webp,https://gadgets.ndtv.com/oppo-f15-price-in-india-91388,27
437,"HTC One E9s Dual SIM (2GB RAM, 16GB) - Roast Chestnut",HTC,One E9s Dual SIM,Mobiles,16999,https://drop.ndtv.com/TECH/product_database/images/htc_one_e9s_db_3007_480X960_1119201510551PM.jpg?downsize=*:180&amp;output-quality=80&amp;output-format=webp,https://gadgets.ndtv.com/htc-one-e9s-dual-sim-3007,9
438,Samsung Galaxy J7 Pro (64GB) - Gold,Samsung,Galaxy J7 Pro,Mobiles,13699,https://drop.ndtv.com/TECH/product_database/images/614201714427PM_635_j7pro-db.jpeg?downsize=*:180&amp;output-quality=80&amp;output-format=webp,https://gadgets.ndtv.com/samsung-galaxy-j7-pro-4215,26
439,"HTC One E9s Dual SIM (2GB RAM, 16GB) - Grey",HTC,One E9s Dual SIM,Mobiles,18900,https://drop.ndtv.com/TECH/product_database/images/htc_one_e9s_db_3007_480X960_1119201510551PM.jpg?downsize=*:180&amp;output-quality=80&amp;output-format=webp,https://gadgets.ndtv.com/htc-one-e9s-dual-sim-3007,45
440,"Asus ZenFone 2 Deluxe (4GB RAM, 128GB) - Silver",Asus,ZenFone 2 Deluxe,Mobiles,13999,https://drop.ndtv.com/TECH/product_database/images/asus_zenfone2_deluxe_dbimage_2848_480X960_1152015122324PM.jpg?downsize=*:180&amp;output-quality=80&amp;output-format=webp,https://gadgets.ndtv.com/asus-zenfone-2-deluxe-2848,21
441,"Asus ZenFone 2 Deluxe (4GB RAM, 64GB) - Purple",Asus,ZenFone 2 Deluxe,Mobiles,9990,https://drop.ndtv.com/TECH/product_database/images/asus_zenfone2_deluxe_dbimage_2848_480X960_1152015122324PM.jpg?downsize=*:180&amp;output-quality=80&amp;output-format=webp,https://gadgets.ndtv.com/asus-zenfone-2-deluxe-2848,23
442,"Asus ZenFone 2 Deluxe (4GB RAM, 16GB) - Silver",Asus,ZenFone 2 Deluxe,Mobiles,8490,https://drop.ndtv.com/TECH/product_database/images/asus_zenfone2_deluxe_dbimage_2848_480X960_1152015122324PM.jpg?downsize=*:180&amp;output-quality=80&amp;output-format=webp,https://gadgets.ndtv.com/asus-zenfone-2-deluxe-2848,30
443,"Asus ZenFone 2 Deluxe (4GB RAM, 64GB) - Black",Asus,ZenFone 2 Deluxe,Mobiles,7699,https://drop.ndtv.com/TECH/product_database/images/asus_zenfone2_deluxe_dbimage_2848_480X960_1152015122324PM.jpg?downsize=*:180&amp;output-quality=80&amp;output-format=webp,https://gadgets.ndtv.com/asus-zenfone-2-deluxe-2848,34
444,"Asus ZenFone 2 Deluxe (2GB RAM, 16GB) - Gold",Asus,ZenFone 2 Deluxe,Mobiles,5999,https://drop.ndtv.com/TECH/product_database/images/asus_zenfone2_deluxe_dbimage_2848_480X960_1152015122324PM.jpg?downsize=*:180&amp;output-quality=80&amp;output-format=webp,https://gadgets.ndtv.com/asus-zenfone-2-deluxe-2848,46
445,"Samsung Galaxy Note 10 (8GB RAM, 256GB) - Aura Glow",Samsung,Galaxy Note 10,Mobiles,72352,https://i.gadgets360cdn.com/products/large/samsung-galaxy-note-10-397x800-1565209408.jpg?downsize=*:180&amp;output-quality=80&amp;output-format=webp,https://gadgets.ndtv.com/samsung-galaxy-note-10-price-in-india-13193,42
446,"Asus ZenFone 2 Deluxe (4GB RAM, 32GB) - Black",Asus,ZenFone 2 Deluxe,Mobiles,4799,https://drop.ndtv.com/TECH/product_database/images/asus_zenfone2_deluxe_dbimage_2848_480X960_1152015122324PM.jpg?downsize=*:180&amp;output-quality=80&amp;output-format=webp,https://gadgets.ndtv.com/asus-zenfone-2-deluxe-2848,45
447,Samsung Galaxy J7 Pro (64GB) - Black,Samsung,Galaxy J7 Pro,Mobiles,18999,https://drop.ndtv.com/TECH/product_database/images/614201714427PM_635_j7pro-db.jpeg?downsize=*:180&amp;output-quality=80&amp;output-format=webp,https://gadgets.ndtv.com/samsung-galaxy-j7-pro-4215,24
448,"Asus ZenFone 2 Deluxe (4GB RAM, 32GB) - Gold",Asus,ZenFone 2 Deluxe,Mobiles,3999,https://drop.ndtv.com/TECH/product_database/images/asus_zenfone2_deluxe_dbimage_2848_480X960_1152015122324PM.jpg?downsize=*:180&amp;output-quality=80&amp;output-format=webp,https://gadgets.ndtv.com/asus-zenfone-2-deluxe-2848,21
449,"Asus ZenFone 2 Deluxe (2GB RAM, 16GB) - Silver",Asus,ZenFone 2 Deluxe,Mobiles,3799,https://drop.ndtv.com/TECH/product_database/images/asus_zenfone2_deluxe_dbimage_2848_480X960_1152015122324PM.jpg?downsize=*:180&amp;output-quality=80&amp;output-format=webp,https://gadgets.ndtv.com/asus-zenfone-2-deluxe-2848,8
450,"Asus ZenFone 2 Deluxe (4GB RAM, 32GB) - Silver",Asus,ZenFone 2 Deluxe,Mobiles,6099,https://drop.ndtv.com/TECH/product_database/images/asus_zenfone2_deluxe_dbimage_2848_480X960_1152015122324PM.jpg?downsize=*:180&amp;output-quality=80&amp;output-format=webp,https://gadgets.ndtv.com/asus-zenfone-2-deluxe-2848,20
451,"Acer Liquid Z630s (3GB RAM, 32GB) - Black",Acer,Liquid Z630s,Mobiles,4399,https://drop.ndtv.com/TECH/product_database/images/db_2917_480X960_1117201524233PM.jpg?downsize=*:180&amp;output-quality=80&amp;output-format=webp,https://gadgets.ndtv.com/acer-liquid-z630s-2917,43
452,"Poco M2 Pro (6GB RAM, 128GB) - Two Shades of Black",Poco,M2 Pro,Mobiles,15999,https://i.gadgets360cdn.com/products/large/poco-m2-pro-370x800-1594106898.jpg?downsize=*:180&amp;output-quality=80&amp;output-format=webp,https://gadgets.ndtv.com/poco-m2-pro-price-in-india-95298,18
453,"Oppo F15 (8GB RAM, 128GB) - Blazing Blue",Oppo,F15,Mobiles,18990,https://i.gadgets360cdn.com/products/large/oppo-f15-370x800-1579157162.jpg?downsize=*:180&amp;output-quality=80&amp;output-format=webp,https://gadgets.ndtv.com/oppo-f15-price-in-india-91388,48
454,Mi A1 (64GB) - Gold,Xiaomi,Mi A1,Mobiles,6999,https://drop.ndtv.com/TECH/product_database/images/xiaomi_mi_a1_black_4382_480X960_98201783507AM.jpg?downsize=*:180&amp;output-quality=80&amp;output-format=webp,https://gadgets.ndtv.com/mi-a1-4382,37
455,Mi A1 (64GB) - Rose Gold,Xiaomi,Mi A1,Mobiles,6999,https://drop.ndtv.com/TECH/product_database/images/xiaomi_mi_a1_black_4382_480X960_98201783507AM.jpg?downsize=*:180&amp;output-quality=80&amp;output-format=webp,https://gadgets.ndtv.com/mi-a1-4382,35
456,"Asus ZenFone 2 Deluxe (4GB RAM, 64GB) - Silver",Asus,ZenFone 2 Deluxe,Mobiles,3999,https://drop.ndtv.com/TECH/product_database/images/asus_zenfone2_deluxe_dbimage_2848_480X960_1152015122324PM.jpg?downsize=*:180&amp;output-quality=80&amp;output-format=webp,https://gadgets.ndtv.com/asus-zenfone-2-deluxe-2848,37
457,Mi A1 (64GB) - Red,Xiaomi,Mi A1,Mobiles,12999,https://drop.ndtv.com/TECH/product_database/images/xiaomi_mi_a1_black_4382_480X960_98201783507AM.jpg?downsize=*:180&amp;output-quality=80&amp;output-format=webp,https://gadgets.ndtv.com/mi-a1-4382,36
458,"Samsung Galaxy Note 10 (8GB RAM, 256GB) - Aura Black",Samsung,Galaxy Note 10,Mobiles,65000,https://i.gadgets360cdn.com/products/large/samsung-galaxy-note-10-397x800-1565209408.jpg?downsize=*:180&amp;output-quality=80&amp;output-format=webp,https://gadgets.ndtv.com/samsung-galaxy-note-10-price-in-india-13193,6
459,"Samsung Galaxy Note 10 (8GB RAM, 256GB) - Aura Red",Samsung,Galaxy Note 10,Mobiles,73600,https://i.gadgets360cdn.com/products/large/samsung-galaxy-note-10-397x800-1565209408.jpg?downsize=*:180&amp;output-quality=80&amp;output-format=webp,https://gadgets.ndtv.com/samsung-galaxy-note-10-price-in-india-13193,31
460,"Oppo F1 (3GB RAM, 16GB) - Gold",Oppo,F1,Mobiles,5989,https://drop.ndtv.com/TECH/product_database/images/DB_Oppo_F1_3230_480X960_229201660416PM.jpg?downsize=*:180&amp;output-quality=80&amp;output-format=webp,https://gadgets.ndtv.com/oppo-f1-3230,29
461,"Samsung Galaxy M30s (4GB RAM, 64GB) - Pearl White",Samsung,Galaxy M30s,Mobiles,15499,https://i.gadgets360cdn.com/products/large/samsung-galaxy-m30s-381x800-1568791052.jpg?downsize=*:180&amp;output-quality=80&amp;output-format=webp,https://gadgets.ndtv.com/samsung-galaxy-m30s-price-in-india-91066,38
462,"Samsung Galaxy M30s (6GB RAM, 128GB) - Opal Black",Samsung,Galaxy M30s,Mobiles,17099,https://i.gadgets360cdn.com/products/large/samsung-galaxy-m30s-381x800-1568791052.jpg?downsize=*:180&amp;output-quality=80&amp;output-format=webp,https://gadgets.ndtv.com/samsung-galaxy-m30s-price-in-india-91066,28
463,"Samsung Galaxy M30s (4GB RAM, 128GB) - Opal Black",Samsung,Galaxy M30s,Mobiles,17750,https://i.gadgets360cdn.com/products/large/samsung-galaxy-m30s-381x800-1568791052.jpg?downsize=*:180&amp;output-quality=80&amp;output-format=webp,https://gadgets.ndtv.com/samsung-galaxy-m30s-price-in-india-91066,50
464,"Samsung Galaxy M30s (4GB RAM, 64GB) - Opal Black",Samsung,Galaxy M30s,Mobiles,12998,https://i.gadgets360cdn.com/products/large/samsung-galaxy-m30s-381x800-1568791052.jpg?downsize=*:180&amp;output-quality=80&amp;output-format=webp,https://gadgets.ndtv.com/samsung-galaxy-m30s-price-in-india-91066,16
465,"Samsung Galaxy M30s (4GB RAM, 64GB) - Sapphire Blue",Samsung,Galaxy M30s,Mobiles,14082,https://i.gadgets360cdn.com/products/large/samsung-galaxy-m30s-381x800-1568791052.jpg?downsize=*:180&amp;output-quality=80&amp;output-format=webp,https://gadgets.ndtv.com/samsung-galaxy-m30s-price-in-india-91066,37
466,"Samsung Galaxy M30s (4GB RAM, 128GB) - Sapphire Blue",Samsung,Galaxy M30s,Mobiles,15999,https://i.gadgets360cdn.com/products/large/samsung-galaxy-m30s-381x800-1568791052.jpg?downsize=*:180&amp;output-quality=80&amp;output-format=webp,https://gadgets.ndtv.com/samsung-galaxy-m30s-price-in-india-91066,17
467,"Samsung Galaxy M30s (6GB RAM, 128GB) - Sapphire Blue",Samsung,Galaxy M30s,Mobiles,16999,https://i.gadgets360cdn.com/products/large/samsung-galaxy-m30s-381x800-1568791052.jpg?downsize=*:180&amp;output-quality=80&amp;output-format=webp,https://gadgets.ndtv.com/samsung-galaxy-m30s-price-in-india-91066,49
468,"Oppo F15 (4GB RAM, 128GB) - Unicorn White",Oppo,F15,Mobiles,15990,https://i.gadgets360cdn.com/products/large/oppo-f15-370x800-1579157162.jpg?downsize=*:180&amp;output-quality=80&amp;output-format=webp,https://gadgets.ndtv.com/oppo-f15-price-in-india-91388,19
469,"Samsung Galaxy M30s (6GB RAM, 128GB) - Pearl White",Samsung,Galaxy M30s,Mobiles,16999,https://i.gadgets360cdn.com/products/large/samsung-galaxy-m30s-381x800-1568791052.jpg?downsize=*:180&amp;output-quality=80&amp;output-format=webp,https://gadgets.ndtv.com/samsung-galaxy-m30s-price-in-india-91066,15
470,"Sony Xperia Z5 Dual (3GB RAM, 32GB) - White",Sony,Xperia Z5 Dual,Mobiles,31990,https://drop.ndtv.com/TECH/product_database/images/sony_z5_dual_db_2922_480X960_112201532240PM.jpg?downsize=*:180&amp;output-quality=80&amp;output-format=webp,https://gadgets.ndtv.com/sony-xperia-z5-dual-2922,46
471,"Sony Xperia Z5 Dual (3GB RAM, 32GB) - Black",Sony,Xperia Z5 Dual,Mobiles,22499,https://drop.ndtv.com/TECH/product_database/images/sony_z5_dual_db_2922_480X960_112201532240PM.jpg?downsize=*:180&amp;output-quality=80&amp;output-format=webp,https://gadgets.ndtv.com/sony-xperia-z5-dual-2922,16
472,"Sony Xperia Z5 Dual (3GB RAM, 32GB) - Green",Sony,Xperia Z5 Dual,Mobiles,21500,https://drop.ndtv.com/TECH/product_database/images/sony_z5_dual_db_2922_480X960_112201532240PM.jpg?downsize=*:180&amp;output-quality=80&amp;output-format=webp,https://gadgets.ndtv.com/sony-xperia-z5-dual-2922,33
473,"Sony Xperia Z5 Dual (3GB RAM, 32GB) - Graphite Black",Sony,Xperia Z5 Dual,Mobiles,45999,https://drop.ndtv.com/TECH/product_database/images/sony_z5_dual_db_2922_480X960_112201532240PM.jpg?downsize=*:180&amp;output-quality=80&amp;output-format=webp,https://gadgets.ndtv.com/sony-xperia-z5-dual-2922,43
474,"HTC One E9s Dual SIM (2GB RAM, 16GB) - White Luxury",HTC,One E9s Dual SIM,Mobiles,9990,https://drop.ndtv.com/TECH/product_database/images/htc_one_e9s_db_3007_480X960_1119201510551PM.jpg?downsize=*:180&amp;output-quality=80&amp;output-format=webp,https://gadgets.ndtv.com/htc-one-e9s-dual-sim-3007,5
475,"HTC One E9s Dual SIM (2GB RAM, 16GB) - Black",HTC,One E9s Dual SIM,Mobiles,10599,https://drop.ndtv.com/TECH/product_database/images/htc_one_e9s_db_3007_480X960_1119201510551PM.jpg?downsize=*:180&amp;output-quality=80&amp;output-format=webp,https://gadgets.ndtv.com/htc-one-e9s-dual-sim-3007,15
476,"Oppo F15 (4GB RAM, 128GB) - Blazing Blue",Oppo,F15,Mobiles,15990,https://i.gadgets360cdn.com/products/large/oppo-f15-370x800-1579157162.jpg?downsize=*:180&amp;output-quality=80&amp;output-format=webp,https://gadgets.ndtv.com/oppo-f15-price-in-india-91388,25
477,"Oppo F15 (4GB RAM, 128GB) - Lightening Black",Oppo,F15,Mobiles,15990,https://i.gadgets360cdn.com/products/large/oppo-f15-370x800-1579157162.jpg?downsize=*:180&amp;output-quality=80&amp;output-format=webp,https://gadgets.ndtv.com/oppo-f15-price-in-india-91388,13
478,"Sony Xperia Z5 Dual (3GB RAM, 32GB) - Gold",Sony,Xperia Z5 Dual,Mobiles,52990,https://drop.ndtv.com/TECH/product_database/images/sony_z5_dual_db_2922_480X960_112201532240PM.jpg?downsize=*:180&amp;output-quality=80&amp;output-format=webp,https://gadgets.ndtv.com/sony-xperia-z5-dual-2922,42
479,"Oppo F1 (3GB RAM, 16GB) - Rose Gold",Oppo,F1,Mobiles,15890,https://drop.ndtv.com/TECH/product_database/images/DB_Oppo_F1_3230_480X960_229201660416PM.jpg?downsize=*:180&amp;output-quality=80&amp;output-format=webp,https://gadgets.ndtv.com/oppo-f1-3230,43
480,"Oppo F15 (8GB RAM, 128GB) - Lightening Black",Oppo,F15,Mobiles,20900,https://i.gadgets360cdn.com/products/large/oppo-f15-370x800-1579157162.jpg?downsize=*:180&amp;output-quality=80&amp;output-format=webp,https://gadgets.ndtv.com/oppo-f15-price-in-india-91388,30
481,"Vivo Y55s (3GB RAM, 16GB) - Space Grey",Vivo,Y55s,Mobiles,13490,https://drop.ndtv.com/TECH/product_database/images/db_y55s_2_4020_480X960_330201712030PM.jpg?downsize=*:180&amp;output-quality=80&amp;output-format=webp,https://gadgets.ndtv.com/vivo-y55s-4020,24
482,Apple iPhone XR (128GB) - Red,Apple,iPhone XR,Mobiles,49999,https://i.gadgets360cdn.com/products/large/1536782796_635_iphone_xr.jpg?downsize=*:180&amp;output-quality=80&amp;output-format=webp,https://gadgets.ndtv.com/apple-iphone-xr-5647,23
483,Apple iPhone XR (64GB) - Coral,Apple,iPhone XR,Mobiles,44999,https://i.gadgets360cdn.com/products/large/1536782796_635_iphone_xr.jpg?downsize=*:180&amp;output-quality=80&amp;output-format=webp,https://gadgets.ndtv.com/apple-iphone-xr-5647,49
484,Apple iPhone XR (64GB) - White,Apple,iPhone XR,Mobiles,44999,https://i.gadgets360cdn.com/products/large/1536782796_635_iphone_xr.jpg?downsize=*:180&amp;output-quality=80&amp;output-format=webp,https://gadgets.ndtv.com/apple-iphone-xr-5647,36
485,Apple iPhone XR (64GB) - Black,Apple,iPhone XR,Mobiles,44999,https://i.gadgets360cdn.com/products/large/1536782796_635_iphone_xr.jpg?downsize=*:180&amp;output-quality=80&amp;output-format=webp,https://gadgets.ndtv.com/apple-iphone-xr-5647,7
486,"Realme X2 (6GB RAM, 128GB) - Pearl Blue",Realme,X2,Mobiles,19390,https://i.gadgets360cdn.com/products/large/vivo-u10-380x800-1569303208.jpg?downsize=*:180&amp;output-quality=80&amp;output-format=webp,https://gadgets.ndtv.com/realme-x2-price-in-india-91148,35
487,"Realme X2 (4GB RAM, 64GB) - Pearl Green",Realme,X2,Mobiles,17999,https://i.gadgets360cdn.com/products/large/vivo-u10-380x800-1569303208.jpg?downsize=*:180&amp;output-quality=80&amp;output-format=webp,https://gadgets.ndtv.com/realme-x2-price-in-india-91148,17
488,"Samsung Galaxy Grand Prime (1GB RAM, 8GB) - Grey",Samsung,Galaxy Grand Prime,Mobiles,8500,https://drop.ndtv.com/TECH/product_database/images/930201460938PM_635_samsung_galaxy_grand_prime.jpeg?downsize=*:180&amp;output-quality=80&amp;output-format=webp,https://gadgets.ndtv.com/samsung-galaxy-grand-prime-2023,29
489,"Samsung Galaxy Grand Prime (1GB RAM, 8GB) - White",Samsung,Galaxy Grand Prime,Mobiles,5555,https://drop.ndtv.com/TECH/product_database/images/930201460938PM_635_samsung_galaxy_grand_prime.jpeg?downsize=*:180&amp;output-quality=80&amp;output-format=webp,https://gadgets.ndtv.com/samsung-galaxy-grand-prime-2023,14
490,"Realme X2 (4GB RAM, 64GB) - Pearl Blue",Realme,X2,Mobiles,17999,https://i.gadgets360cdn.com/products/large/vivo-u10-380x800-1569303208.jpg?downsize=*:180&amp;output-quality=80&amp;output-format=webp,https://gadgets.ndtv.com/realme-x2-price-in-india-91148,9
491,Apple iPhone XR (128GB) - Coral,Apple,iPhone XR,Mobiles,49999,https://i.gadgets360cdn.com/products/large/1536782796_635_iphone_xr.jpg?downsize=*:180&amp;output-quality=80&amp;output-format=webp,https://gadgets.ndtv.com/apple-iphone-xr-5647,49
492,"Poco M2 Pro (4GB RAM, 64GB) - Two Shades of Black",Poco,M2 Pro,Mobiles,12999,https://i.gadgets360cdn.com/products/large/poco-m2-pro-370x800-1594106898.jpg?downsize=*:180&amp;output-quality=80&amp;output-format=webp,https://gadgets.ndtv.com/poco-m2-pro-price-in-india-95298,44
493,"Poco M2 Pro (6GB RAM, 64GB) - Out of the Blue",Poco,M2 Pro,Mobiles,13999,https://i.gadgets360cdn.com/products/large/poco-m2-pro-370x800-1594106898.jpg?downsize=*:180&amp;output-quality=80&amp;output-format=webp,https://gadgets.ndtv.com/poco-m2-pro-price-in-india-95298,10
494,"Poco M2 Pro (6GB RAM, 64GB) - Green and Greener",Poco,M2 Pro,Mobiles,13999,https://i.gadgets360cdn.com/products/large/poco-m2-pro-370x800-1594106898.jpg?downsize=*:180&amp;output-quality=80&amp;output-format=webp,https://gadgets.ndtv.com/poco-m2-pro-price-in-india-95298,24
495,"Samsung Galaxy S20 (8GB RAM, 128GB) - Cloud Pink",Samsung,Galaxy S20,Mobiles,70499,https://i.gadgets360cdn.com/products/large/samsung-galaxy-s20-379x800-1581443902.jpg?downsize=*:180&amp;output-quality=80&amp;output-format=webp,https://gadgets.ndtv.com/samsung-galaxy-s20-price-in-india-91452,24
496,"Samsung Galaxy S20 (8GB RAM, 128GB) - Cloud Blue",Samsung,Galaxy S20,Mobiles,54999,https://i.gadgets360cdn.com/products/large/samsung-galaxy-s20-379x800-1581443902.jpg?downsize=*:180&amp;output-quality=80&amp;output-format=webp,https://gadgets.ndtv.com/samsung-galaxy-s20-price-in-india-91452,48
497,"Poco M2 Pro (6GB RAM, 64GB) - Two Shades of Black",Poco,M2 Pro,Mobiles,13999,https://i.gadgets360cdn.com/products/large/poco-m2-pro-370x800-1594106898.jpg?downsize=*:180&amp;output-quality=80&amp;output-format=webp,https://gadgets.ndtv.com/poco-m2-pro-price-in-india-95298,47
498,"Samsung Galaxy Grand Prime (1GB RAM, 8GB) - Gold",Samsung,Galaxy Grand Prime,Mobiles,4299,https://drop.ndtv.com/TECH/product_database/images/930201460938PM_635_samsung_galaxy_grand_prime.jpeg?downsize=*:180&amp;output-quality=80&amp;output-format=webp,https://gadgets.ndtv.com/samsung-galaxy-grand-prime-2023,27
499,"Samsung Galaxy S20 (8GB RAM, 128GB) - Cosmic Gray",Samsung,Galaxy S20,Mobiles,52915,https://i.gadgets360cdn.com/products/large/samsung-galaxy-s20-379x800-1581443902.jpg?downsize=*:180&amp;output-quality=80&amp;output-format=webp,https://gadgets.ndtv.com/samsung-galaxy-s20-price-in-india-91452,44
500,"Poco M2 Pro (6GB RAM, 128GB) - Green and Greener",Poco,M2 Pro,Mobiles,15999,https://i.gadgets360cdn.com/products/large/poco-m2-pro-370x800-1594106898.jpg?downsize=*:180&amp;output-quality=80&amp;output-format=webp,https://gadgets.ndtv.com/poco-m2-pro-price-in-india-95298,7
5703,"Micromax In Note 1 (4GB RAM, 64GB) - White",Micromax,In Note 1,Laptops,10999,https://i.gadgets360cdn.com/products/large/micromax-in-note-1-370x800-1604390182.jpg?downsize=*:180&amp;output-quality=80&amp;output-format=webp,https://gadgets.ndtv.com/micromax-in-note-1-price-in-india-98202?pfrom=topstory,8
5704,"HP Pavilion 15-AB205TX Laptop (Windows 10, 4GB RAM, 1000GB HDD, Intel Core i5, Natural Silver)",HP,Pavilion 15-ab205tx,Laptops,49790,https://i.gadgets360cdn.com/products/laptops/large/1525204288_635_pavilion-15-ab205tx.jpg?downsize=*:180&amp;output-quality=80&amp;output-format=webp,https://gadgets.ndtv.com/hp-pavilion-15-ab205tx-5055,30
5705,"HP Pavilion 15-AU626TX Laptop (Windows 10, 16GB RAM, 2000GB HDD, Intel Core i5, Natural Silver)",HP,Pavilion 15-AU626TX,Laptops,69980,https://i.gadgets360cdn.com/products/laptops/large/1546453021_635_hp_pavilion-15-au626tx.jpg?downsize=*:180&amp;output-quality=80&amp;output-format=webp,https://gadgets.ndtv.com/hp-pavilion-15-au626tx-5381,5
5706,"Asus R558UQ-DM539D Laptop (DOS, 4GB RAM, 1000GB HDD, Intel Core i5, Black, 15.6 inch)",Asus,R558UQ-DM539D,Laptops,35490,https://i.gadgets360cdn.com/products/laptops/large/1525207642_635_r558uq-dm539d.jpg?downsize=*:180&amp;output-quality=80&amp;output-format=webp,https://gadgets.ndtv.com/asus-r558uq-dm539d-5335,14
5707,"HP 240 G4 Laptop (DOS, 4GB RAM, 500GB HDD, Intel Core i3, Black, 14 inch)",HP,240 G4,Laptops,27500,https://i.gadgets360cdn.com/products/laptops/large/1525204305_635_240-g4.jpg?downsize=*:180&amp;output-quality=80&amp;output-format=webp,https://gadgets.ndtv.com/hp-240-g4-5066,31
5708,"Acer Aspire E E1-572G Laptop (Windows 8.1, 8GB RAM, 1000GB HDD, Intel Core i7, Black, 15.6 inch)",Acer,Aspire E E1-572G,Laptops,59500,https://i.gadgets360cdn.com/products/laptops/large/1525201889_635_aspire-e-e1-572g.jpg?downsize=*:180&amp;output-quality=80&amp;output-format=webp,https://gadgets.ndtv.com/acer-aspire-e-e1-572g-4787,33
5709,"Dell Inspiron 3000 3543 Laptop (Linux, 4GB RAM, 1000GB HDD, Intel Core i3, Black, 15.6 inch)",Dell,Inspiron 3000 3543,Laptops,28099,https://i.gadgets360cdn.com/products/laptops/large/1525204181_635_inspiron-3000-3543.jpg?downsize=*:180&amp;output-quality=80&amp;output-format=webp,https://gadgets.ndtv.com/dell-inspiron-3000-3543-5022,40
5710,"Asus X550LC-XX119H Laptop (Windows 8, 4GB RAM, 750GB HDD, Intel Core i5, Grey, 15.6 inch)",Asus,X550LC-XX119H,Laptops,46000,https://i.gadgets360cdn.com/products/laptops/large/1525202003_635_x550lc-xx119h.jpg?downsize=*:180&amp;output-quality=80&amp;output-format=webp,https://gadgets.ndtv.com/asus-x550lc-xx119h-4852,34
5711,"HP Pavilion 15-AU020TX Laptop (Windows 10, 4GB RAM, 1000GB HDD, Intel Core i7, Gold)",HP,Pavilion 15-AU020TX,Laptops,72500,https://i.gadgets360cdn.com/products/laptops/large/1546454284_635_hp_pavilion-15-au020tx.jpg?downsize=*:180&amp;output-quality=80&amp;output-format=webp,https://gadgets.ndtv.com/hp-pavilion-15-au020tx-5229,28
5712,"Asus Rog G551VW-FI242T Laptop (Windows 10, 16GB RAM, 1000GB HDD, Intel Core i7, Black, 15.6 inch)",Asus,G551VW-FI242T,Laptops,98500,https://i.gadgets360cdn.com/products/laptops/large/1525205917_635_g551vw-fi242t.jpg?downsize=*:180&amp;output-quality=80&amp;output-format=webp,https://gadgets.ndtv.com/asus-g551vw-fi242t-5141,44
5713,"HP Pavilion 15-AU620TX Laptop (Windows 10, 8GB RAM, 1000GB HDD, Intel Core i5, Natural Silver, 15.6 inch)",HP,Pavilion 15-au620tx,Laptops,56950,https://i.gadgets360cdn.com/products/laptops/large/1525207812_635_pavilion-15-au620tx.jpg?downsize=*:180&amp;output-quality=80&amp;output-format=webp,https://gadgets.ndtv.com/hp-pavilion-15-au620tx-5388,27
5714,"HP Pavilion 15-AU628TX Laptop (Windows 10, 8GB RAM, 1000GB HDD, Intel Core i7, Natural Silver, 15.6 inch)",HP,Pavilion 15-au628tx,Laptops,80250,https://i.gadgets360cdn.com/products/laptops/large/1525207818_635_pavilion-15-au628tx.jpg?downsize=*:180&amp;output-quality=80&amp;output-format=webp,https://gadgets.ndtv.com/hp-pavilion-15-au628tx-5391,34
5715,"HP 15-AY006TX Laptop (DOS, 8GB RAM, 1000GB HDD, Intel Core i3, Silver, 15.6 inch)",HP,15-ay006tx,Laptops,35799,https://i.gadgets360cdn.com/products/laptops/large/1525204399_635_15-ay006tx.jpg?downsize=*:180&amp;output-quality=80&amp;output-format=webp,https://gadgets.ndtv.com/hp-15-ay006tx-5093,34
5716,"Lenovo G50 45 Laptop (DOS, 2GB RAM, 500GB HDD, AMD Black, 15.6 inch)",Lenovo,G50 45,Laptops,17990,https://i.gadgets360cdn.com/products/laptops/large/1525206045_635_g50-45.jpg?downsize=*:180&amp;output-quality=80&amp;output-format=webp,https://gadgets.ndtv.com/lenovo-g50-45-4930,44
5717,"HP 15-BA021AX Laptop (DOS, 4GB RAM, 1000GB HDD, AMD Silver, 15.6 inch)",HP,Pavilion 15-ba021ax,Laptops,32490,https://i.gadgets360cdn.com/products/laptops/large/1525207787_635_pavilion-15-ba021ax.jpg?downsize=*:180&amp;output-quality=80&amp;output-format=webp,https://gadgets.ndtv.com/hp-pavilion-15-ba021ax-5376,37
5718,"HP Pavilion 15-AU009TX Laptop (Windows 10, 8GB RAM, 1000GB HDD, Intel Core i7, Silver)",HP,Pavilion 15-au009tx,Laptops,72249,https://i.gadgets360cdn.com/products/laptops/large/1525206219_635_pavilion-15-au009tx.jpg?downsize=*:180&amp;output-quality=80&amp;output-format=webp,https://gadgets.ndtv.com/hp-pavilion-15-au009tx-5228,37
5719,"MSI PS63 Modern 8RC-066IN 2019 Laptop (Windows 10 Home, 4GB RAM, 512GB SDD, Intel Core i7, Deep Carbon Grey, 15.6 Inches)",MSI,PS63 Modern 8RC,Laptops,102000,https://i.gadgets360cdn.com/products/large/1552655828_635_MSI_PS63_modern.jpg?downsize=*:180&amp;output-quality=80&amp;output-format=webp,https://gadgets.ndtv.com/msi-ps63-modern-8rc-12957,25
5720,"Acer Travel Mate TMP259-G2-MG Laptop (Linux, 8GB RAM, 1000GB HDD, Intel Core i5, Black)",Acer,TravelMate P2 TMP259-G2-MG,Laptops,42900,https://i.gadgets360cdn.com/products/laptops/large/1525207612_635_travelmate-p2-tmp259-g2-mg.jpg?downsize=*:180&amp;output-quality=80&amp;output-format=webp,https://gadgets.ndtv.com/acer-travelmate-p2-tmp259-g2-mg-5312,16
5721,"HP Pavilion 15-AB522TX Laptop (Windows 10, 8GB RAM, 1000GB HDD, Intel Core i5, Silver)",HP,Pavilion 15-ab522tx,Laptops,59190,https://i.gadgets360cdn.com/products/laptops/large/1525206210_635_pavilion-15-ab522tx.jpg?downsize=*:180&amp;output-quality=80&amp;output-format=webp,https://gadgets.ndtv.com/hp-pavilion-15-ab522tx-5223,48
5722,"HP Pavilion 15-AC179TX Laptop (DOS, 4GB RAM, 1000GB HDD, Intel Core i5, Silver)",HP,Pavilion 15-ac179tx,Laptops,43690,https://i.gadgets360cdn.com/products/laptops/large/1525206224_635_pavilion-15-ac179tx.jpg?downsize=*:180&amp;output-quality=80&amp;output-format=webp,https://gadgets.ndtv.com/hp-pavilion-15-ac179tx-5232,49
5723,"Asus R558UQ-DM540D Laptop (DOS, 4GB RAM, 1000GB HDD, Intel Core i5, Matte Golden, 15.6 inch)",Asus,R558UQ-DM540D,Laptops,40999,https://i.gadgets360cdn.com/products/laptops/large/1525207643_635_r558uq-dm540d.jpg?downsize=*:180&amp;output-quality=80&amp;output-format=webp,https://gadgets.ndtv.com/asus-r558uq-dm540d-5336,18
5724,"Asus R558UQ-DM701D Laptop (DOS, 8GB RAM, 1000GB HDD, Intel Core i7, Black, 15.6 inch)",Asus,R558UQ-DM701D,Laptops,51990,https://i.gadgets360cdn.com/products/laptops/large/1525207665_635_r558uq-dm701d.jpg?downsize=*:180&amp;output-quality=80&amp;output-format=webp,https://gadgets.ndtv.com/asus-r558uq-dm701d-5338,46
5725,"Asus R558UF-DM175D Laptop (DOS, 4GB RAM, 1000GB HDD, Intel Core i5, Gold, 15.6 inch)",Asus,R558UF-DM175D,Laptops,44390,https://i.gadgets360cdn.com/products/laptops/large/1525205925_635_r558uf-dm175d.jpg?downsize=*:180&amp;output-quality=80&amp;output-format=webp,https://gadgets.ndtv.com/asus-r558uf-dm175d-5146,21
5726,"HP 14-AC153TX Laptop (Windows 10, 4GB RAM, 1000GB HDD, Intel Core i3, Silver, 14 inch)",HP,14-ac153tx,Laptops,35999,https://i.gadgets360cdn.com/products/laptops/large/1525204308_635_14-ac153tx.jpg?downsize=*:180&amp;output-quality=80&amp;output-format=webp,https://gadgets.ndtv.com/hp-14-ac153tx-5068,27
5727,"HP Star Wars 15-AN003TX Laptop (Windows 10, 8GB RAM, 1000GB HDD, Intel Core i5, Black)",HP,15-an003tx,Laptops,63899,https://i.gadgets360cdn.com/products/laptops/large/1525206239_635_15-an003tx.jpg?downsize=*:180&amp;output-quality=80&amp;output-format=webp,https://gadgets.ndtv.com/hp-15-an003tx-5241,49
5728,"HP 15-AY507TX Laptop (Windows 10, 8GB RAM, 1000GB HDD, Intel Core i5, Silver, 15.6 inch)",HP,15-ay507tx,Laptops,47500,https://i.gadgets360cdn.com/products/laptops/large/1525206312_635_15-ay507tx.jpg?downsize=*:180&amp;output-quality=80&amp;output-format=webp,https://gadgets.ndtv.com/hp-15-ay507tx-5255,6
5729,"HP Pavilion 15-AB027TX Laptop (Windows 8.1, 4GB RAM, 1000GB HDD, Intel Core i3, Natural Silver, 15.6 inch)",HP,Pavilion 15-AB027TX,Laptops,44999,https://i.gadgets360cdn.com/products/laptops/large/1546455290_635_hp_pavilion-15-ab027tx.jpg?downsize=*:180&amp;output-quality=80&amp;output-format=webp,https://gadgets.ndtv.com/hp-pavilion-15-ab027tx-5053,18
5730,"HP 15-AB032TX Laptop (Windows 8.1, 8GB RAM, 1000GB HDD, Intel Core i5, Silver, 15.6 inch)",HP,Pavilion 15-ab032tx,Laptops,53800,https://i.gadgets360cdn.com/products/laptops/large/1525204301_635_pavilion-15-ab032tx.jpg?downsize=*:180&amp;output-quality=80&amp;output-format=webp,https://gadgets.ndtv.com/hp-pavilion-15-ab032tx-5063,22
5731,"HP Pavilion 15-AU084TX Laptop (Windows 10, 4GB RAM, 1000GB HDD, Intel Core i5, Silver)",HP,Pavilion 15-au084tx,Laptops,58174,https://i.gadgets360cdn.com/products/laptops/large/1525206222_635_pavilion-15-au084tx.jpg?downsize=*:180&amp;output-quality=80&amp;output-format=webp,https://gadgets.ndtv.com/hp-pavilion-15-au084tx-5230,18
5732,"Asus R558UF-DM176D Laptop (DOS, 4GB RAM, 1000GB HDD, Intel Core i5, Red, 15.6 inch)",Asus,R558UF-DM176D,Laptops,40900,https://i.gadgets360cdn.com/products/laptops/large/1525206020_635_r558uf-dm176d.jpg?downsize=*:180&amp;output-quality=80&amp;output-format=webp,https://gadgets.ndtv.com/asus-r558uf-dm176d-5164,33
5733,"HP Pavilion 15-AU006TX Laptop (Windows 10, 8GB RAM, 1000GB HDD, Intel Core i5, Silver, 15.6 inch)",HP,Pavilion 15-au006tx,Laptops,59355,https://i.gadgets360cdn.com/products/laptops/large/1525206216_635_pavilion-15-au006tx.jpg?downsize=*:180&amp;output-quality=80&amp;output-format=webp,https://gadgets.ndtv.com/hp-pavilion-15-au006tx-5226,18
5734,"Acer Aspire E E5-575 Laptop (Windows 10, 4GB RAM, 1000GB HDD, Intel Core i3, Black, 15.6 inch)",Acer,Aspire E E5-575,Laptops,26980,https://i.gadgets360cdn.com/products/laptops/large/1525207602_635_aspire-e-e5-575.jpg?downsize=*:180&amp;output-quality=80&amp;output-format=webp,https://gadgets.ndtv.com/acer-aspire-e-e5-575-5127,44
5735,"HP Pavilion 15-AC121TX Laptop (Windows 10, 4GB RAM, 1000GB HDD, Intel Core i3, White)",HP,Pavilion 15-ac121tx,Laptops,38900,https://i.gadgets360cdn.com/products/laptops/large/1525204274_635_pavilion-15-ac121tx.jpg?downsize=*:180&amp;output-quality=80&amp;output-format=webp,https://gadgets.ndtv.com/hp-pavilion-15-ac121tx-5047,6
5736,"Asus X540SA-XX311D Laptop (DOS, 4GB RAM, 500GB HDD, Intel Celeron, Gold, 15.6 inch)",Asus,X540SA-XX311D,Laptops,19999,https://i.gadgets360cdn.com/products/laptops/large/1525205943_635_x540sa-xx311d.jpg?downsize=*:180&amp;output-quality=80&amp;output-format=webp,https://gadgets.ndtv.com/asus-x540sa-xx311d-5158,48
5737,"HP Pavilion 15-AU624TX Laptop (Windows 10, 4GB RAM, 1000GB HDD, Intel Core i5, Silver, 15.6 inch)",HP,Pavilion 15-au624tx,Laptops,62000,https://i.gadgets360cdn.com/products/laptops/large/1525207794_635_pavilion-15-au624tx.jpg?downsize=*:180&amp;output-quality=80&amp;output-format=webp,https://gadgets.ndtv.com/hp-pavilion-15-au624tx-5380,22
5738,"Acer Aspire E5-575 Laptop (Windows 10, 4GB RAM, 1000GB HDD, Intel Core i5, Black, 15.6 inch)",Acer,Aspire E5-575,Laptops,40999,https://i.gadgets360cdn.com/products/laptops/large/1525207596_635_aspire-e5-575.jpg?downsize=*:180&amp;output-quality=80&amp;output-format=webp,https://gadgets.ndtv.com/acer-aspire-e5-575-5118,14
5739,"Lenovo Z51 70 Laptop (Windows 10, 4GB RAM, 1000GB HDD, Intel Core i5, Black, 15.6 inch)",Lenovo,Z51 70,Laptops,55000,https://i.gadgets360cdn.com/products/laptops/large/1525204431_635_z51-70.jpg?downsize=*:180&amp;output-quality=80&amp;output-format=webp,https://gadgets.ndtv.com/lenovo-z51-70-5110,30
5740,"Lenovo Y50 70 Laptop (Windows 8.1, 16GB RAM, 1000GB HDD, Intel Core i7, Black, 15.6 inch)",Lenovo,Y50 70,Laptops,59990,https://i.gadgets360cdn.com/products/laptops/large/1525202383_635_y50-70.jpg?downsize=*:180&amp;output-quality=80&amp;output-format=webp,https://gadgets.ndtv.com/lenovo-y50-70-4941,8
5741,"Asus R558UQ-DM513D Laptop (DOS, 4GB RAM, 1000GB HDD, Intel Core i5, Dark Blue, 15.6 inch)",Asus,R558UQ-DM513D,Laptops,41990,https://i.gadgets360cdn.com/products/laptops/large/1525207640_635_r558uq-dm513d.jpg?downsize=*:180&amp;output-quality=80&amp;output-format=webp,https://gadgets.ndtv.com/asus-r558uq-dm513d-5334,13
5742,"HP Envy AE008TX Laptop (Windows 8, 16GB RAM, 2000GB HDD, Intel Core i7, Silver)",HP,Envy 15-ae008tx,Laptops,89850,https://i.gadgets360cdn.com/products/laptops/large/1525204258_635_envy-15-ae008tx.jpg?downsize=*:180&amp;output-quality=80&amp;output-format=webp,https://gadgets.ndtv.com/hp-envy-15-ae008tx-5037,21
5743,"HP Pavilion X360 11-N032TU Laptop (Windows 8.1, 4GB RAM, 500GB HDD, Intel Pentium, Red)",HP,Pavilion x360 11-n032tu,Laptops,32000,https://i.gadgets360cdn.com/products/laptops/large/1525202082_635_pavilion-x360-11-n032tu.jpg?downsize=*:180&amp;output-quality=80&amp;output-format=webp,https://gadgets.ndtv.com/hp-pavilion-x360-11-n032tu-4895,26
5744,"HP Compaq 15-S105TU Laptop (DOS, 4GB RAM, 1000GB HDD, Intel Core i5, Grey)",HP,15-s105tu,Laptops,31999,https://i.gadgets360cdn.com/products/laptops/large/1525202345_635_15-s105tu.jpg?downsize=*:180&amp;output-quality=80&amp;output-format=webp,https://gadgets.ndtv.com/hp-15-s105tu-4924,25
5745,"HP Pavilion 15-AU008TX Laptop (Windows 10, 16GB RAM, 2000GB HDD, Intel Core i7, Silver)",HP,Pavilion 15-AU008TX,Laptops,80990,https://i.gadgets360cdn.com/products/laptops/large/1546455604_635_hp_pavilion-15-au008tx.jpg?downsize=*:180&amp;output-quality=80&amp;output-format=webp,https://gadgets.ndtv.com/hp-pavilion-15-au008tx-5227,33
5746,"HP Envy 15-W101TX Laptop (Windows 10, 8GB RAM, 1000GB HDD, Intel Core i7, Silver, 15.6 inch)",HP,Envy x360 15-w101tx,Laptops,59999,https://i.gadgets360cdn.com/products/laptops/large/1525206086_635_envy-x360-15-w101tx.jpg?downsize=*:180&amp;output-quality=80&amp;output-format=webp,https://gadgets.ndtv.com/hp-envy-x360-15-w101tx-5201,38
5747,"HP Pavilion 15-AB030TX Laptop (1000GB HDD, Intel Core i5, White)",HP,Pavilion 15-ab030tx,Laptops,50000,https://i.gadgets360cdn.com/products/laptops/large/1525204299_635_pavilion-15-ab030tx.jpg?downsize=*:180&amp;output-quality=80&amp;output-format=webp,https://gadgets.ndtv.com/hp-pavilion-15-ab030tx-5062,7
5748,"Asus Rog GL552VW-CN430T Laptop (Windows 10, 16GB RAM, 1000GB HDD, Intel Core i7, Grey, 15.6 inch)",Asus,ROG CN430T-GL552VW,Laptops,89990,https://i.gadgets360cdn.com/products/laptops/large/1525205930_635_rog-cn430t-gl552vw.jpg?downsize=*:180&amp;output-quality=80&amp;output-format=webp,https://gadgets.ndtv.com/asus-rog-cn430t-gl552vw-5149,5
5749,"Asus K555LB-DM109T Laptop (Windows 10, 8GB RAM, 1000GB HDD, Intel Core i5, Blue, 15.6 inch)",Asus,K555LB-DM109T,Laptops,49700,https://i.gadgets360cdn.com/products/laptops/large/1525204145_635_k555lb-dm109t.jpg?downsize=*:180&amp;output-quality=80&amp;output-format=webp,https://gadgets.ndtv.com/asus-k555lb-dm109t-5002,30
5750,"Asus X550CC-XO072D Laptop (DOS, 4GB RAM, 500GB HDD, Intel Core i3, Grey, 15.6 inch)",Asus,X550CC-XO072D,Laptops,32100,https://i.gadgets360cdn.com/products/laptops/large/1525200120_635_x550cc-xo072d.jpg?downsize=*:180&amp;output-quality=80&amp;output-format=webp,https://gadgets.ndtv.com/asus-x550cc-xo072d-4766,20
5751,"Asus S56CM-XO177H Laptop (Windows 8, 4GB RAM, 500GB HDD, Intel Core i3, Silver, 22 inch)",Asus,S56CM-XO177H,Laptops,38900,https://i.gadgets360cdn.com/products/laptops/large/1525200112_635_s56cm-xo177h.jpg?downsize=*:180&amp;output-quality=80&amp;output-format=webp,https://gadgets.ndtv.com/asus-s56cm-xo177h-4760,40
5752,"Asus R558UR-DM069D Laptop (DOS, 4GB RAM, 1000GB HDD, Intel Core i5, Black, 15.6 inch)",Asus,R558UR-DM069D,Laptops,40990,https://i.gadgets360cdn.com/products/laptops/large/1525205924_635_r558ur-dm069d.jpg?downsize=*:180&amp;output-quality=80&amp;output-format=webp,https://gadgets.ndtv.com/asus-r558ur-dm069d-5145,36
5753,"Asus Rog Strix GL502VT-FY026T Laptop (Windows 10, 16GB RAM, 1000GB HDD, Intel Core i7, Black, 15.6 inch)",Asus,ROG Strix GL502VT-FY026T,Laptops,114900,https://i.gadgets360cdn.com/products/laptops/large/1525205937_635_rog-strix-gl502vt-fy026t.jpg?downsize=*:180&amp;output-quality=80&amp;output-format=webp,https://gadgets.ndtv.com/asus-rog-strix-gl502vt-fy026t-5154,17
5754,"HP 15-AY008TX Laptop (DOS, 4GB RAM, 1000GB HDD, Intel Core i5, Silver)",HP,15-ay008tx,Laptops,42000,https://i.gadgets360cdn.com/products/laptops/large/1525206257_635_15-ay008tx.jpg?downsize=*:180&amp;output-quality=80&amp;output-format=webp,https://gadgets.ndtv.com/hp-15-ay008tx-5251,17
5755,"Asus Rog GL552VX-DM261T Laptop (Windows 10, 8GB RAM, 1000GB HDD, Intel Core i7, Black, 15.6 inch)",Asus,ROG GL552VX-DM261T,Laptops,69000,https://i.gadgets360cdn.com/products/laptops/large/1525205936_635_rog-gl552vx-dm261t.jpg?downsize=*:180&amp;output-quality=80&amp;output-format=webp,https://gadgets.ndtv.com/asus-rog-gl552vx-dm261t-5153,38
5756,"Dell Latitude 3550 Laptop (Linux, 4GB RAM, 500GB HDD, Intel Core i3, Black, 15.5 inch)",Dell,Latitude 3550,Laptops,27990,https://i.gadgets360cdn.com/products/laptops/large/1525202049_635_latitude-3550.jpg?downsize=*:180&amp;output-quality=80&amp;output-format=webp,https://gadgets.ndtv.com/dell-latitude-3550-4877,30
5757,"Acer Travel Mate P2-P249-MG Laptop (Windows 10, 4GB RAM, 500GB HDD, Intel Core i3, Black)",Acer,TravelMate P2 P249-MG,Laptops,39999,https://i.gadgets360cdn.com/products/laptops/large/1525207611_635_travelmate-p2-p249-mg.jpg?downsize=*:180&amp;output-quality=80&amp;output-format=webp,https://gadgets.ndtv.com/acer-travelmate-p2-p249-mg-5311,25
5758,"HP 15-AC121TU Laptop (Windows 10, 4GB RAM, 1000GB HDD, Intel Core i3, Blue, 15.6 inch)",HP,Pavilion 15-ac121tu,Laptops,33980,https://i.gadgets360cdn.com/products/laptops/large/1525204282_635_pavilion-15-ac121tu.jpg?downsize=*:180&amp;output-quality=80&amp;output-format=webp,https://gadgets.ndtv.com/hp-pavilion-15-ac121tu-5051,27
5759,"MSI CX62-7QL Laptop (DOS, 4GB RAM, 1000GB HDD, Intel Core i7, Black)",MSI,CX62 7QL,Laptops,53990,https://i.gadgets360cdn.com/products/laptops/large/1525207924_635_cx62-7ql.jpg?downsize=*:180&amp;output-quality=80&amp;output-format=webp,https://gadgets.ndtv.com/msi-cx62-7ql-5430,19
5760,"Acer Predator G9-792 Laptop (Windows 10, 16GB RAM, 1000GB HDD, Intel Core i7, Red, 17.3 inch)",Acer,Predator G9-792,Laptops,179999,https://i.gadgets360cdn.com/products/laptops/large/1525205905_635_predator-g9-792.jpg?downsize=*:180&amp;output-quality=80&amp;output-format=webp,https://gadgets.ndtv.com/acer-predator-g9-792-5133,18
5761,"Dell Vostro 2520 Laptop (Linux, 2GB RAM, 320GB HDD, Intel Pentium, Grey, 14 inch)",Dell,Vostro 2520,Laptops,30000,https://i.gadgets360cdn.com/products/laptops/large/1525200129_635_vostro-2520.jpg?downsize=*:180&amp;output-quality=80&amp;output-format=webp,https://gadgets.ndtv.com/dell-vostro-2520-4771,22
5762,"Asus X540SA-XX366D Laptop (DOS, 4GB RAM, Intel Celeron, Silver, 15.6 inch)",Asus,X540SA-XX366D,Laptops,18999,https://i.gadgets360cdn.com/products/laptops/large/1525205945_635_x540sa-xx366d.jpg?downsize=*:180&amp;output-quality=80&amp;output-format=webp,https://gadgets.ndtv.com/asus-x540sa-xx366d-5159,27
5763,"HP 15-AY554TU Laptop (Windows 10, 4GB RAM, 1000GB HDD, Intel Core i5, Silver, 15.6 inch)",HP,Pavilion 15-AY554TU,Laptops,36500,https://i.gadgets360cdn.com/products/laptops/large/1546455157_635_hp_pavilion-15-ay554tu.jpg?downsize=*:180&amp;output-quality=80&amp;output-format=webp,https://gadgets.ndtv.com/hp-pavilion-15-ay554tu-5213,9
5764,"HP 15-AY078TX Laptop (DOS, 8GB RAM, 1000GB HDD, Intel Core i7, Silver, 15.6 inch)",HP,Pavilion 15-ay078tx,Laptops,59000,https://i.gadgets360cdn.com/products/laptops/large/1525206196_635_pavilion-15-ay078tx.jpg?downsize=*:180&amp;output-quality=80&amp;output-format=webp,https://gadgets.ndtv.com/hp-pavilion-15-ay078tx-5215,35
5765,"Acer Aspire E E5-551G Laptop (Linux, 8GB RAM, 1000GB HDD, AMD Black, 15.6 inch)",Acer,Aspire E 15 E5-551G,Laptops,35800,https://i.gadgets360cdn.com/products/laptops/large/1525203896_635_aspire-e-15-e5-551g.jpg?downsize=*:180&amp;output-quality=80&amp;output-format=webp,https://gadgets.ndtv.com/acer-aspire-e-15-e5-551g-4964,37
5766,"HP Pavilion 15-AU114TX Laptop (Windows 10, 8GB RAM, 1000GB HDD, Intel Core i5, Silver, 15.6 inch)",HP,Pavilion 15-au114tx,Laptops,61603,https://i.gadgets360cdn.com/products/laptops/large/1525207809_635_pavilion-15-au114tx.jpg?downsize=*:180&amp;output-quality=80&amp;output-format=webp,https://gadgets.ndtv.com/hp-pavilion-15-au114tx-5386,34
5767,"Acer Aspire E5-575G Laptop (Linux, 4GB RAM, 1000GB HDD, Intel Core i3, 6th Gen, Black, 15.6 inch)",Acer,Aspire E 15 E5-575G,Laptops,24999,https://i.gadgets360cdn.com/products/laptops/large/1525205897_635_aspire-e-15-e5-575g.jpg?downsize=*:180&amp;output-quality=80&amp;output-format=webp,https://gadgets.ndtv.com/acer-aspire-e-15-e5-575g-5128,14
5768,"Dell Inspiron 5567 Laptop (Windows 10, 4GB RAM, 1000GB HDD, Intel Core i3, Black, 15.6 inch)",Dell,Inspiron 5567,Laptops,27490,https://i.gadgets360cdn.com/products/laptops/large/1525207703_635_inspiron-5567.jpg?downsize=*:180&amp;output-quality=80&amp;output-format=webp,https://gadgets.ndtv.com/dell-inspiron-5567-5361,15
5769,"HP 15-AF103AX Laptop (Windows 10, 4GB RAM, 1000GB HDD, AMD Silver)",HP,15-af103ax,Laptops,25990,https://i.gadgets360cdn.com/products/laptops/large/1525206253_635_15-af103ax.jpg?downsize=*:180&amp;output-quality=80&amp;output-format=webp,https://gadgets.ndtv.com/hp-15-af103ax-5249,10
5770,"HP 15-AY508TX Laptop (Windows 10, 8GB RAM, 1000GB HDD, Intel Core i3, Silver, 15.6 inch)",HP,15-ay508tx,Laptops,42490,https://i.gadgets360cdn.com/products/laptops/large/1525204407_635_15-ay508tx.jpg?downsize=*:180&amp;output-quality=80&amp;output-format=webp,https://gadgets.ndtv.com/hp-15-ay508tx-5098,15
5771,"HP Pavilion 15-AU118TX Laptop (Windows 10, 8GB RAM, 1000GB HDD, Intel Core i7, Silver)",HP,Pavilion 15-au118tx,Laptops,67999,https://i.gadgets360cdn.com/products/laptops/large/1525207810_635_pavilion-15-au118tx.jpg?downsize=*:180&amp;output-quality=80&amp;output-format=webp,https://gadgets.ndtv.com/hp-pavilion-15-au118tx-5387,42
5772,"HP 15-AC045TU Laptop (DOS, 4GB RAM, 1000GB HDD, Intel Core i5, Black, 15.6 inch)",HP,15-ac045tu,Laptops,38400,https://i.gadgets360cdn.com/products/laptops/large/1525204262_635_15-ac045tu.jpg?downsize=*:180&amp;output-quality=80&amp;output-format=webp,https://gadgets.ndtv.com/hp-15-ac045tu-5039,19
5773,"HP 15-AC040TU Laptop (DOS, 4GB RAM, 500GB HDD, Intel Pentium, Black, 15.6 inch)",HP,15-ac040tu,Laptops,21490,https://i.gadgets360cdn.com/products/laptops/large/1525204320_635_15-ac040tu.jpg?downsize=*:180&amp;output-quality=80&amp;output-format=webp,https://gadgets.ndtv.com/hp-15-ac040tu-5076,7
5774,"Asus X541UA-DM883D Laptop (DOS, 4GB RAM, 1000GB HDD, Intel Core i3, Silver, 15.6 inch)",Asus,X541UA-DM883D,Laptops,26999,https://i.gadgets360cdn.com/products/laptops/large/1525205948_635_x541ua-dm883d.jpg?downsize=*:180&amp;output-quality=80&amp;output-format=webp,https://gadgets.ndtv.com/asus-x541ua-dm883d-5161,43
5775,"HP 15-BS576TX Laptop (DOS, 8GB RAM, 1000GB HDD, Intel Core i5, Black, 15.6 inch)",HP,15-bs576tx,Laptops,42950,https://i.gadgets360cdn.com/products/laptops/large/1525207868_635_15-bs576tx.jpg?downsize=*:180&amp;output-quality=80&amp;output-format=webp,https://gadgets.ndtv.com/hp-15-bs576tx-5407,47
5776,"Lenovo Yoga 510 Laptop (Windows 10, 4GB RAM, 1000GB HDD, Intel Core i5, Black, 14 inch)",Lenovo,Yoga 510,Laptops,34990,https://i.gadgets360cdn.com/products/laptops/large/1525207905_635_yoga-510.jpg?downsize=*:180&amp;output-quality=80&amp;output-format=webp,https://gadgets.ndtv.com/lenovo-yoga-510-5417,17
5777,"HP 15-BG001AX Laptop (DOS, 4GB RAM, 1000GB HDD, AMD Turbo Silver, 15.6 inch)",HP,15-bg001ax,Laptops,27990,https://i.gadgets360cdn.com/products/laptops/large/1525206339_635_15-bg001ax.jpg?downsize=*:180&amp;output-quality=80&amp;output-format=webp,https://gadgets.ndtv.com/hp-15-bg001ax-5272,30
5778,"Asus A555LF-XX366D Laptop (DOS, 4GB RAM, 1000GB HDD, Intel Core i3, Black, 15.6 inch)",Asus,A555LF-XX366D,Laptops,32490,https://i.gadgets360cdn.com/products/laptops/large/1525204137_635_a555lf-xx366d.jpg?downsize=*:180&amp;output-quality=80&amp;output-format=webp,https://gadgets.ndtv.com/asus-a555lf-xx366d-4997,31
5779,"HP 15-AF008AX Laptop (DOS, 4GB RAM, 1000GB HDD, Quad Core A8, Black, 15.6 inch)",HP,15-af008ax,Laptops,24490,https://i.gadgets360cdn.com/products/laptops/large/1525206250_635_15-af008ax.jpg?downsize=*:180&amp;output-quality=80&amp;output-format=webp,https://gadgets.ndtv.com/hp-15-af008ax-5247,5
5780,"Asus X554LA-XX371H Laptop (Windows 8.1, 4GB RAM, 500GB HDD, Intel Core i3, Black, 15.6 inch)",Asus,X554LA-XX371H,Laptops,27990,https://i.gadgets360cdn.com/products/laptops/large/1525202032_635_x554la-xx371h.jpg?downsize=*:180&amp;output-quality=80&amp;output-format=webp,https://gadgets.ndtv.com/asus-x554la-xx371h-4866,33
5781,"HP 15-AY523TU Laptop (Windows 10, 4GB RAM, 500GB HDD, Intel Core i3, Silver, 15.6 inch)",HP,15-ay523tu,Laptops,30950,https://i.gadgets360cdn.com/products/laptops/large/1525204214_635_15-ay523tu.jpg?downsize=*:180&amp;output-quality=80&amp;output-format=webp,https://gadgets.ndtv.com/hp-15-ay523tu-5035,37
5782,"Dell Latitude 3000 3460 Laptop (Windows 10, 4GB RAM, 500GB HDD, Intel Core i3, Black, 14.1 inch)",Dell,Inspiron 3000 3460,Laptops,34990,https://i.gadgets360cdn.com/products/laptops/large/1525202048_635_inspiron-3000-3460.jpg?downsize=*:180&amp;output-quality=80&amp;output-format=webp,https://gadgets.ndtv.com/dell-inspiron-3000-3460-4876,40
5783,"Asus F550CC-CJ979H Laptop (Windows 8, 4GB RAM, 500GB HDD, Intel Core i3, Silver, 15.6 inch)",Asus,F550CC-CJ979H,Laptops,49599,https://i.gadgets360cdn.com/products/laptops/large/1525200110_635_f550cc-cj979h.jpg?downsize=*:180&amp;output-quality=80&amp;output-format=webp,https://gadgets.ndtv.com/asus-f550cc-cj979h-4759,44
5784,"Acer Aspire E E5-573 Laptop (Linux, 4GB RAM, 500GB HDD, Intel Core i3, Black, 15.6 inch)",Acer,Aspire E5-573,Laptops,25990,https://i.gadgets360cdn.com/products/laptops/large/1525203882_635_aspire-e5-573.jpg?downsize=*:180&amp;output-quality=80&amp;output-format=webp,https://gadgets.ndtv.com/acer-aspire-e5-573-4785,38
5785,"Asus A540LJ-DM325D Laptop (DOS, 4GB RAM, 1000GB HDD, Intel Core i3, Gold, 15.6 inch)",Asus,A540LJ-DM325D,Laptops,27990,https://i.gadgets360cdn.com/products/laptops/large/1525203939_635_a540lj-dm325d.jpg?downsize=*:180&amp;output-quality=80&amp;output-format=webp,https://gadgets.ndtv.com/asus-a540lj-dm325d-4991,15
5786,"HP Pavilion X360 14-AL010TX Laptop (Windows 10, 12GB RAM, 128GB HDD, Intel Core i7, Gold, 14.0 Inch)",HP,Pavilion 14-al010tx,Laptops,73990,https://i.gadgets360cdn.com/products/laptops/large/1525206206_635_pavilion-14-al010tx.jpg?downsize=*:180&amp;output-quality=80&amp;output-format=webp,https://gadgets.ndtv.com/hp-pavilion-14-al010tx-5221,49
5787,"HP 15-AC157TX Laptop (DOS, 4GB RAM, 500GB HDD, Intel Core i3, Silver)",HP,15-ac157tx,Laptops,30444,https://i.gadgets360cdn.com/products/laptops/large/1525204388_635_15-ac157tx.jpg?downsize=*:180&amp;output-quality=80&amp;output-format=webp,https://gadgets.ndtv.com/hp-15-ac157tx-5087,14
5788,"HP 15-AC027TX Laptop (DOS, 8GB RAM, 1000GB HDD, Intel Core i5, Black, 15.6 inch)",HP,15-ac027tx,Laptops,45990,https://i.gadgets360cdn.com/products/laptops/large/1525204315_635_15-ac027tx.jpg?downsize=*:180&amp;output-quality=80&amp;output-format=webp,https://gadgets.ndtv.com/hp-15-ac027tx-5073,50
5789,"HP Pavilion X360 13-S101TU Laptop (Windows 10, 4GB RAM, 1000GB HDD, Intel Core i3, Black, 13.3 inch)",HP,Pavilion x360 13-s101tu,Laptops,42887,https://i.gadgets360cdn.com/products/laptops/large/1525206228_635_pavilion-x360-13-s101tu.jpg?downsize=*:180&amp;output-quality=80&amp;output-format=webp,https://gadgets.ndtv.com/hp-pavilion-x360-13-s101tu-5235,21
5790,"HP 15-BE003TX Laptop (DOS, 8GB RAM, 1000GB HDD, Intel Core i3, Black, 15.6 inch)",HP,15-be003tx,Laptops,36725,https://i.gadgets360cdn.com/products/laptops/large/1525204409_635_15-be003tx.jpg?downsize=*:180&amp;output-quality=80&amp;output-format=webp,https://gadgets.ndtv.com/hp-15-be003tx-5099,42
5791,"HP Pavilion 15-AB516TX Laptop (Windows 10, 8GB RAM, 1000GB HDD, Intel Core i5, Natural Silver, 15.6 inch)",HP,Pavilion 15-ab516tx,Laptops,54330,https://i.gadgets360cdn.com/products/laptops/large/1525206226_635_pavilion-15-ab516tx.jpg?downsize=*:180&amp;output-quality=80&amp;output-format=webp,https://gadgets.ndtv.com/hp-pavilion-15-ab516tx-5233,16
5792,"HP 15-R014TX Laptop (Windows 8.1, 4GB RAM, 1000GB HDD, Intel Core i5, Black)",HP,15-r014tx,Laptops,42990,https://i.gadgets360cdn.com/products/laptops/large/1525202328_635_15-r014tx.jpg?downsize=*:180&amp;output-quality=80&amp;output-format=webp,https://gadgets.ndtv.com/hp-15-r014tx-4912,18
5793,"HP Pavilion 15-AC117TX Laptop (Windows 10, 8GB RAM, 1000GB HDD, Intel Core i3, White)",HP,Pavilion 15-ac117tx,Laptops,38860,https://i.gadgets360cdn.com/products/laptops/large/1525204291_635_pavilion-15-ac117tx.jpg?downsize=*:180&amp;output-quality=80&amp;output-format=webp,https://gadgets.ndtv.com/hp-pavilion-15-ac117tx-5057,50
5794,"HP 15-AC647TU Laptop (Windows 10, 4GB RAM, 500GB HDD, Intel Pentium, Black, 15.6 inch)",HP,15-ac647tu,Laptops,21490,https://i.gadgets360cdn.com/products/laptops/large/1525202318_635_15-ac647tu.jpg?downsize=*:180&amp;output-quality=80&amp;output-format=webp,https://gadgets.ndtv.com/hp-15-ac647tu-4906,39
5795,"HP 15-BA001AX Laptop (Windows 10, 4GB RAM, 1000GB HDD, AMD Silver, 15.6 inch)",HP,15-ba001ax,Laptops,30290,https://i.gadgets360cdn.com/products/laptops/large/1525206323_635_15-ba001ax.jpg?downsize=*:180&amp;output-quality=80&amp;output-format=webp,https://gadgets.ndtv.com/hp-15-ba001ax-5262,38
5796,"HP 15-BE015TX Laptop (DOS, 4GB RAM, 1000GB HDD, Intel Core i5, Silver, 15.6 inch)",HP,15-be015tx,Laptops,44900,https://i.gadgets360cdn.com/products/laptops/large/1525206335_635_15-be015tx.jpg?downsize=*:180&amp;output-quality=80&amp;output-format=webp,https://gadgets.ndtv.com/hp-15-be015tx-5269,27
5797,"HP 14-AR004TU Laptop (Windows 10, 4GB RAM, 1000GB HDD, Intel Core i3, Silver, 14 inch)",HP,14-ar004tu,Laptops,34690,https://i.gadgets360cdn.com/products/laptops/large/1525206243_635_14-ar004tu.jpg?downsize=*:180&amp;output-quality=80&amp;output-format=webp,https://gadgets.ndtv.com/hp-14-ar004tu-5243,50
5798,"Asus X541UA-DM1295D Laptop (DOS, 4GB RAM, 1000GB HDD, Intel Core i3, Silver, 15.6 inch)",Asus,VivoBook Max X541UA-DM1295D,Laptops,32999,https://i.gadgets360cdn.com/products/laptops/large/1525205942_635_vivobook-max-x541ua-dm1295d.jpg?downsize=*:180&amp;output-quality=80&amp;output-format=webp,https://gadgets.ndtv.com/asus-vivobook-max-x541ua-dm1295d-5157,5
5799,"HP 15-AY543TU Laptop (Windows 10, 4GB RAM, 1000GB HDD, Intel Core i3, Silver, 15.6 inch)",HP,15-ay543tu,Laptops,32490,https://i.gadgets360cdn.com/products/laptops/large/1525206319_635_15-ay543tu.jpg?downsize=*:180&amp;output-quality=80&amp;output-format=webp,https://gadgets.ndtv.com/hp-15-ay543tu-5259,16
5800,"Asus R558UR-DM124D Laptop (DOS, 4GB RAM, 1000GB HDD, Intel Core i5, Gold, 15.6 inch)",Asus,R558UR-DM124D,Laptops,40990,https://i.gadgets360cdn.com/products/laptops/large/1525205922_635_r558ur-dm124d.jpg?downsize=*:180&amp;output-quality=80&amp;output-format=webp,https://gadgets.ndtv.com/asus-r558ur-dm124d-5144,9
5801,"HP Pavilion 15-AC150TX Laptop (DOS, 4GB RAM, 500GB HDD, Intel Core i3, Black)",HP,Pavilion 15-ac150tx,Laptops,32660,https://i.gadgets360cdn.com/products/laptops/large/1525204293_635_pavilion-15-ac150tx.jpg?downsize=*:180&amp;output-quality=80&amp;output-format=webp,https://gadgets.ndtv.com/hp-pavilion-15-ac150tx-5058,24
5802,"HP Envy J008TX Laptop (Windows 8, 12GB RAM, 1000GB HDD, Intel Core i7, Silver)",HP,Envy 14-j008tx,Laptops,77399,https://i.gadgets360cdn.com/products/laptops/large/1525204216_635_envy-14-j008tx.jpg?downsize=*:180&amp;output-quality=80&amp;output-format=webp,https://gadgets.ndtv.com/hp-envy-14-j008tx-5036,23
5803,"Dell Inspiron 3467 Laptop (Linux, 4GB RAM, 1000GB HDD, Intel Core i3, Black, 14 inch)",Dell,Inspiron 3467,Laptops,26490,https://i.gadgets360cdn.com/products/laptops/large/1525206043_635_inspiron-3467.jpg?downsize=*:180&amp;output-quality=80&amp;output-format=webp,https://gadgets.ndtv.com/dell-inspiron-3467-5179,16
5804,"HP 15-AY021TU Laptop (Windows 10, 4GB RAM, 1000GB HDD, Intel Core i3, Silver)",HP,Pavilion 15-ay021tu,Laptops,35999,https://i.gadgets360cdn.com/products/laptops/large/1525204276_635_pavilion-15-ay021tu.jpg?downsize=*:180&amp;output-quality=80&amp;output-format=webp,https://gadgets.ndtv.com/hp-pavilion-15-ay021tu-5048,22
5805,"HP 15-R007TX Laptop (DOS, 4GB RAM, 1000GB HDD, Intel Core i5, Black)",HP,15-r007tx,Laptops,40990,https://i.gadgets360cdn.com/products/laptops/large/1525202326_635_15-r007tx.jpg?downsize=*:180&amp;output-quality=80&amp;output-format=webp,https://gadgets.ndtv.com/hp-15-r007tx-4911,22
5806,"HP Compaq 15-S005TX Laptop (DOS, 4GB RAM, 500GB HDD, Intel Core i3, Grey, 15.6 inch)",HP,15-s005tx,Laptops,32896,https://i.gadgets360cdn.com/products/laptops/large/1525202338_635_15-s005tx.jpg?downsize=*:180&amp;output-quality=80&amp;output-format=webp,https://gadgets.ndtv.com/hp-15-s005tx-4919,33
5807,"MSI Ghost Pro GS60-2PL Laptop (Windows 8.1, 8GB RAM, 1000GB HDD, Intel Core i7, Black)",MSI,GS60 2PL Ghost,Laptops,109990,https://i.gadgets360cdn.com/products/laptops/large/1525202398_635_gs60-2pl-ghost.jpg?downsize=*:180&amp;output-quality=80&amp;output-format=webp,https://gadgets.ndtv.com/msi-gs60-2pl-ghost-4949,21
5808,"HP 15-R244TX Laptop (DOS, 8GB RAM, 1000GB HDD, Intel Core i3, Black, 15.6 inch)",HP,15-r244tx,Laptops,35753,https://i.gadgets360cdn.com/products/laptops/large/1525202332_635_15-r244tx.jpg?downsize=*:180&amp;output-quality=80&amp;output-format=webp,https://gadgets.ndtv.com/hp-15-r244tx-4915,6
5809,"HP 15-R249TU Laptop (DOS, 4GB RAM, 1000GB HDD, Intel Core i3, Black, 15.6 inch)",HP,15-r249tu,Laptops,30990,https://i.gadgets360cdn.com/products/laptops/large/1525202310_635_15-r249tu.jpg?downsize=*:180&amp;output-quality=80&amp;output-format=webp,https://gadgets.ndtv.com/hp-15-r249tu-4900,22
5810,"HP 15-AY542TU Laptop (DOS, 4GB RAM, 1000GB HDD, Intel Core i3, Black, 15.6 inch)",HP,15-ay542tu,Laptops,28475,https://i.gadgets360cdn.com/products/laptops/large/1525206317_635_15-ay542tu.jpg?downsize=*:180&amp;output-quality=80&amp;output-format=webp,https://gadgets.ndtv.com/hp-15-ay542tu-5258,13
5811,"HP Pavilion X360 14-BA073TX Laptop (Windows 10, 8GB RAM, 1000GB HDD, Intel Core i5, Silver, 14.0 Inch)",HP,Pavilion x360 14-ba073tx,Laptops,61990,https://i.gadgets360cdn.com/products/laptops/large/1525207839_635_pavilion-x360-14-ba073tx.jpg?downsize=*:180&amp;output-quality=80&amp;output-format=webp,https://gadgets.ndtv.com/hp-pavilion-x360-14-ba073tx-5399,23
5812,"HP 15-AB125AX Laptop (Windows 10, 8GB RAM, 1000GB HDD, AMD Silver, 15.6 inch)",HP,Pavilion 15-ab125ax,Laptops,48000,https://i.gadgets360cdn.com/products/laptops/large/1525206192_635_pavilion-15-ab125ax.jpg?downsize=*:180&amp;output-quality=80&amp;output-format=webp,https://gadgets.ndtv.com/hp-pavilion-15-ab125ax-5212,10
5813,"Lenovo Ideapad 510 Laptop (Windows 10, 8GB RAM, 1000GB HDD, Intel Core i5, Gun Metal, 15.6 inch)",Lenovo,IdeaPad 510,Laptops,57309,https://i.gadgets360cdn.com/products/laptops/large/1525207702_635_ideapad-510.jpg?downsize=*:180&amp;output-quality=80&amp;output-format=webp,https://gadgets.ndtv.com/lenovo-ideapad-510-5360,44
5814,"HP 15-AC026TX Laptop (DOS, 4GB RAM, 1000GB HDD, Intel Core i5, Silver, 15.6 inch)",HP,15-ac026tx,Laptops,40533,https://i.gadgets360cdn.com/products/laptops/large/1525204314_635_15-ac026tx.jpg?downsize=*:180&amp;output-quality=80&amp;output-format=webp,https://gadgets.ndtv.com/hp-15-ac026tx-5072,24
5815,"HP 15-R006TX Laptop (DOS, 4GB RAM, 500GB HDD, Intel Core i3, Black)",HP,15-r006tx,Laptops,33990,https://i.gadgets360cdn.com/products/laptops/large/1525202309_635_15-r006tx.jpg?downsize=*:180&amp;output-quality=80&amp;output-format=webp,https://gadgets.ndtv.com/hp-15-r006tx-4899,33
5816,"MSI Apache Pro GE72MVR-7RG Laptop (Windows 10, 16GB RAM, 1000GB HDD, Intel Core i7, Black)",MSI,GE72MVR 7RG Apache Pro,Laptops,185990,https://i.gadgets360cdn.com/products/laptops/large/1525207910_635_ge72mvr-7rg-apache-pro.jpg?downsize=*:180&amp;output-quality=80&amp;output-format=webp,https://gadgets.ndtv.com/msi-ge72mvr-7rg-apache-pro-5420,47
5817,"Asus Vivobook F450CA-WX287P Laptop (Windows 8.1, 2GB RAM, 500GB HDD, Intel Core i3, Grey, 14 inch)",Asus,VivoBook F450CA-WX287P,Laptops,28999,https://i.gadgets360cdn.com/products/laptops/large/1525200113_635_vivobook-f450ca-wx287p.jpg?downsize=*:180&amp;output-quality=80&amp;output-format=webp,https://gadgets.ndtv.com/asus-vivobook-f450ca-wx287p-4761,50
5818,"Lenovo B40 80 Laptop (Windows 8, 2GB RAM, 500GB HDD, Intel Pentium, Black, 14 inch)",Lenovo,B40 80,Laptops,25990,https://i.gadgets360cdn.com/products/laptops/large/1525204418_635_b40-80.jpg?downsize=*:180&amp;output-quality=80&amp;output-format=webp,https://gadgets.ndtv.com/lenovo-b40-80-4927,12
5819,"HP 15-AC025TX Laptop (DOS, 4GB RAM, 500GB HDD, Intel Core i3, Silver, 15.6 inch)",HP,15-ac025tx,Laptops,33525,https://i.gadgets360cdn.com/products/laptops/large/1525204312_635_15-ac025tx.jpg?downsize=*:180&amp;output-quality=80&amp;output-format=webp,https://gadgets.ndtv.com/hp-15-ac025tx-5071,20
5820,"HP 15-R243TX Laptop (DOS, 4GB RAM, 1000GB HDD, Intel Core i3, Black, 15.6 inch)",HP,15-r243tx,Laptops,34025,https://i.gadgets360cdn.com/products/laptops/large/1525202331_635_15-r243tx.jpg?downsize=*:180&amp;output-quality=80&amp;output-format=webp,https://gadgets.ndtv.com/hp-15-r243tx-4914,36
5821,"Asus F451CA-VX152D Laptop (DOS, 2GB RAM, 500GB HDD, Intel Pentium, Black, 14 inch)",Asus,F451CA-VX152D,Laptops,27999,https://i.gadgets360cdn.com/products/laptops/large/1525200109_635_f451ca-vx152d.jpg?downsize=*:180&amp;output-quality=80&amp;output-format=webp,https://gadgets.ndtv.com/asus-f451ca-vx152d-4758,37
5822,"HP 15-AC024TX Laptop (DOS, 4GB RAM, 1000GB HDD, Intel Core i3, Black, 15.6 inch)",HP,15-ac024tx,Laptops,34500,https://i.gadgets360cdn.com/products/laptops/large/1525202314_635_15-ac024tx.jpg?downsize=*:180&amp;output-quality=80&amp;output-format=webp,https://gadgets.ndtv.com/hp-15-ac024tx-4903,44
5823,"HP 15-AC028TX Laptop (DOS, 8GB RAM, 1000GB HDD, Intel Core i7, Black, 15.6 inch)",HP,15-ac028tx,Laptops,63000,https://i.gadgets360cdn.com/products/laptops/large/1525204317_635_15-ac028tx.jpg?downsize=*:180&amp;output-quality=80&amp;output-format=webp,https://gadgets.ndtv.com/hp-15-ac028tx-5074,48
5824,"Asus Rog G551JK-DM053H Laptop (Windows 8.1, 8GB RAM, 1000GB HDD, Intel Core i7, Black, 15.6 inch)",Asus,ROG G551JK-DM053H,Laptops,81999,https://i.gadgets360cdn.com/products/laptops/large/1525201985_635_rog-g551jk-dm053h.jpg?downsize=*:180&amp;output-quality=80&amp;output-format=webp,https://gadgets.ndtv.com/asus-rog-g551jk-dm053h-4838,23
5825,"Dell Inspiron 5559 Laptop (Linux, 4GB RAM, 1000GB HDD, Intel Core i3, Black, 15.6 inch)",Dell,Inspiron 5559,Laptops,29990,https://i.gadgets360cdn.com/products/laptops/large/1525206065_635_inspiron-5559.jpg?downsize=*:180&amp;output-quality=80&amp;output-format=webp,https://gadgets.ndtv.com/dell-inspiron-5559-5188,7
5826,"HP Pavilion X360 14-AL110TX Laptop (Windows 10, 12GB RAM, 1000GB HDD, Intel Core i7, Gold, 14.0 Inch)",HP,Pavilion 14-al110tx,Laptops,94000,https://i.gadgets360cdn.com/products/laptops/large/1525207792_635_pavilion-14-al110tx.jpg?downsize=*:180&amp;output-quality=80&amp;output-format=webp,https://gadgets.ndtv.com/hp-pavilion-14-al110tx-5379,34
5827,"Lenovo G50 30 Laptop (Windows 8.1, 2GB RAM, 500GB HDD, Intel Pentium, Black, 15.6 inch)",Lenovo,G50 30 80G001Y2IN,Laptops,22450,https://i.gadgets360cdn.com/products/laptops/large/1525202352_635_g50-30-80g001y2in.jpg?downsize=*:180&amp;output-quality=80&amp;output-format=webp,https://gadgets.ndtv.com/lenovo-g50-30-80g001y2in-4929,12
5828,"Toshiba Satellite C50A-I0016 Laptop (DOS, 2GB RAM, 500GB HDD, Intel Core i3, Black)",Toshiba,Satellite C50-A I0016,Laptops,35430,https://i.gadgets360cdn.com/products/laptops/large/1525200141_635_satellite-c50-a-i0016.jpg?downsize=*:180&amp;output-quality=80&amp;output-format=webp,https://gadgets.ndtv.com/toshiba-satellite-c50-a-i0016-4779,50
5829,"HP Omen 15-AX002TX Laptop (Windows 10, 8GB RAM, 1000GB HDD, Intel Core i7, Black, 15.6 inch)",HP,Omen 15-ax002tx,Laptops,92500,https://i.gadgets360cdn.com/products/laptops/large/1525206190_635_omen-15-ax002tx.jpg?downsize=*:180&amp;output-quality=80&amp;output-format=webp,https://gadgets.ndtv.com/hp-omen-15-ax002tx-5211,7
5830,"HP Pavilion 15-AB108AX Laptop (Windows 10, 8GB RAM, 1000GB HDD, AMD Silver)",HP,Pavilion 15-ab108ax,Laptops,29997,https://i.gadgets360cdn.com/products/laptops/large/1525206202_635_pavilion-15-ab108ax.jpg?downsize=*:180&amp;output-quality=80&amp;output-format=webp,https://gadgets.ndtv.com/hp-pavilion-15-ab108ax-5219,14
5831,"Asus Rog G501VW-FI034T Laptop (Windows 10, 12GB RAM, 512GB HDD, Intel Core i7, Black, 15.6 inch)",Asus,ROG G501VW-FI034T,Laptops,115900,https://i.gadgets360cdn.com/products/laptops/large/1546455364_635_asus_rog-g501vw-fi034t.jpg?downsize=*:180&amp;output-quality=80&amp;output-format=webp,https://gadgets.ndtv.com/asus-rog-g501vw-fi034t-5150#gallery,6
5832,"HP Envy 14-J106TX Laptop (Windows 10, 12GB RAM, 1000GB HDD, Intel Core i7, Silver)",HP,Envy 14-j106tx,Laptops,97000,https://i.gadgets360cdn.com/products/laptops/large/1525206082_635_envy-14-j106tx.jpg?downsize=*:180&amp;output-quality=80&amp;output-format=webp,https://gadgets.ndtv.com/hp-envy-14-j106tx-5199,33
5833,"HP Pavilion 15-AB034TX Laptop (Windows 8.1, 8GB RAM, 1000GB HDD, Intel Core i7, White)",HP,Pavilion 15-ab034tx,Laptops,69337,https://i.gadgets360cdn.com/products/laptops/large/1525204287_635_pavilion-15-ab034tx.jpg?downsize=*:180&amp;output-quality=80&amp;output-format=webp,https://gadgets.ndtv.com/hp-pavilion-15-ab034tx-5054,22
5834,"HP 15-AC032TX Laptop (Windows 8, 8GB RAM, 1000GB HDD, Intel Core i3, Silver, 15.6 inch)",HP,15-ac032tx,Laptops,41990,https://i.gadgets360cdn.com/products/laptops/large/1525204318_635_15-ac032tx.jpg?downsize=*:180&amp;output-quality=80&amp;output-format=webp,https://gadgets.ndtv.com/hp-15-ac032tx-5075,50
5835,"HP 15-AC052TX Laptop (Windows 8.1, 8GB RAM, 1000GB HDD, Intel Core i5, Black, 15.6 inch)",HP,15-ac052tx,Laptops,50990,https://i.gadgets360cdn.com/products/laptops/large/1525204323_635_15-ac052tx.jpg?downsize=*:180&amp;output-quality=80&amp;output-format=webp,https://gadgets.ndtv.com/hp-15-ac052tx-5078,13
5836,"HP Pavilion 15-AC167TU Laptop (Windows 10, 2GB RAM, 500GB HDD, Intel Celeron, Black)",HP,Pavilion 15-ac167tu,Laptops,24500,https://i.gadgets360cdn.com/products/laptops/large/1525202079_635_pavilion-15-ac167tu.jpg?downsize=*:180&amp;output-quality=80&amp;output-format=webp,https://gadgets.ndtv.com/hp-pavilion-15-ac167tu-4893,30
5837,"Asus A555LA-XX2064D Laptop (DOS, 4GB RAM, 1000GB HDD, Intel Core i3, Silver & Black, 15.6 inch)",Asus,A555LA-XX2064D,Laptops,26490,https://i.gadgets360cdn.com/products/laptops/large/1525203946_635_a555la-xx2064d.jpg?downsize=*:180&amp;output-quality=80&amp;output-format=webp,https://gadgets.ndtv.com/asus-a555la-xx2064d-4995,5
5838,"HP Compaq 15-S104TX Laptop (DOS, 4GB RAM, 1000GB HDD, Intel Core i5, Grey)",HP,15-s104tx,Laptops,39490,https://i.gadgets360cdn.com/products/laptops/large/1525202344_635_15-s104tx.jpg?downsize=*:180&amp;output-quality=80&amp;output-format=webp,https://gadgets.ndtv.com/hp-15-s104tx-4923,15
5839,"Acer Aspire E5-573G Laptop (Windows 10, 4GB RAM, 1000GB HDD, Intel Core i5, Black, 15.6 inch)",Acer,Aspire E E5-573G,Laptops,40099,https://i.gadgets360cdn.com/products/laptops/large/1546456189_635_acer_aspire-e-e5-573g.jpg?downsize=*:180&amp;output-quality=80&amp;output-format=webp,https://gadgets.ndtv.com/acer-aspire-e-e5-573g-4962#gallery,38
5840,"Acer Aspire E ES1-131 Laptop (Windows 10, 2GB RAM, 500GB HDD, Intel Celeron, Black, 11.6 inch)",Acer,Aspire ES ES1-131,Laptops,18690,https://i.gadgets360cdn.com/products/laptops/large/1525201903_635_aspire-es-es1-131.jpg?downsize=*:180&amp;output-quality=80&amp;output-format=webp,https://gadgets.ndtv.com/acer-aspire-es-es1-131-4795,12
5841,"HP Pavilion 15-BC008TX Laptop (Windows 10, 16GB RAM, 1000GB HDD, Intel Core i7, Natural Silver, 15.6 inch)",HP,Pavilion 15-bc008tx,Laptops,96599,https://i.gadgets360cdn.com/products/laptops/large/1525206223_635_pavilion-15-bc008tx.jpg?downsize=*:180&amp;output-quality=80&amp;output-format=webp,https://gadgets.ndtv.com/hp-pavilion-15-bc008tx-5231,40
5842,"Asus X554LD-XX616D Laptop (DOS, 2GB RAM, 500GB HDD, Intel Core i3, Black, 15.6 inch)",Asus,X554LD-XX616D,Laptops,23990,https://i.gadgets360cdn.com/products/laptops/large/1525202011_635_x554ld-xx616d.jpg?downsize=*:180&amp;output-quality=80&amp;output-format=webp,https://gadgets.ndtv.com/asus-x554ld-xx616d-4858,25
5843,"MSI WS63-7RK Laptop (Windows 10, 32GB RAM, 1000GB HDD, Intel Core i7, Black, 15.6 inch)",MSI,WS63 7RK,Laptops,250000,https://i.gadgets360cdn.com/products/laptops/large/1525207933_635_ws63-7rk.jpg?downsize=*:180&amp;output-quality=80&amp;output-format=webp,https://gadgets.ndtv.com/msi-ws63-7rk-5434,49
5844,"MSI Apache Pro GE62VR-7RF Laptop (Windows 10, 16GB RAM, 1250GB HDD, Intel Core i7, Black, 15.6 inch)",MSI,GE62VR 7RF Apache Pro,Laptops,69990,https://i.gadgets360cdn.com/products/laptops/large/1525207908_635_ge62vr-7rf-apache-pro.jpg?downsize=*:180&amp;output-quality=80&amp;output-format=webp,https://gadgets.ndtv.com/msi-ge62vr-7rf-apache-pro-5419,38
5845,"HP 15-AC650TU Laptop (DOS, 4GB RAM, 1000GB HDD, Intel Core i5, Black, 15.6 inch)",HP,15-ac650tu,Laptops,33990,https://i.gadgets360cdn.com/products/laptops/large/1525202322_635_15-ac650tu.jpg?downsize=*:180&amp;output-quality=80&amp;output-format=webp,https://gadgets.ndtv.com/hp-15-ac650tu-4908,41
5846,"HP 14-R202TU Laptop (Windows 8.1, 4GB RAM, 500GB HDD, Intel Core i3, Black, 13.6 inch)",HP,Pavilion 14-r202tu,Laptops,30980,https://i.gadgets360cdn.com/products/laptops/large/1525202068_635_pavilion-14-r202tu.jpg?downsize=*:180&amp;output-quality=80&amp;output-format=webp,https://gadgets.ndtv.com/hp-pavilion-14-r202tu-4888,38
5847,"HP 15-AC123TX Laptop (Windows 10, 4GB RAM, 1000GB HDD, Intel Core i5, Silver, 15.6 inch)",HP,15-ac123tx,Laptops,43990,https://i.gadgets360cdn.com/products/laptops/large/1525204333_635_15-ac123tx.jpg?downsize=*:180&amp;output-quality=80&amp;output-format=webp,https://gadgets.ndtv.com/hp-15-ac123tx-5084,14
5848,"Acer Gateway NE-571-38U7 Laptop (Linux, 4GB RAM, 1000GB HDD, Intel Core i3, Black, 15.6 inch)",Acer,Gateway NE571-38U7,Laptops,26490,https://i.gadgets360cdn.com/products/laptops/large/1525203901_635_gateway-ne571-38u7.jpg?downsize=*:180&amp;output-quality=80&amp;output-format=webp,https://gadgets.ndtv.com/acer-gateway-ne571-38u7-4967,47
5849,"HP 14-AR003TU Laptop (DOS, 4GB RAM, 1000GB HDD, Intel Core i3, Silver, 14 inch)",HP,Imprint 14-ar003tu,Laptops,28990,https://i.gadgets360cdn.com/products/laptops/large/1525206088_635_imprint-14-ar003tu.jpg?downsize=*:180&amp;output-quality=80&amp;output-format=webp,https://gadgets.ndtv.com/hp-imprint-14-ar003tu-5202,48
5850,"Acer Predator G9-793 Laptop (Windows 10 Home, 16GB RAM, 2000GB HDD, Intel Core i7, Black, 15.6 inch)",Acer,Predator 17 G9-793,Laptops,100990,https://i.gadgets360cdn.com/products/laptops/large/1525207607_635_predator-17-g9-793.jpg?downsize=*:180&amp;output-quality=80&amp;output-format=webp,https://gadgets.ndtv.com/acer-predator-17-g9-793-5308,35
5851,"HP 15-AY011TX Laptop (Windows 10, 4GB RAM, 1000GB HDD, Intel Core i5, Silver, 15.6 inch)",HP,15-ay011tx,Laptops,47999,https://i.gadgets360cdn.com/products/laptops/large/1525206259_635_15-ay011tx.jpg?downsize=*:180&amp;output-quality=80&amp;output-format=webp,https://gadgets.ndtv.com/hp-15-ay011tx-5252,30
5852,"Lenovo Legion Ln Y520 Laptop (Windows 10, 8GB RAM, 1000GB HDD, Intel Core i5, Black, 15.6 inch)",Lenovo,Legion Y LN Y520 15IKBN,Laptops,64990,https://i.gadgets360cdn.com/products/laptops/large/1525207898_635_leigon-y-ln-y520-15ikbn.jpg?downsize=*:180&amp;output-quality=80&amp;output-format=webp,https://gadgets.ndtv.com/lenovo-leigon-y-ln-y520-15ikbn-5413,28
5853,"HP 15Q-BU007TU Laptop (DOS, 4GB RAM, 1000GB HDD, Intel Core i3, Black, 15.6 inch)",HP,Pavilion 15q-bu007tu,Laptops,27590,https://i.gadgets360cdn.com/products/laptops/large/1525206199_635_pavilion-15q-bu007tu.jpg?downsize=*:180&amp;output-quality=80&amp;output-format=webp,https://gadgets.ndtv.com/hp-pavilion-15q-bu007tu-5217,36
5854,"HP 15-R119TU Laptop (Windows 8.1, 4GB RAM, 500GB HDD, Intel Pentium, Black)",HP,Pavilion 15-r119tu,Laptops,22990,https://i.gadgets360cdn.com/products/laptops/large/1525202070_635_pavilion-15-r119tu.jpg?downsize=*:180&amp;output-quality=80&amp;output-format=webp,https://gadgets.ndtv.com/hp-pavilion-15-r119tu-4889,19
5855,"HP 15-BE004TX Laptop (DOS, 4GB RAM, 1000GB HDD, Intel Core i3, Black, 15.6 inch)",HP,15-be004tx,Laptops,30690,https://i.gadgets360cdn.com/products/laptops/large/1525204410_635_15-be004tx.jpg?downsize=*:180&amp;output-quality=80&amp;output-format=webp,https://gadgets.ndtv.com/hp-15-be004tx-5100,24
5856,"HP Pavilion 15-AC636TU Laptop (Windows 10, 4GB RAM, 1000GB HDD, Intel Core i3, Silver)",HP,Pavilion 15-ac636tu,Laptops,32500,https://i.gadgets360cdn.com/products/laptops/large/1525204294_635_pavilion-15-ac636tu.jpg?downsize=*:180&amp;output-quality=80&amp;output-format=webp,https://gadgets.ndtv.com/hp-pavilion-15-ac636tu-5059,49
5857,"HP Compaq 15-S008TU Laptop (DOS, 4GB RAM, 500GB HDD, Intel Core i3, Grey)",HP,Pavilion 15-s008tu,Laptops,26630,https://i.gadgets360cdn.com/products/laptops/large/1525202072_635_pavilion-15-s008tu.jpg?downsize=*:180&amp;output-quality=80&amp;output-format=webp,https://gadgets.ndtv.com/hp-pavilion-15-s008tu-4890,5
5858,"Toshiba Satellite C50A-E0110 Laptop (Windows 8.1, 2GB RAM, 500GB HDD, Intel Celeron, Black)",Toshiba,Satellite C50-A E0110,Laptops,23900,https://i.gadgets360cdn.com/products/laptops/large/1525202405_635_satellite-c50-a-e0110.jpg?downsize=*:180&amp;output-quality=80&amp;output-format=webp,https://gadgets.ndtv.com/toshiba-satellite-c50-a-e0110-4952,43
5859,"Asus Rog GL552VW-CN426T Laptop (Windows 10, 8GB RAM, 1000GB HDD, Intel Core i7, Black, 15.6 inch)",Asus,ROG GL552VW-CN426T,Laptops,73499,https://i.gadgets360cdn.com/products/laptops/large/1525205934_635_rog-gl552vw-cn426t.jpg?downsize=*:180&amp;output-quality=80&amp;output-format=webp,https://gadgets.ndtv.com/asus-rog-gl552vw-cn426t-5152,31
5860,"Lenovo Ideapad 310 Laptop (DOS, 4GB RAM, 1000GB HDD, Intel Core i3, Black, 15.6 inch)",Lenovo,IdeaPad 310 80SM01EVIH,Laptops,28386,https://i.gadgets360cdn.com/products/laptops/large/1525207896_635_ideapad-310-80sm01evih.jpg?downsize=*:180&amp;output-quality=80&amp;output-format=webp,https://gadgets.ndtv.com/lenovo-ideapad-310-80sm01evih-5412,30
5861,"Dell Inspiron 15R 5521 Laptop (Windows 8, 8GB RAM, 1000GB HDD, Intel Core i7, Silver, 15.6 inch)",Dell,Inspiron 15 5521,Laptops,67990,https://i.gadgets360cdn.com/products/laptops/large/1525200127_635_inspiron-15-5521.jpg?downsize=*:180&amp;output-quality=80&amp;output-format=webp,https://gadgets.ndtv.com/dell-inspiron-15-5521-4770,49
5862,"Dell Inspiron 7559 Laptop (Windows 10, 8GB RAM, 1000GB HDD, Intel Core i5, Black, 15.6 inch)",Dell,Inspiron 7559,Laptops,72990,https://i.gadgets360cdn.com/products/laptops/large/1525206046_635_inspiron-7559.jpg?downsize=*:180&amp;output-quality=80&amp;output-format=webp,https://gadgets.ndtv.com/dell-inspiron-7559-5180,45
5863,"Acer Aspire E ES1-572-33M8 Laptop (Linux, 4GB RAM, 1000GB HDD, Intel Core i3, Black, 15.6 inch)",Acer,Aspire ES1-572-33M8,Laptops,24900,https://i.gadgets360cdn.com/products/laptops/large/1525205888_635_aspire-es1-572-33m8.jpg?downsize=*:180&amp;output-quality=80&amp;output-format=webp,https://gadgets.ndtv.com/acer-aspire-es1-572-33m8-5121,8
5864,"Asus R558UQ-DM542D Laptop (DOS, 4GB RAM, 1000GB HDD, Intel Core i5, Red, 15.6 inch)",Asus,R558UQ-DM542D,Laptops,39990,https://i.gadgets360cdn.com/products/laptops/large/1525207663_635_r558uq-dm542d.jpg?downsize=*:180&amp;output-quality=80&amp;output-format=webp,https://gadgets.ndtv.com/asus-r558uq-dm542d-5337,34
5865,"Dell Inspiron 3565 Laptop (Linux, 4GB RAM, 500GB HDD, AMD Black, 15 inch)",Dell,Inspiron 3565,Laptops,19900,https://i.gadgets360cdn.com/products/laptops/large/1525207699_635_inspiron-3565.jpg?downsize=*:180&amp;output-quality=80&amp;output-format=webp,https://gadgets.ndtv.com/dell-inspiron-3565-5359,18
5866,"Asus Rog GL553VD-FY103T Laptop (Windows 10, 8GB RAM, 1000GB HDD, Intel Core i7, Black, 15.6 inch)",Asus,ROG GL553VD-FY103T,Laptops,79990,https://i.gadgets360cdn.com/products/laptops/large/1525207667_635_rog-gl553vd-fy103t.jpg?downsize=*:180&amp;output-quality=80&amp;output-format=webp,https://gadgets.ndtv.com/asus-rog-gl553vd-fy103t-5340,10
5867,"Asus TUF A15 Laptop (Window 10 Home, 8GB RAM, 1TB HDD, AMD Ryzen 7 4800H, Bonfire Black, 15.6 Inch)",Asus,TUF A15,Laptops,80990,https://i.gadgets360cdn.com/products/large/Asus-TUF-A15-DB-800x800-1591094674.jpg?downsize=*:180&amp;output-quality=80&amp;output-format=webp,https://gadgets.ndtv.com/asus-tuf-a15-price-in-india-94088,35
5868,"Asus Rog G551JX-DM036H Laptop (Windows 8.1, 16GB RAM, 1000GB HDD, Intel Core i7, Black, 15.6 inch)",Asus,ROG G551JX-DM036H,Laptops,86499,https://i.gadgets360cdn.com/products/laptops/large/1525201986_635_rog-g551jx-dm036h.jpg?downsize=*:180&amp;output-quality=80&amp;output-format=webp,https://gadgets.ndtv.com/asus-rog-g551jx-dm036h-4839,21
5869,"iBall CompBook Netizen Laptop (Windows 10 Home, 4GB RAM, 64GB HDD, Intel Celeron, Metallic Grey, 14.0 inch)",iBall,CompBook Netizen,Laptops,14990,https://i.gadgets360cdn.com/products/large/1553174442_635_iball_compbook_Netizen.jpg?downsize=*:180&amp;output-quality=80&amp;output-format=webp,https://gadgets.ndtv.com/iball-compbook-netizen-12971,9
5870,"HP 15-BE014TX Laptop (DOS, 4GB RAM, 1000GB HDD, Intel Core i3, Silver, 15.6 inch)",HP,15-be014tx,Laptops,35929,https://i.gadgets360cdn.com/products/laptops/large/1525206332_635_15-be014tx.jpg?downsize=*:180&amp;output-quality=80&amp;output-format=webp,https://gadgets.ndtv.com/hp-15-be014tx-5267,44
5871,"Asus Rog GL553VD-FY130T Laptop (Windows 10, 8GB RAM, 1000GB HDD, Intel Core i5, Black, 15.6 inch)",Asus,ROG GL553VD-FY130T,Laptops,72990,https://i.gadgets360cdn.com/products/laptops/large/1525207669_635_rog-gl553vd-fy130t.jpg?downsize=*:180&amp;output-quality=80&amp;output-format=webp,https://gadgets.ndtv.com/asus-rog-gl553vd-fy130t-5341,29
5872,"Asus X X550CC-XX922D Laptop (DOS, 4GB RAM, 500GB HDD, Intel Core i3, Red, 15.6 inch)",Asus,X550CC-XX922D,Laptops,29550,https://i.gadgets360cdn.com/products/laptops/large/1525200116_635_x550cc-xx922d.jpg?downsize=*:180&amp;output-quality=80&amp;output-format=webp,https://gadgets.ndtv.com/asus-x550cc-xx922d-4763,29
5873,"HP 15-AC124TX Laptop (Windows 10, 4GB RAM, 1000GB HDD, Intel Core i5, White, 15.6 inch)",HP,15-ac124tx,Laptops,44000,https://i.gadgets360cdn.com/products/laptops/large/1525204385_635_15-ac124tx.jpg?downsize=*:180&amp;output-quality=80&amp;output-format=webp,https://gadgets.ndtv.com/hp-15-ac124tx-5085,37
5874,"HP Pavilion 14-AL111TX Laptop (Windows 10, 8GB RAM, 1000GB HDD, Intel Core i5, Gold)",HP,Pavilion 14-al111tx,Laptops,66990,https://i.gadgets360cdn.com/products/laptops/large/1525204271_635_pavilion-14-al111tx.jpg?downsize=*:180&amp;output-quality=80&amp;output-format=webp,https://gadgets.ndtv.com/hp-pavilion-14-al111tx-5045,33
5875,"HP 15-AC152TX Laptop (DOS, 8GB RAM, 1000GB HDD, Intel Core i5, Silver)",HP,15-ac152tx,Laptops,41990,https://i.gadgets360cdn.com/products/laptops/large/1525206245_635_15-ac152tx.jpg?downsize=*:180&amp;output-quality=80&amp;output-format=webp,https://gadgets.ndtv.com/hp-15-ac152tx-5244,6
5876,"MSI Apache Pro GE62-7RE Laptop (Windows 10, 16GB RAM, 1000GB HDD, Intel Core i7, Camouflage, 15.6 inch)",MSI,GE62 7RE Apache Pro,Laptops,79999,https://i.gadgets360cdn.com/products/laptops/large/1525207907_635_ge62-7re-apache-pro.jpg?downsize=*:180&amp;output-quality=80&amp;output-format=webp,https://gadgets.ndtv.com/msi-ge62-7re-apache-pro-5418,13
5877,"Dell Latitude 3560 Laptop (Linux, 4GB RAM, 500GB HDD, Intel Core i3, Black, 15.6 inch)",Dell,Vostro 3000 3560,Laptops,28990,https://i.gadgets360cdn.com/products/laptops/large/1525204200_635_vastro-3000-3560.jpg?downsize=*:180&amp;output-quality=80&amp;output-format=webp,https://gadgets.ndtv.com/dell-vastro-3000-3560-5028,12
5878,"HP 15-AF024AU Laptop (Windows 8, 4GB RAM, 1000GB HDD, AMD Silver)",HP,15-af024au,Laptops,26990,https://i.gadgets360cdn.com/products/laptops/large/1525206252_635_15-af024au.jpg?downsize=*:180&amp;output-quality=80&amp;output-format=webp,https://gadgets.ndtv.com/hp-15-af024au-5248,13
5879,"Lenovo Ideapad 320E Laptop (Windows 10, 4GB RAM, 500GB HDD, AMD Denim Blue, 14.0 Inch)",Lenovo,IdeaPad 320E,Laptops,21990,https://i.gadgets360cdn.com/products/laptops/large/1525207873_635_ideapad-320e.jpg?downsize=*:180&amp;output-quality=80&amp;output-format=webp,https://gadgets.ndtv.com/lenovo-ideapad-320e-5409,10
5880,"HP 15-AY004TX Laptop (Windows 10, 4GB RAM, 1000GB HDD, Intel Core i3, Silver, 15.6 inch)",HP,15-ay004tx,Laptops,35490,https://i.gadgets360cdn.com/products/laptops/large/1525203881_635_15-ay004tx.jpg?downsize=*:180&amp;output-quality=80&amp;output-format=webp,https://gadgets.ndtv.com/hp-15-ay004tx-4953,8
5881,"HP 15Q-BU006TU Laptop (DOS, 8GB RAM, 1000GB HDD, Intel Core i3, Black, 15.6 inch)",HP,Pavilion 15q-bu006tu,Laptops,29297,https://i.gadgets360cdn.com/products/laptops/large/1525206198_635_pavilion-15q-bu006tu.jpg?downsize=*:180&amp;output-quality=80&amp;output-format=webp,https://gadgets.ndtv.com/hp-pavilion-15q-bu006tu-5216,38
5882,"MSI PE60-7RD Laptop (DOS, 16GB RAM, 1000GB HDD, Intel Core i7, Silver, 15.6 inch)",MSI,PE60 7RD,Laptops,84990,https://i.gadgets360cdn.com/products/laptops/large/1525207926_635_pe60-7rd.jpg?downsize=*:180&amp;output-quality=80&amp;output-format=webp,https://gadgets.ndtv.com/msi-pe60-7rd-5431,38
5883,"Asus Rog GL553VE-FY127T Laptop (Windows 10, 16GB RAM, 256GB HDD, Intel Core i7, Black, 15.6 inch)",Asus,ROG GL553VE-FY127T,Laptops,95999,https://i.gadgets360cdn.com/products/laptops/large/1525207672_635_rog-gl553ve-fy127t.jpg?downsize=*:180&amp;output-quality=80&amp;output-format=webp,https://gadgets.ndtv.com/asus-rog-gl553ve-fy127t-5343,22
5884,"HP 15-BE014TU Laptop (Windows 10, 32GB RAM, 1000GB HDD, Intel Core i3, Black, 15.6 inch)",HP,Imprint 15-be014tu,Laptops,34000,https://i.gadgets360cdn.com/products/laptops/large/1525206090_635_imprint-15-be014tu.jpg?downsize=*:180&amp;output-quality=80&amp;output-format=webp,https://gadgets.ndtv.com/hp-imprint-15-be014tu-5203,26
5885,"Dell Latitude 3450 Laptop (Windows 8, 4GB RAM, 500GB HDD, Intel Core i5, Black, 14 inch)",Dell,Latitude 3450,Laptops,55790,https://i.gadgets360cdn.com/products/laptops/large/1525204196_635_latitude-3450.jpg?downsize=*:180&amp;output-quality=80&amp;output-format=webp,https://gadgets.ndtv.com/dell-latitude-3450-5026,50
5886,"HP Pavilion 15-124TU Laptop (DOS, 4GB RAM, 1000GB HDD, Intel Core i5, Grey)",HP,15-124tu,Laptops,39699,https://i.gadgets360cdn.com/products/laptops/large/1525204213_635_15-124tu.jpg?downsize=*:180&amp;output-quality=80&amp;output-format=webp,https://gadgets.ndtv.com/hp-15-124tu-5034,17
5887,"HP Pavilion 15-P045TX Laptop (Windows 8.1, 8GB RAM, 1000GB HDD, Intel Core i7, Gold)",HP,15-p045tx,Laptops,59990,https://i.gadgets360cdn.com/products/laptops/large/1525202325_635_15-p045tx.jpg?downsize=*:180&amp;output-quality=80&amp;output-format=webp,https://gadgets.ndtv.com/hp-15-p045tx-4910,21
5888,"Asus X X550LD-XX064D Laptop (DOS, 4GB RAM, 1000GB HDD, Intel Core i5, Grey, 15.6 inch)",Asus,X550LD,Laptops,38750,https://i.gadgets360cdn.com/products/laptops/large/1525202004_635_x550ld.jpg?downsize=*:180&amp;output-quality=80&amp;output-format=webp,https://gadgets.ndtv.com/asus-x550ld-4853,32
5889,"HP Pavilion 15-AU627TX Laptop (Windows 10, 16GB RAM, 2000GB HDD, Intel Core i7, Silver, 15.6 inch)",HP,Pavilion 15-au627tx,Laptops,90073,https://i.gadgets360cdn.com/products/laptops/large/1525207816_635_pavilion-15-au627tx.jpg?downsize=*:180&amp;output-quality=80&amp;output-format=webp,https://gadgets.ndtv.com/hp-pavilion-15-au627tx-5390,30
5890,"HP 14-AC171TU Laptop (DOS, 4GB RAM, 1000GB HDD, Intel Core i3, Black, 14 inch)",HP,14-ac171tu,Laptops,30025,https://i.gadgets360cdn.com/products/laptops/large/1525204260_635_14-ac171tu.jpg?downsize=*:180&amp;output-quality=80&amp;output-format=webp,https://gadgets.ndtv.com/hp-14-ac171tu-5038,26
5891,"Dell Inspiron 5000 5559 Laptop (Windows 10, 4GB RAM, 1000GB HDD, Intel Core i5, Silver, 15.6 inch)",Dell,Inspiron 5000 5559,Laptops,42499,https://i.gadgets360cdn.com/products/laptops/large/1525206059_635_inspiron-5000-5559.jpg?downsize=*:180&amp;output-quality=80&amp;output-format=webp,https://gadgets.ndtv.com/dell-inspiron-5000-5559-5185,8
5892,"MSI WE62-7RJ Laptop (Windows 10, 16GB RAM, 1000GB HDD, Intel Core i7, Black, 15.6 inch)",MSI,WE62 7RJ,Laptops,99999,https://i.gadgets360cdn.com/products/laptops/large/1525207931_635_we62-7rj.jpg?downsize=*:180&amp;output-quality=80&amp;output-format=webp,https://gadgets.ndtv.com/msi-we62-7rj-5433,10
5893,"MSI PL62-7RC Laptop (DOS, 8GB RAM, 1000GB HDD, Intel Core i5, Silver, 15.6 inch)",MSI,PL62 7RC,Laptops,48990,https://i.gadgets360cdn.com/products/laptops/large/1525207929_635_pl62-7rc.jpg?downsize=*:180&amp;output-quality=80&amp;output-format=webp,https://gadgets.ndtv.com/msi-pl62-7rc-5432,48
5894,"HP Pavilion 15-AC117TU Laptop (DOS, 4GB RAM, 500GB HDD, Intel Celeron, Silver)",HP,Pavilion 15-ac-117tu,Laptops,19997,https://i.gadgets360cdn.com/products/laptops/large/1525202077_635_pavilion-15-ac-117tu.jpg?downsize=*:180&amp;output-quality=80&amp;output-format=webp,https://gadgets.ndtv.com/hp-pavilion-15-ac-117tu-4892,23
5895,"HP 15-R248TU Laptop (Windows 8.1, 2GB RAM, 500GB HDD, Intel Pentium, Black, 15.6 inch)",HP,15-r248tu,Laptops,20990,https://i.gadgets360cdn.com/products/laptops/large/1525202333_635_15-r248tu.jpg?downsize=*:180&amp;output-quality=80&amp;output-format=webp,https://gadgets.ndtv.com/hp-15-r248tu-4916,41
5896,"MSI Dominator Pro GT72VR-7RE Laptop (Windows 10, 16GB RAM, 1000GB HDD, Intel Core i7, Black)",MSI,GT72VR 7RE Dominator Pro,Laptops,203991,https://i.gadgets360cdn.com/products/laptops/large/1525207923_635_gt72vr-7re-dominator-pro.jpg?downsize=*:180&amp;output-quality=80&amp;output-format=webp,https://gadgets.ndtv.com/msi-gt72vr-7re-dominator-pro-5429,31
5897,"Acer Aspire E ES1-132 Laptop (Linux, 2GB RAM, 500GB HDD, Intel Celeron, Black, 11.6 inch)",Acer,Aspire ES1-132,Laptops,16990,https://i.gadgets360cdn.com/products/laptops/large/1525201887_635_aspire-es1-132.jpg?downsize=*:180&amp;output-quality=80&amp;output-format=webp,https://gadgets.ndtv.com/acer-aspire-es1-132-4786,21
5898,"HP 15-AY084TU Laptop (DOS, 4GB RAM, 1000GB HDD, Intel Core i5, Silver, 15.6 inch)",HP,15-ay084tu,Laptops,38690,https://i.gadgets360cdn.com/products/laptops/large/1525206263_635_15-ay084tu.jpg?downsize=*:180&amp;output-quality=80&amp;output-format=webp,https://gadgets.ndtv.com/hp-15-ay084tu-5253,10
5899,"MSI GE73VR-7RF Laptop (Windows 10, 16GB RAM, 256GB HDD, Intel Core i7, Black, 15.6 inch)",MSI,GE73VR 7RF Raider,Laptops,185890,https://i.gadgets360cdn.com/products/laptops/large/1525207912_635_ge73vr-7rf-raider.jpg?downsize=*:180&amp;output-quality=80&amp;output-format=webp,https://gadgets.ndtv.com/msi-ge73vr-7rf-raider-5422,35
5900,"Acer Aspire ES-15-ES1-572-33M8 Laptop (Linux, 4GB RAM, 500GB HDD, Intel Core i3, Black, 15.6 inch)",Acer,Aspire ES 15 ES1-572-33M8,Laptops,28499,https://i.gadgets360cdn.com/products/laptops/large/1525205902_635_aspire-es-15-es1-572-33m8.jpg?downsize=*:180&amp;output-quality=80&amp;output-format=webp,https://gadgets.ndtv.com/acer-aspire-es-15-es1-572-33m8-5131,49
5901,"HP 15-AC122TU Laptop (DOS, 4GB RAM, 1000GB HDD, Intel Core i3, Grey)",HP,15-ac122tu,Laptops,28599,https://i.gadgets360cdn.com/products/laptops/large/1525204332_635_15-ac122tu.jpg?downsize=*:180&amp;output-quality=80&amp;output-format=webp,https://gadgets.ndtv.com/hp-15-ac122tu-5083,20
5902,"Asus Rog GL553VE-FY047T Laptop (Windows 10, 8GB RAM, 1000GB HDD, Intel Core i7, Black, 15.6 inch)",Asus,ROG GL553VE-FY047T,Laptops,70990,https://i.gadgets360cdn.com/products/laptops/large/1525207670_635_rog-gl553ve-fy047t.jpg?downsize=*:180&amp;output-quality=80&amp;output-format=webp,https://gadgets.ndtv.com/asus-rog-gl553ve-fy047t-5342,38
5903,"HP 15-R250TU Laptop (DOS, 4GB RAM, 500GB HDD, Intel Pentium, Black, 15.6 inch)",HP,15-r250tu,Laptops,22444,https://i.gadgets360cdn.com/products/laptops/large/1525202335_635_15-r250tu.jpg?downsize=*:180&amp;output-quality=80&amp;output-format=webp,https://gadgets.ndtv.com/hp-15-r250tu-4917,41
5904,"HP Pavilion X360 14-BA078TX Laptop (Windows 10, 8GB RAM, 1000GB HDD, Intel Core i7, Silver, 14 inch)",HP,Pavilion x360 14-ba078tx,Laptops,82990,https://i.gadgets360cdn.com/products/laptops/large/1525207830_635_pavilion-x360-14-ba078tx.jpg?downsize=*:180&amp;output-quality=80&amp;output-format=webp,https://gadgets.ndtv.com/hp-pavilion-x360-14-ba078tx-5397,27
5905,"HP 15-BE006TU Laptop (Windows 10, 4GB RAM, 1000GB HDD, Intel Core i3, Silver, 15.6 inch)",HP,15-be006tu,Laptops,30799,https://i.gadgets360cdn.com/products/laptops/large/1525204412_635_15-be006tu.jpg?downsize=*:180&amp;output-quality=80&amp;output-format=webp,https://gadgets.ndtv.com/hp-15-be006tu-5101,47
5906,"Asus X540LA-XX596D Laptop (DOS, 4GB RAM, 1000GB HDD, Intel Core i3, Silver, 15.6 inch)",Asus,X540LA-XX596D,Laptops,25890,https://i.gadgets360cdn.com/products/laptops/large/1525204159_635_x540la-xx596d.jpg?downsize=*:180&amp;output-quality=80&amp;output-format=webp,https://gadgets.ndtv.com/asus-x540la-xx596d-5009,14
5907,"HP 15-AC184TU Laptop (DOS, 4GB RAM, 1000GB HDD, Intel Core i3, Jack Black, 15.6 inch)",HP,15-ac184tu,Laptops,24990,https://i.gadgets360cdn.com/products/laptops/large/1525204395_635_15-ac184tu.jpg?downsize=*:180&amp;output-quality=80&amp;output-format=webp,https://gadgets.ndtv.com/hp-15-ac184tu-5091,25
5908,"HP 15-AC082TX Laptop (DOS, 4GB RAM, 1000GB HDD, Intel Core i5, Black, 15.6 inch)",HP,15-ac082tx,Laptops,40499,https://i.gadgets360cdn.com/products/laptops/large/1525204325_635_15-ac082tx.jpg?downsize=*:180&amp;output-quality=80&amp;output-format=webp,https://gadgets.ndtv.com/hp-15-ac082tx-5079,6
5909,"Dell Inspiron 3558 Laptop (Linux, 4GB RAM, 500GB HDD, Intel Core i3, Black, 15.6 inch)",Dell,Inspiron 3558,Laptops,27851,https://i.gadgets360cdn.com/products/laptops/large/1525204186_635_inspiron-3558.jpg?downsize=*:180&amp;output-quality=80&amp;output-format=webp,https://gadgets.ndtv.com/dell-inspiron-3558-5024,9
5910,"Acer Aspire E ES1-521 Laptop (Linux, 4GB RAM, 1000GB HDD, AMD Black, 15.6 inch)",Acer,Aspire E ES1-521,Laptops,19500,https://i.gadgets360cdn.com/products/laptops/large/1525203895_635_aspire-e-es1-521.jpg?downsize=*:180&amp;output-quality=80&amp;output-format=webp,https://gadgets.ndtv.com/acer-aspire-e-es1-521-4963,7
5911,"Lenovo B50 80 Laptop (DOS, 4GB RAM, 500GB HDD, Intel Core i3, Black)",Lenovo,B50 80,Laptops,27060,https://i.gadgets360cdn.com/products/laptops/large/1525204165_635_b50-80.jpg?downsize=*:180&amp;output-quality=80&amp;output-format=webp,https://gadgets.ndtv.com/lenovo-b50-80-5013,5
5912,"Asus A555LF-XX150D Laptop (DOS, 4GB RAM, 1000GB HDD, Intel Core i3, Dark Brown, 15.6 inch)",Asus,A555LF-XX150D,Laptops,29649,https://i.gadgets360cdn.com/products/laptops/large/1525201918_635_a555lf-xx150d.jpg?downsize=*:180&amp;output-quality=80&amp;output-format=webp,https://gadgets.ndtv.com/asus-a555lf-xx150d-4806,15
5913,"Acer One S1002-15XR Laptop (Windows 8.1, 2GB RAM, 500GB HDD, Intel Atom, Silver, 10.1 inch)",Acer,One 10 S1002-15XR,Laptops,14000,https://i.gadgets360cdn.com/products/laptops/large/1546455246_635_acer_one-10-s1002-15xr.jpg?downsize=*:180&amp;output-quality=80&amp;output-format=webp,https://gadgets.ndtv.com/acer-one-10-s1002-15xr-4968,42
5914,"HP 15-AC044TU Laptop (DOS, 4GB RAM, 500GB HDD, Intel Core i3, Silver, 15.6 inch)",HP,15-ac044tu,Laptops,24997,https://i.gadgets360cdn.com/products/laptops/large/1525204321_635_15-ac044tu.jpg?downsize=*:180&amp;output-quality=80&amp;output-format=webp,https://gadgets.ndtv.com/hp-15-ac044tu-5077,11
5915,"Lenovo Yoga 500 Laptop (Windows 8.1, 4GB RAM, 500GB HDD, Intel Core i5, White, 14 inch)",Lenovo,Yoga 500,Laptops,42500,https://i.gadgets360cdn.com/products/laptops/large/1525206426_635_yoga-500.jpg?downsize=*:180&amp;output-quality=80&amp;output-format=webp,https://gadgets.ndtv.com/lenovo-yoga-500-5297,49
5916,"HP 15-AY005TX Laptop (DOS, 4GB RAM, 1000GB HDD, Intel Core i3, Silver, 15.6 inch)",HP,15-ay005tx,Laptops,32500,https://i.gadgets360cdn.com/products/laptops/large/1525204398_635_15-ay005tx.jpg?downsize=*:180&amp;output-quality=80&amp;output-format=webp,https://gadgets.ndtv.com/hp-15-ay005tx-5092,18
5917,"HP 15-AF001AX Laptop (Windows 8, 4GB RAM, 500GB HDD, AMD Silver)",HP,15-af001ax,Laptops,26297,https://i.gadgets360cdn.com/products/laptops/large/1525206071_635_15-af001ax.jpg?downsize=*:180&amp;output-quality=80&amp;output-format=webp,https://gadgets.ndtv.com/hp-15-af001ax-5192,43
5918,"HP Compaq 15-S106TU Laptop (Windows 8.1, 4GB RAM, 1000GB HDD, Intel Core i5, Grey)",HP,15-s106tu,Laptops,39990,https://i.gadgets360cdn.com/products/laptops/large/1525202346_635_15-s106tu.jpg?downsize=*:180&amp;output-quality=80&amp;output-format=webp,https://gadgets.ndtv.com/hp-15-s106tu-4925,6
5919,"HP Pavilion X360 13-U132TU Laptop (Windows 10, 4GB RAM, 1000GB HDD, Intel Core i5, Silver, 13.3 inch)",HP,Pavilion 13-u132tu-x360,Laptops,52099,https://i.gadgets360cdn.com/products/laptops/large/1525207791_635_pavilion-13-u132tu-x360.jpg?downsize=*:180&amp;output-quality=80&amp;output-format=webp,https://gadgets.ndtv.com/hp-pavilion-13-u132tu-x360-5378,8
5920,"Asus R558UR-DM069T Laptop (Windows 10, 4GB RAM, 1000GB HDD, Intel Core i5, Black, 15.6 inch)",Asus,R558UR-DM069T,Laptops,44990,https://i.gadgets360cdn.com/products/laptops/large/1525206031_635_r558ur-dm069t.jpg?downsize=*:180&amp;output-quality=80&amp;output-format=webp,https://gadgets.ndtv.com/asus-r558ur-dm069t-5171,7
5921,"HP 15-BG003AU Laptop (DOS, 4GB RAM, 500GB HDD, AMD Silver, 15.6 inch)",HP,15-bg003au,Laptops,18990,https://i.gadgets360cdn.com/products/laptops/large/1525206342_635_15-bg003au.jpg?downsize=*:180&amp;output-quality=80&amp;output-format=webp,https://gadgets.ndtv.com/hp-15-bg003au-5274,14
5922,"HP Pavilion X360 14-BA075TX Laptop (Windows 10, 4GB RAM, 1000GB HDD, Intel Core i3, Silver, 14 inch)",HP,Pavilion x360 14-ba075tx,Laptops,49990,https://i.gadgets360cdn.com/products/laptops/large/1525207841_635_pavilion-x360-14-ba075tx.jpg?downsize=*:180&amp;output-quality=80&amp;output-format=webp,https://gadgets.ndtv.com/hp-pavilion-x360-14-ba075tx-5400,27
5923,"HP 15-R206TU Laptop (Windows 8.1, 4GB RAM, 500GB HDD, Intel Core i3, Black, 15.6 inch)",HP,15-r206tu,Laptops,32593,https://i.gadgets360cdn.com/products/laptops/large/1525204413_635_15-r206tu.jpg?downsize=*:180&amp;output-quality=80&amp;output-format=webp,https://gadgets.ndtv.com/hp-15-r206tu-5102,6
5924,"HP 15-AC101TU Laptop (Windows 10, 4GB RAM, 1000GB HDD, Intel Core i3, Silver, 15.6 inch)",HP,15-ac101tu,Laptops,32645,https://i.gadgets360cdn.com/products/laptops/large/1525204329_635_15-ac101tu.jpg?downsize=*:180&amp;output-quality=80&amp;output-format=webp,https://gadgets.ndtv.com/hp-15-ac101tu-5081,11
5925,"Asus X450CA-WX214D Laptop (DOS, 2GB RAM, 500GB HDD, Intel Core i3, Black, 14 inch)",Asus,X450CA-WX214D,Laptops,24445,https://i.gadgets360cdn.com/products/laptops/large/1525200125_635_x450ca-wx214d.jpg?downsize=*:180&amp;output-quality=80&amp;output-format=webp,https://gadgets.ndtv.com/asus-x450ca-wx214d-4768,11
5926,"Dell Inspiron 7560 Laptop (Windows 10, 8GB RAM, 1000GB HDD, Intel Core i7, Silver, 15.6 inch)",Dell,Inspiron 7000 7560,Laptops,70716,https://i.gadgets360cdn.com/products/laptops/large/1525207722_635_inspiron-7000-7560.jpg?downsize=*:180&amp;output-quality=80&amp;output-format=webp,https://gadgets.ndtv.com/dell-inspiron-7000-7560-5373,12
5927,"HP Pavilion X360 13-U135TU Laptop (Windows 10, 8GB RAM, 256GB HDD, Intel Core i7, Natural Silver, 13.3 inch)",HP,Pavilion x360 13-u135tu,Laptops,59990,https://i.gadgets360cdn.com/products/laptops/large/1525207827_635_pavilion-x360-13-u135tu.jpg?downsize=*:180&amp;output-quality=80&amp;output-format=webp,https://gadgets.ndtv.com/hp-pavilion-x360-13-u135tu-5396,27
5928,"Lenovo Ideapad Y700 Laptop (Windows 10, 8GB RAM, 1000GB HDD, Intel Core i7, Black, 15.6 inch)",Lenovo,IdeaPad Y700 15ISK,Laptops,69399,https://i.gadgets360cdn.com/products/laptops/large/1525206352_635_ideapad-y700-15isk.jpg?downsize=*:180&amp;output-quality=80&amp;output-format=webp,https://gadgets.ndtv.com/lenovo-ideapad-y700-15isk-5280,12
5929,"Dell Inspiron 5000 5577 Laptop (Windows 10, 8GB RAM, 1000GB HDD, Intel Core i5, Black, 15.6 inch)",Dell,Inspiron 5000 5577,Laptops,63160,https://i.gadgets360cdn.com/products/laptops/large/1525207707_635_inspiron-5000-5577.jpg?downsize=*:180&amp;output-quality=80&amp;output-format=webp,https://gadgets.ndtv.com/dell-inspiron-5000-5577-5363,16
5930,"HP 14-R053TU Laptop (Windows 8.1, 4GB RAM, 500GB HDD, Intel Core i3, Black, 13.6 inch)",HP,Pavilion 14-r053tu,Laptops,30990,https://i.gadgets360cdn.com/products/laptops/large/1525202067_635_pavilion-14-r053tu.jpg?downsize=*:180&amp;output-quality=80&amp;output-format=webp,https://gadgets.ndtv.com/hp-pavilion-14-r053tu-4887,24
5931,"HP 15-AC169TU Laptop (DOS, 4GB RAM, 1000GB HDD, Intel Pentium, Black)",HP,15-ac169tu,Laptops,22280,https://i.gadgets360cdn.com/products/laptops/large/1525204392_635_15-ac169tu.jpg?downsize=*:180&amp;output-quality=80&amp;output-format=webp,https://gadgets.ndtv.com/hp-15-ac169tu-5089,23
5932,"HP Compaq 15-S006TU Laptop (DOS, 4GB RAM, 500GB HDD, Intel Core i5, Charcoal Grey)",HP,15-s006tu,Laptops,38304,https://i.gadgets360cdn.com/products/laptops/large/1525202339_635_15-s006tu.jpg?downsize=*:180&amp;output-quality=80&amp;output-format=webp,https://gadgets.ndtv.com/hp-15-s006tu-4920,35
5933,"HP 15-AC120TU Laptop (Windows 10, 4GB RAM, 1000GB HDD, Intel Core i3, Red, 15.6 inch)",HP,15-ac120tu,Laptops,33800,https://i.gadgets360cdn.com/products/laptops/large/1525204330_635_15-ac120tu.jpg?downsize=*:180&amp;output-quality=80&amp;output-format=webp,https://gadgets.ndtv.com/hp-15-ac120tu-5082,18
5934,"Dell Alienware 15 Laptop (Windows 10, 8GB RAM, 1000GB HDD, Intel Core i7, 15.6 inch)",Dell,Alienware 15,Laptops,163679,https://i.gadgets360cdn.com/products/laptops/large/1525206039_635_alienware-15.jpg?downsize=*:180&amp;output-quality=80&amp;output-format=webp,https://gadgets.ndtv.com/dell-alienware-15-5176,50
5935,"HP 15-AC173TU Laptop (Windows 10, 4GB RAM, 1000GB HDD, Intel Pentium, Black)",HP,15-ac173tu,Laptops,27800,https://i.gadgets360cdn.com/products/laptops/large/1525204265_635_15-ac173tu.jpg?downsize=*:180&amp;output-quality=80&amp;output-format=webp,https://gadgets.ndtv.com/hp-15-ac173tu-5041,27
5936,"Acer Aspire V3 574G Laptop (Windows 10, 8GB RAM, 1000GB HDD, Intel Core i5, Black, 15.6 inch)",Acer,Aspire V3-574G,Laptops,47990,https://i.gadgets360cdn.com/products/laptops/large/1525204146_635_aspire-v3-574g.jpg?downsize=*:180&amp;output-quality=80&amp;output-format=webp,https://gadgets.ndtv.com/acer-aspire-v3-574g-4956,48
5937,"HP 15-AC149TX Laptop (DOS, 8GB RAM, 1000GB HDD, Intel Core i3, Silver)",HP,15-ac149tx,Laptops,36990,https://i.gadgets360cdn.com/products/laptops/large/1525204264_635_15-ac149tx.jpg?downsize=*:180&amp;output-quality=80&amp;output-format=webp,https://gadgets.ndtv.com/hp-15-ac149tx-5040,39
5938,"HP 15-AC168TU Laptop (Windows 10, 4GB RAM, 500GB HDD, Intel Pentium, Black, 15.6 inch)",HP,15-ac168tu,Laptops,21790,https://i.gadgets360cdn.com/products/laptops/large/1525204390_635_15-ac168tu.jpg?downsize=*:180&amp;output-quality=80&amp;output-format=webp,https://gadgets.ndtv.com/hp-15-ac168tu-5088,27
5939,"Acer Aspire E E1-570 Laptop (Windows 8, 4GB RAM, 500GB HDD, Intel Core i3, Black, 15.6 inch)",Acer,Aspire E E1-570/NX.MEPSI.007,Laptops,28000,https://i.gadgets360cdn.com/products/laptops/large/1525200099_635_aspire-e-e1-570-nx-mepsi-007.jpg?downsize=*:180&amp;output-quality=80&amp;output-format=webp,https://gadgets.ndtv.com/acer-aspire-e-e1-570-nx-mepsi-007-4751,7
5940,"HP 15-BE012TU Laptop (DOS, 4GB RAM, 1000GB HDD, Intel Core i3, Sparkling Black, 15.6 inch)",HP,15-be012tu,Laptops,27490,https://i.gadgets360cdn.com/products/laptops/large/1525206330_635_15-be012tu.jpg?downsize=*:180&amp;output-quality=80&amp;output-format=webp,https://gadgets.ndtv.com/hp-15-be012tu-5266,46
5941,"Asus A540LJ-DM668D Laptop (DOS, 4GB RAM, 1000GB HDD, Intel Core i3, Red, 15.6 inch)",Asus,A540LJ-DM668D,Laptops,27990,https://i.gadgets360cdn.com/products/laptops/large/1525203941_635_a540lj-dm668d.jpg?downsize=*:180&amp;output-quality=80&amp;output-format=webp,https://gadgets.ndtv.com/asus-a540lj-dm668d-4992,26
5942,"Asus X X541UJ-GO063 Laptop (DOS, 4GB RAM, 1000GB HDD, Intel Core i3, Black, 15.6 inch)",Asus,X541UJ-GO063,Laptops,30990,https://i.gadgets360cdn.com/products/laptops/large/1525205949_635_x541uj-go063.jpg?downsize=*:180&amp;output-quality=80&amp;output-format=webp,https://gadgets.ndtv.com/asus-x541uj-go063-5162,44
5943,"Acer Aspire E E1-570G Laptop (Windows 8.1, 4GB RAM, 500GB HDD, Intel Core i3, Black, 15.6 inch)",Acer,Aspire E E1-570G,Laptops,33850,https://i.gadgets360cdn.com/products/laptops/large/1525200100_635_aspire-e-e1-570g.jpg?downsize=*:180&amp;output-quality=80&amp;output-format=webp,https://gadgets.ndtv.com/acer-aspire-e-e1-570g-4752,14
5944,"Lenovo Ideapad 520S Laptop (Windows 10, 8GB RAM, 1000GB HDD, Intel Core i5, Grey, 14 inch)",Lenovo,IdeaPad 520S,Laptops,58623,https://i.gadgets360cdn.com/products/laptops/large/1525207875_635_ideapad-520s.jpg?downsize=*:180&amp;output-quality=80&amp;output-format=webp,https://gadgets.ndtv.com/lenovo-ideapad-520s-5410,48
5945,"Dell Alienware 17 Laptop (Windows 10, 16GB RAM, 1000GB HDD, Intel Core i7, 17 inch)",Dell,Alienware 17,Laptops,189990,https://i.gadgets360cdn.com/products/laptops/large/1525206041_635_alienware-17.jpg?downsize=*:180&amp;output-quality=80&amp;output-format=webp,https://gadgets.ndtv.com/dell-alienware-17-5177,40
5946,"Asus A555LF-XX211D Laptop (DOS, 4GB RAM, 1000GB HDD, Intel Core i3, Glossy Gradient Blue, 15.6 inch)",Asus,A555LF-XX211D,Laptops,28990,https://i.gadgets360cdn.com/products/laptops/large/1525201924_635_a555lf-xx211d.jpg?downsize=*:180&amp;output-quality=80&amp;output-format=webp,https://gadgets.ndtv.com/asus-a555lf-xx211d-4809,6
5947,"Asus A555LA-XX2384T Laptop (Windows 10, 4GB RAM, 1000GB HDD, Intel Core i3, Gold & Black, 15.6 inch)",Asus,A555LA-XX2384T,Laptops,29000,https://i.gadgets360cdn.com/products/laptops/large/1525203932_635_a555la-xx2384t.jpg?downsize=*:180&amp;output-quality=80&amp;output-format=webp,https://gadgets.ndtv.com/asus-a555la-xx2384t-4987,19
5948,"Acer Predator G9-593 Laptop (Windows 10, 16GB RAM, 1000GB HDD, Intel Core i7, Abyssal Black, 15.6 inch)",Acer,Predator G9-593,Laptops,114000,https://i.gadgets360cdn.com/products/laptops/large/1525207606_635_predator-g9-593.jpg?downsize=*:180&amp;output-quality=80&amp;output-format=webp,https://gadgets.ndtv.com/acer-predator-g9-593-5307,9
5949,"Acer Aspire E ES-ES1-571-P56E Laptop (Windows 10, 4GB RAM, 500GB HDD, Intel Pentium, Black, 15.6 inch)",Acer,Aspire ES 15 ES1-571-P56E,Laptops,23000,https://i.gadgets360cdn.com/products/laptops/large/1525201907_635_aspire-es-15-es1-571-p56e.jpg?downsize=*:180&amp;output-quality=80&amp;output-format=webp,https://gadgets.ndtv.com/acer-aspire-es-15-es1-571-p56e-4798,18
5950,"HP 15-AC098TU Laptop (DOS, 4GB RAM, 1000GB HDD, Intel Core i3, Silver, 15.6 inch)",HP,15-ac098tu,Laptops,25990,https://i.gadgets360cdn.com/products/laptops/large/1525204327_635_15-ac098tu.jpg?downsize=*:180&amp;output-quality=80&amp;output-format=webp,https://gadgets.ndtv.com/hp-15-ac098tu-5080,13
5951,"Asus P2420SA-WO0089D Laptop (DOS, 4GB RAM, 500GB HDD, Intel Pentium, Black, 14 inch)",Asus,P2420SA-WO0089D,Laptops,21399,https://i.gadgets360cdn.com/products/laptops/large/1525202030_635_p2420sa-wo0089d.jpg?downsize=*:180&amp;output-quality=80&amp;output-format=webp,https://gadgets.ndtv.com/asus-p2420sa-wo0089d-4865,34
5952,"Asus ROG Zephyrus M GU502GU Laptop (Windows 10, 16GB RAM, 512GB SSD, Intel Core i7, 9th Gen, Black, 15.6 Inch)",Asus,ROG Zephyrus M GU502GU,Laptops,123989,https://i.gadgets360cdn.com/products/large/asus-zephyrus-m-gu502gu-640x480-1564493205.jpg?downsize=*:180&amp;output-quality=80&amp;output-format=webp,https://gadgets.ndtv.com/asus-rog-zephyrus-m-gu502gu-price-in-india-90923,38
5953,"Asus A553MA-XX1147D Laptop (DOS, 4GB RAM, 500GB HDD, Intel Pentium, Purple)",Asus,A553MA-XX1147D,Laptops,21887,https://i.gadgets360cdn.com/products/laptops/large/1525201938_635_a553ma-xx1147d.jpg?downsize=*:180&amp;output-quality=80&amp;output-format=webp,https://gadgets.ndtv.com/asus-a553ma-xx1147d-4815,24
5954,"HP 15-AC125TX Laptop (Windows 10, 4GB RAM, 1000GB HDD, Intel Core i5, Red)",HP,15-ac125tx,Laptops,47990,https://i.gadgets360cdn.com/products/laptops/large/1525204387_635_15-ac125tx.jpg?downsize=*:180&amp;output-quality=80&amp;output-format=webp,https://gadgets.ndtv.com/hp-15-ac125tx-5086,15
5955,"HP 15-AC170TU Laptop (DOS, 4GB RAM, 500GB HDD, Intel Core i3, Black)",HP,15-ac170tu,Laptops,22890,https://i.gadgets360cdn.com/products/laptops/large/1525204393_635_15-ac170tu.jpg?downsize=*:180&amp;output-quality=80&amp;output-format=webp,https://gadgets.ndtv.com/hp-15-ac170tu-5090,40
5956,"HP 15-AC035TX Laptop (Windows 8.1, 4GB RAM, 1000GB HDD, Intel Core i5, Red, 15.6 inch)",HP,15-ac035tx,Laptops,44990,https://i.gadgets360cdn.com/products/laptops/large/1525204211_635_15-ac035tx.jpg?downsize=*:180&amp;output-quality=80&amp;output-format=webp,https://gadgets.ndtv.com/hp-15-ac035tx-5033,12
5957,"HP Pavilion X360 13-U131TU Laptop (Windows 10, 4GB RAM, 1000GB HDD, Intel Core i3, Grey, 13.3 inch)",HP,Pavilion 13-u131tu-x360,Laptops,43599,https://i.gadgets360cdn.com/products/laptops/large/1525207801_635_pavilion-13-u131tu-x360.jpg?downsize=*:180&amp;output-quality=80&amp;output-format=webp,https://gadgets.ndtv.com/hp-pavilion-13-u131tu-x360-5383,46
5958,"Acer Aspire R 11 R3 131T-P4AA Laptop (Windows 10, 4GB RAM, 500GB HDD, Intel Pentium, Blue, 11.6 inch)",Acer,Aspire R 11 R3-131T-P4AA,Laptops,27224,https://i.gadgets360cdn.com/products/laptops/large/1525201911_635_aspire-r-11-r3-131t-p4aa.jpg?downsize=*:180&amp;output-quality=80&amp;output-format=webp,https://gadgets.ndtv.com/acer-aspire-r-11-r3-131t-p4aa-4800,50
5959,"Dell Vostro 3559 Laptop (Linux, 4GB RAM, 1000GB HDD, Intel Core i5, Black, 15.6 inch)",Dell,Vostro 15–3559,Laptops,39900,https://i.gadgets360cdn.com/products/laptops/large/1525206066_635_vostro-15-3559.jpg?downsize=*:180&amp;output-quality=80&amp;output-format=webp,https://gadgets.ndtv.com/dell-vostro-15-3559-5189,24
5960,"HP 14-AC108TU Laptop (Windows 10, 4GB RAM, 1000GB HDD, Intel Core i3, Silver, 14 inch)",HP,14-ac108tu,Laptops,36819,https://i.gadgets360cdn.com/products/laptops/large/1525204267_635_14-ac108tu.jpg?downsize=*:180&amp;output-quality=80&amp;output-format=webp,https://gadgets.ndtv.com/hp-14-ac108tu-5042,23
5961,"Dell Vostro 14 3468 Laptop (Windows 10, 4GB RAM, 1000GB HDD, Intel Celeron, Black, 14.0 Inch)",Dell,Vostro 14 3468,Laptops,22990,https://i.gadgets360cdn.com/products/laptops/large/1546454605_635_dell_vostro-14-3468.jpg?downsize=*:180&amp;output-quality=80&amp;output-format=webp,https://gadgets.ndtv.com/dell-vostro-14-3468-6785,30
5962,"HP 15-R287TU Laptop (Windows 8.1, 4GB RAM, 1000GB HDD, Intel Core i3, Black, 15.6 inch)",HP,15-r287tu,Laptops,33990,https://i.gadgets360cdn.com/products/laptops/large/1525202336_635_15-r287tu.jpg?downsize=*:180&amp;output-quality=80&amp;output-format=webp,https://gadgets.ndtv.com/hp-15-r287tu-4918,9
5963,"MSI GL62M-7RDX Laptop (DOS, 8GB RAM, 1000GB HDD, Intel Core i7, Black, 15.6 inch)",MSI,GL62M 7RDX,Laptops,79257,https://i.gadgets360cdn.com/products/laptops/large/1525207916_635_gl62m-7rdx.jpg?downsize=*:180&amp;output-quality=80&amp;output-format=webp,https://gadgets.ndtv.com/msi-gl62m-7rdx-5425,30
5964,"Asus A555LF-XX191T Laptop (Windows 10, 8GB RAM, 1000GB HDD, Intel Core i3, Dark Brown, 15.6 inch)",Asus,A555LF-XX191T,Laptops,28000,https://i.gadgets360cdn.com/products/laptops/large/1525201922_635_a555lf-xx191t.jpg?downsize=*:180&amp;output-quality=80&amp;output-format=webp,https://gadgets.ndtv.com/asus-a555lf-xx191t-4808,33
5965,"Lenovo Ideapad 100 Laptop (Windows 10, 2GB RAM, 32GB HDD, Intel Atom, Black, 15.6 inch)",Lenovo,IdeaPad 100,Laptops,16090,https://i.gadgets360cdn.com/products/laptops/large/1525204420_635_ideapad-100.jpg?downsize=*:180&amp;output-quality=80&amp;output-format=webp,https://gadgets.ndtv.com/lenovo-ideapad-100-4937,21
5966,"Asus X541UA-GO1345D Laptop (DOS, 4GB RAM, 1000GB HDD, Intel Core i3, Black, 15.6 inch)",Asus,X541UA-GO1345D,Laptops,27990,https://i.gadgets360cdn.com/products/laptops/large/1525206425_635_x541ua-go1345d.jpg?downsize=*:180&amp;output-quality=80&amp;output-format=webp,https://gadgets.ndtv.com/asus-x541ua-go1345d-5296,39
5967,"Asus E202SA-FD0012T Laptop (Windows 10, 2GB RAM, 500GB HDD, Intel Celeron, White, 11.6 inch)",Asus,E202SA-FD0012T,Laptops,19000,https://i.gadgets360cdn.com/products/laptops/large/1525204142_635_e202sa-fd0012t.jpg?downsize=*:180&amp;output-quality=80&amp;output-format=webp,https://gadgets.ndtv.com/asus-e202sa-fd0012t-5000,11
5968,"HP Compaq 15-S007TU Laptop (Windows 8.1, 4GB RAM, 500GB HDD, Intel Core i5, Black)",HP,15-s007tu,Laptops,39594,https://i.gadgets360cdn.com/products/laptops/large/1525202341_635_15-s007tu.jpg?downsize=*:180&amp;output-quality=80&amp;output-format=webp,https://gadgets.ndtv.com/hp-15-s007tu-4921,32
5969,"Dell Vostro 3442 Laptop (Windows 8.1, 4GB RAM, 500GB HDD, Intel Celeron, Black, 13.6 inch)",Dell,Vostro 14 3442,Laptops,27990,https://i.gadgets360cdn.com/products/laptops/large/1525202058_635_vostro-14-3442.jpg?downsize=*:180&amp;output-quality=80&amp;output-format=webp,https://gadgets.ndtv.com/dell-vostro-14-3442-4881,41
5970,"HP 15-R033TX Laptop (DOS, 4GB RAM, 500GB HDD, Intel Core i3, Black)",HP,15-r033tx,Laptops,35220,https://i.gadgets360cdn.com/products/laptops/large/1525202084_635_15-r033tx.jpg?downsize=*:180&amp;output-quality=80&amp;output-format=webp,https://gadgets.ndtv.com/hp-15-r033tx-4896,49
5971,"Acer Aspire E E5-573-30KU Laptop (Linux, 8GB RAM, 1000GB HDD, Intel Core i3, Black, 15.6 inch)",Acer,Aspire E E5-573-30KU,Laptops,33260,https://i.gadgets360cdn.com/products/laptops/large/1525203888_635_aspire-e-e5-573-30ku.jpg?downsize=*:180&amp;output-quality=80&amp;output-format=webp,https://gadgets.ndtv.com/acer-aspire-e-e5-573-30ku-4958,24
5972,"HP G4 1303AU Laptop (DOS, 2GB RAM, 500GB HDD, AMD Black)",HP,Pavilion G4-1303au,Laptops,19058,https://i.gadgets360cdn.com/products/laptops/large/1525200131_635_pavilion-g4-1303au.jpg?downsize=*:180&amp;output-quality=80&amp;output-format=webp,https://gadgets.ndtv.com/hp-pavilion-g4-1303au-4773,43
5973,"HP 15-AC042TU Laptop (DOS, 4GB RAM, 1000GB HDD, Intel Core i3, Black, 15.6 inch)",HP,15-ac042tu,Laptops,23290,https://i.gadgets360cdn.com/products/laptops/large/1525202316_635_15-ac042tu.jpg?downsize=*:180&amp;output-quality=80&amp;output-format=webp,https://gadgets.ndtv.com/hp-15-ac042tu-4904,45
5974,"Asus A555LF-XX406T Laptop (Windows 10, 4GB RAM, 1000GB HDD, Intel Core i3, Brown, 15.6 inch)",Asus,A555LF-XX406T,Laptops,34000,https://i.gadgets360cdn.com/products/laptops/large/1525203944_635_a555lf-xx406t.jpg?downsize=*:180&amp;output-quality=80&amp;output-format=webp,https://gadgets.ndtv.com/asus-a555lf-xx406t-4994,24
5975,"Asus A555LF-XX150T Laptop (Windows 10, 4GB RAM, 1000GB HDD, Intel Core i3, Dark Brown, 15.6 inch)",Asus,A555LF-XX150T,Laptops,32790,https://i.gadgets360cdn.com/products/laptops/large/1525201920_635_a555lf-xx150t.jpg?downsize=*:180&amp;output-quality=80&amp;output-format=webp,https://gadgets.ndtv.com/asus-a555lf-xx150t-4807,34
5976,"Asus ROG Strix Scar II GL504GV-ES019T Laptop (Windows 10, 16GB RAM, 1TB HDD, Intel Core i7 8th Gen, Black, 15.6 inch)",Asus,ROG Strix SCAR II (GL504GV),Laptops,145990,https://i.gadgets360cdn.com/products/large/Asus-gl504gv-thumb-1200x900-1560189851.jpg?downsize=*:180&amp;output-quality=80&amp;output-format=webp,https://gadgets.ndtv.com/asus-rog-strix-scar-ii-gl504gv-price-in-india-13121,49
5977,"HP 15-AY544TU Laptop (Windows 10, 4GB RAM, 1000GB HDD, Intel Core i3, Blue, 15.6 inch)",HP,15-ay544tu,Laptops,32990,https://i.gadgets360cdn.com/products/laptops/large/1525206320_635_15-ay544tu.jpg?downsize=*:180&amp;output-quality=80&amp;output-format=webp,https://gadgets.ndtv.com/hp-15-ay544tu-5260,48
5978,"MSI Apache Pro GE62-2QD Laptop (Windows 8, 2GB RAM, Intel Core i7, White & Black)",MSI,Apache Pro GE62-2QD,Laptops,80465,https://i.gadgets360cdn.com/products/laptops/large/1546454402_635_msi_apache-pro-ge62-2qd.jpg?downsize=*:180&amp;output-quality=80&amp;output-format=webp,https://gadgets.ndtv.com/msi-apache-pro-ge62-2qd-6630#gallery,24
5979,"HP Pavilion X360 11-K015TU Laptop (Windows 8, 4GB RAM, 1000GB HDD, Intel Pentium, Red)",HP,Pavilion 11-k015tu-x360,Laptops,36490,https://i.gadgets360cdn.com/products/laptops/large/1525202081_635_pavilion-11-k015tu-x360.jpg?downsize=*:180&amp;output-quality=80&amp;output-format=webp,https://gadgets.ndtv.com/hp-pavilion-11-k015tu-x360-4894,41
5980,"HP 15-BA007AU Laptop (DOS, 4GB RAM, 500GB HDD, AMD Silver, 15 inch)",HP,15-ba007au,Laptops,20499,https://i.gadgets360cdn.com/products/laptops/large/1525206326_635_15-ba007au.jpg?downsize=*:180&amp;output-quality=80&amp;output-format=webp,https://gadgets.ndtv.com/hp-15-ba007au-5263,40
5981,"HP 15-G049AU Laptop (Windows 8.1, 4GB RAM, 500GB HDD, AMD Black)",HP,15-g049au,Laptops,25600,https://i.gadgets360cdn.com/products/laptops/large/1525206344_635_15-g049au.jpg?downsize=*:180&amp;output-quality=80&amp;output-format=webp,https://gadgets.ndtv.com/hp-15-g049au-5275,24
5982,"HP Omen 15-AX250TX Laptop (Windows 10, 16GB RAM, 1000GB HDD, Intel Core i7, Black, 15.6 inch)",HP,Omen 15-ax250tx,Laptops,106990,https://i.gadgets360cdn.com/products/laptops/large/1525207717_635_omen-15-ax250tx.jpg?downsize=*:180&amp;output-quality=80&amp;output-format=webp,https://gadgets.ndtv.com/hp-omen-15-ax250tx-5370,5
5983,"Acer Aspire E ES-15 Laptop (Linux, 4GB RAM, 500GB HDD, Intel Core i3, Black, 15.6 inch)",Acer,Aspire E ES-15,Laptops,23552,https://i.gadgets360cdn.com/products/laptops/large/1546456131_635_acer_aspire-e-es-15.jpg?downsize=*:180&amp;output-quality=80&amp;output-format=webp,https://gadgets.ndtv.com/acer-aspire-e-es-15-6495,10
5984,"HP 15-BE018TU Laptop (DOS, 4GB RAM, 1000GB HDD, Intel Core i3, Red, 15.6 inch)",HP,15-be018tu,Laptops,24990,https://i.gadgets360cdn.com/products/laptops/large/1525206338_635_15-be018tu.jpg?downsize=*:180&amp;output-quality=80&amp;output-format=webp,https://gadgets.ndtv.com/hp-15-be018tu-5271,20
5985,"HP 15-R206TX Laptop (Windows 8.1, 4GB RAM, 1000GB HDD, Intel Core i3, Black, 15.6 inch)",HP,15-r206tx,Laptops,37990,https://i.gadgets360cdn.com/products/laptops/large/1525204415_635_15-r206tx.jpg?downsize=*:180&amp;output-quality=80&amp;output-format=webp,https://gadgets.ndtv.com/hp-15-r206tx-5103,30
5986,"HP Compaq 15-S104TU Laptop (Windows 8.1, 4GB RAM, 1000GB HDD, Intel Core i3, Grey)",HP,15-s104tu,Laptops,33000,https://i.gadgets360cdn.com/products/laptops/large/1525202342_635_15-s104tu.jpg?downsize=*:180&amp;output-quality=80&amp;output-format=webp,https://gadgets.ndtv.com/hp-15-s104tu-4922,40
5987,"Acer Aspire E E5-573-32JT Laptop (Linux, 4GB RAM, 1000GB HDD, Intel Core i3, Black, 15.6 inch)",Acer,Aspire E E5-573-32JT/NX.MVHSI.043,Laptops,25499,https://i.gadgets360cdn.com/products/laptops/large/1525203891_635_aspire-e-e5-573-32jt-nx-mvhsi-043.jpg?downsize=*:180&amp;output-quality=80&amp;output-format=webp,https://gadgets.ndtv.com/acer-aspire-e-e5-573-32jt-nx-mvhsi-043-4960,30
5988,"HP Pavilion X360 13-S102TU Laptop (Windows 10, 4GB RAM, 1000GB HDD, Intel Core i3, Silver)",HP,Pavilion x360 13-s102tu,Laptops,44499,https://i.gadgets360cdn.com/products/laptops/large/1525206230_635_pavilion-x360-13-s102tu.jpg?downsize=*:180&amp;output-quality=80&amp;output-format=webp,https://gadgets.ndtv.com/hp-pavilion-x360-13-s102tu-5236,35
5989,"HP 15-AY513TX Laptop (DOS, 8GB RAM, 1000GB HDD, Intel Core i3, Turbo Silver, 15.6 inch)",HP,15-ay513tx,Laptops,32785,https://i.gadgets360cdn.com/products/laptops/large/1525206315_635_15-ay513tx.jpg?downsize=*:180&amp;output-quality=80&amp;output-format=webp,https://gadgets.ndtv.com/hp-15-ay513tx-5257,16
5990,"MSI GP62-7RD Laptop (Windows 10, 16GB RAM, 1000GB HDD, Intel Core i7, Black)",MSI,GP62 7RD Leopard,Laptops,109990,https://i.gadgets360cdn.com/products/laptops/large/1525207918_635_gp62-7rd-leopard.jpg?downsize=*:180&amp;output-quality=80&amp;output-format=webp,https://gadgets.ndtv.com/msi-gp62-7rd-leopard-5426,20
5991,"Acer Aspire E5-553-T4PT Laptop (Windows 10, 4GB RAM, 1000GB HDD, APU Cuad Core, Black, 15.6 inch)",Acer,Aspire E 15 E5-553-T4PT,Laptops,29499,https://i.gadgets360cdn.com/products/laptops/large/1525207604_635_aspire-e-15-e5-553-t4pt.jpg?downsize=*:180&amp;output-quality=80&amp;output-format=webp,https://gadgets.ndtv.com/acer-aspire-e-15-e5-553-t4pt-5306,32
5992,"Asus A555LF-XX362D Laptop (DOS, 4GB RAM, 1000GB HDD, Intel Core i3, Black, 15.6 inch)",Asus,A555LF-XX362D,Laptops,32299,https://i.gadgets360cdn.com/products/laptops/large/1525204135_635_a555lf-xx362d.jpg?downsize=*:180&amp;output-quality=80&amp;output-format=webp,https://gadgets.ndtv.com/asus-a555lf-xx362d-4996,5
5993,"Acer Aspire E E5-574G-77RN Laptop (Windows 10, 8GB RAM, 2000GB HDD, Intel Core i7, Red, 15.6 inch)",Acer,Aspire E E5-574G-77RN,Laptops,68499,https://i.gadgets360cdn.com/products/laptops/large/1525205894_635_aspire-e-e5-574g-77rn.jpg?downsize=*:180&amp;output-quality=80&amp;output-format=webp,https://gadgets.ndtv.com/acer-aspire-e-e5-574g-77rn-5126,31
5994,"HP 15-AY009TX Laptop (Windows 10, 8GB RAM, 1000GB HDD, Intel Core i5, Silver, 15.6 inch)",HP,Pavilion 15-ay009tx,Laptops,46879,https://i.gadgets360cdn.com/products/laptops/large/1525206195_635_pavilion-15-ay009tx.jpg?downsize=*:180&amp;output-quality=80&amp;output-format=webp,https://gadgets.ndtv.com/hp-pavilion-15-ay009tx-5214,40
5995,"HP Omen 15-AX001TX Laptop (Windows 10, 4GB RAM, 1000GB HDD, Intel Core i7, Black, 15.6 inch)",HP,Omen 15-ax001tx,Laptops,85500,https://i.gadgets360cdn.com/products/laptops/large/1525206346_635_omen-15-ax001tx.jpg?downsize=*:180&amp;output-quality=80&amp;output-format=webp,https://gadgets.ndtv.com/hp-omen-15-ax001tx-5276,29
5996,"Acer Aspire E E5-574G Laptop (Linux, 4GB RAM, 1000GB HDD, Intel Core i5, Blue, 15.6 inch)",Acer,Aspire E E5-574G,Laptops,39990,https://i.gadgets360cdn.com/products/laptops/large/1525205893_635_aspire-e-e5-574g.jpg?downsize=*:180&amp;output-quality=80&amp;output-format=webp,https://gadgets.ndtv.com/acer-aspire-e-e5-574g-5125,10
5997,"Acer Aspire E ES1-571 Laptop (Windows 10, 4GB RAM, 1000GB HDD, Intel Core i3, Black, 15.6 inch)",Acer,Aspire E ES1-571,Laptops,23490,https://i.gadgets360cdn.com/products/laptops/large/1546456088_635_acer_aspire-e-es1-571.jpg?downsize=*:180&amp;output-quality=80&amp;output-format=webp,https://gadgets.ndtv.com/acer-aspire-e-es1-571-5892#gallery,19
5998,"Acer Travel Mate P2-P238-M Laptop (Windows 10, 8GB RAM, 500GB HDD, Intel Core i5, Black)",Acer,TravelMate P2 P238-M,Laptops,49449,https://i.gadgets360cdn.com/products/laptops/large/1525205911_635_travelmate-p2-p238-m.jpg?downsize=*:180&amp;output-quality=80&amp;output-format=webp,https://gadgets.ndtv.com/acer-travelmate-p2-p238-m-5137,46
5999,"HP 14-AR002TU Laptop (Windows 10, 4GB RAM, 1000GB HDD, Intel Core i3, Silver, 14 inch)",HP,14-ar002tu,Laptops,35000,https://i.gadgets360cdn.com/products/laptops/large/1525204311_635_14-ar002tu.jpg?downsize=*:180&amp;output-quality=80&amp;output-format=webp,https://gadgets.ndtv.com/hp-14-ar002tu-5070,13
6000,"HP 15-AY511TX Laptop (Windows 10, 8GB RAM, 1000GB HDD, Intel Core i3, Silver, 15.6 inch)",HP,15-ay511tx,Laptops,42290,https://i.gadgets360cdn.com/products/laptops/large/1525206314_635_15-ay511tx.jpg?downsize=*:180&amp;output-quality=80&amp;output-format=webp,https://gadgets.ndtv.com/hp-15-ay511tx-5256,27
6001,"HP 15-BE015TU Laptop (DOS, 8GB RAM, 1000GB HDD, Intel Core i3, Sparkling Black, 15.6 inch)",HP,15-be015tu,Laptops,31490,https://i.gadgets360cdn.com/products/laptops/large/1525206333_635_15-be015tu.jpg?downsize=*:180&amp;output-quality=80&amp;output-format=webp,https://gadgets.ndtv.com/hp-15-be015tu-5268,50
6002,"HP 15-BA025AU Laptop (DOS, 4GB RAM, 500GB HDD, AMD Silver, 15.6 inch)",HP,15-ba025au,Laptops,20548,https://i.gadgets360cdn.com/products/laptops/large/1525206327_635_15-ba025au.jpg?downsize=*:180&amp;output-quality=80&amp;output-format=webp,https://gadgets.ndtv.com/hp-15-ba025au-5264,34
6003,"HP 15-AY025TU Laptop (Windows 10, 4GB RAM, 1000GB HDD, Intel Core i3, Blue, 15.6 inch)",HP,15-ay025tu,Laptops,33999,https://i.gadgets360cdn.com/products/laptops/large/1525204404_635_15-ay025tu.jpg?downsize=*:180&amp;output-quality=80&amp;output-format=webp,https://gadgets.ndtv.com/hp-15-ay025tu-5096,44
6004,"Asus S400CA-CA165H Laptop (Windows 8, 4GB RAM, 500GB HDD, Intel Core i7, Black, 14 inch)",Asus,VivoBook S400CA-CA165H,Laptops,53799,https://i.gadgets360cdn.com/products/laptops/large/1525200115_635_vivobook-s400ca-ca165h.jpg?downsize=*:180&amp;output-quality=80&amp;output-format=webp,https://gadgets.ndtv.com/asus-vivobook-s400ca-ca165h-4762,7
6005,"Asus Transformer TP300LD Laptop (Windows 8.1, 4GB RAM, 1000GB HDD, Intel Core i5, Silver, 10.1 inch)",Asus,Transformer Book Flip TP300LD-C4048H,Laptops,50699,https://i.gadgets360cdn.com/products/laptops/large/1525201989_635_transformer-book-flip-tp300ld-c4048h.jpg?downsize=*:180&amp;output-quality=80&amp;output-format=webp,https://gadgets.ndtv.com/asus-transformer-book-flip-tp300ld-c4048h-4841,8
6006,"HP Pavilion 15-AB556TX Laptop (Windows 10, 8GB RAM, 1000GB HDD, Intel Core i7, Silver)",HP,Pavilion 15-ab556tx,Laptops,72500,https://i.gadgets360cdn.com/products/laptops/large/1525206211_635_pavilion-15-ab556tx.jpg?downsize=*:180&amp;output-quality=80&amp;output-format=webp,https://gadgets.ndtv.com/hp-pavilion-15-ab556tx-5224,35
6007,"HP Envy D014TU Laptop (Windows 10, 8GB RAM, 256GB HDD, Intel Core i7, Silver)",HP,Envy 13-d014tu,Laptops,79990,https://i.gadgets360cdn.com/products/laptops/large/1525206084_635_envy-13-d014tu.jpg?downsize=*:180&amp;output-quality=80&amp;output-format=webp,https://gadgets.ndtv.com/hp-envy-13-d014tu-5200,27
6008,"HP Pavilion 11-N108TU Laptop (Windows 8.1, 8GB RAM, Intel Core m5, Silver)",HP,Pavilion 11-n108tu-x360,Laptops,38000,https://i.gadgets360cdn.com/products/laptops/large/1525204296_635_pavilion-11-n108tu-x360.jpg?downsize=*:180&amp;output-quality=80&amp;output-format=webp,https://gadgets.ndtv.com/hp-pavilion-11-n108tu-x360-5060,38
6009,"HP Pavilion X360 11-U006TU Laptop (Windows 10, 4GB RAM, 500GB HDD, Intel Pentium, Silver, 11.6 inch)",HP,Pavilion 11-u006tu,Laptops,34190,https://i.gadgets360cdn.com/products/laptops/large/1525202074_635_pavilion-11-u006tu.jpg?downsize=*:180&amp;output-quality=80&amp;output-format=webp,https://gadgets.ndtv.com/hp-pavilion-11-u006tu-4891,28
6010,"HP 15-AY019TU Laptop (DOS, 4GB RAM, 1000GB HDD, Intel Core i3, Silver, 15.6 inch)",HP,15-ay019tu,Laptops,28378,https://i.gadgets360cdn.com/products/laptops/large/1525204401_635_15-ay019tu.jpg?downsize=*:180&amp;output-quality=80&amp;output-format=webp,https://gadgets.ndtv.com/hp-15-ay019tu-5094,17
6011,"HP 15-BE011TU Laptop (DOS, 4GB RAM, 1000GB HDD, Intel Core i3, Black, 15.6 inch)",HP,15-be011tu,Laptops,28990,https://i.gadgets360cdn.com/products/laptops/large/1525206328_635_15-be011tu.jpg?downsize=*:180&amp;output-quality=80&amp;output-format=webp,https://gadgets.ndtv.com/hp-15-be011tu-5265,5
6012,"Asus X553MA-SX858D Laptop (DOS, 2GB RAM, 500GB HDD, Intel Celeron, Black, 15.6 inch)",Asus,SX858D,Laptops,19399,https://i.gadgets360cdn.com/products/laptops/large/1525202013_635_sx858d.jpg?downsize=*:180&amp;output-quality=80&amp;output-format=webp,https://gadgets.ndtv.com/asus-sx858d-4859,34
6013,"HP 15-AF114AU Laptop (Windows 10, 4GB RAM, 1000GB HDD, AMD Silver, 15.6 inch)",HP,15-af114au,Laptops,27728,https://i.gadgets360cdn.com/products/laptops/large/1525206255_635_15-af114au.jpg?downsize=*:180&amp;output-quality=80&amp;output-format=webp,https://gadgets.ndtv.com/hp-15-af114au-5250,34
6014,"Dell Inspiron 7568 Laptop (Windows 10, 8GB RAM, 256GB HDD, Intel Core i7, Black, 15.6 inch)",Dell,Inspiron 7000 7568,Laptops,73588,https://i.gadgets360cdn.com/products/laptops/large/1525206061_635_inspiron-7000-7568.jpg?downsize=*:180&amp;output-quality=80&amp;output-format=webp,https://gadgets.ndtv.com/dell-inspiron-7000-7568-5186,9
6015,"Asus XX232D-A555L Laptop (DOS, 4GB RAM, 1000GB HDD, Intel Core i3, Glossy Gradient Red, 15.6 inch)",Asus,A555LF-XX232D-A555L,Laptops,29500,https://i.gadgets360cdn.com/products/laptops/large/1525201927_635_a555lf-xx232d-a555l.jpg?downsize=*:180&amp;output-quality=80&amp;output-format=webp,https://gadgets.ndtv.com/asus-a555lf-xx232d-a555l-4837,31
6016,"Dell Inspiron 5000 5578 Laptop (Windows 10, 8GB RAM, 1000GB HDD, Intel Core i5, Silver, 15.6 inch)",Dell,Inspiron 5000 5578,Laptops,56399,https://i.gadgets360cdn.com/products/laptops/large/1525207708_635_inspiron-5000-5578.jpg?downsize=*:180&amp;output-quality=80&amp;output-format=webp,https://gadgets.ndtv.com/dell-inspiron-5000-5578-5364,5
6017,"HP Pavilion X360 11-U107TU Laptop (Windows 10, 4GB RAM, 1000GB HDD, Intel Core i3, Silver, 11.6 inch)",HP,Pavilion 11-u107tu-x360,Laptops,46487,https://i.gadgets360cdn.com/products/laptops/large/1525207789_635_pavilion-11-u107tu-x360.jpg?downsize=*:180&amp;output-quality=80&amp;output-format=webp,https://gadgets.ndtv.com/hp-pavilion-11-u107tu-x360-5377,33
6018,"Asus A555LF-XX262T Laptop (Windows 10, 8GB RAM, 1000GB HDD, Intel Core i3, Silver, 15.6 inch",Asus,A555LF-XX262T,Laptops,29990,https://i.gadgets360cdn.com/products/laptops/large/1525203922_635_a555lf-xx262t.jpg?downsize=*:180&amp;output-quality=80&amp;output-format=webp,https://gadgets.ndtv.com/asus-a555lf-xx262t-4980,14
6019,"HP 15-AC053TU Laptop (Windows 8.1, 2GB RAM, 500GB HDD, Intel Pentium, Black, 15.6 inch)",HP,15-ac053tu,Laptops,19990,https://i.gadgets360cdn.com/products/laptops/large/1525204268_635_15-ac053tu.jpg?downsize=*:180&amp;output-quality=80&amp;output-format=webp,https://gadgets.ndtv.com/hp-15-ac053tu-5043,25
6020,"HP 14-AM090TU Laptop (Windows 10, 4GB RAM, 1000GB HDD, Intel Core i3, Silver, 14 inch)",HP,Pavilion 14-am090tu,Laptops,31990,https://i.gadgets360cdn.com/products/laptops/large/1525204273_635_pavilion-14-am090tu.jpg?downsize=*:180&amp;output-quality=80&amp;output-format=webp,https://gadgets.ndtv.com/hp-pavilion-14-am090tu-5046,9
6021,"HP 14-AM091TU Laptop (Windows 10, 4GB RAM, 1000GB HDD, Intel Core i3, Silver, 14 inch)",HP,14-am091tu,Laptops,32990,https://i.gadgets360cdn.com/products/laptops/large/1525206241_635_14-am091tu.jpg?downsize=*:180&amp;output-quality=80&amp;output-format=webp,https://gadgets.ndtv.com/hp-14-am091tu-5242,46
6022,"Asus R558UF-XO044D Laptop (DOS, 4GB RAM, 1000GB HDD, Intel Core i5, Black, 15.6 inch)",Asus,R558UF-XO044D,Laptops,38100,https://i.gadgets360cdn.com/products/laptops/large/1525205928_635_r558uf-xo044d.jpg?downsize=*:180&amp;output-quality=80&amp;output-format=webp,https://gadgets.ndtv.com/asus-r558uf-xo044d-5148,22
6023,"HP 14-AM020TU Laptop (Windows 10, 4GB RAM, 1000GB HDD, Intel Core i3, Silver, 14 inch)",HP,14-am020tu,Laptops,29990,https://i.gadgets360cdn.com/products/laptops/large/1525204309_635_14-am020tu.jpg?downsize=*:180&amp;output-quality=80&amp;output-format=webp,https://gadgets.ndtv.com/hp-14-am020tu-5069,28
6024,"HP 15-AY026TU Laptop (Windows 10, 4GB RAM, 1000GB HDD, Intel Core i3, Red, 15.6 inch)",HP,15-ay026tu,Laptops,26297,https://i.gadgets360cdn.com/products/laptops/large/1525204405_635_15-ay026tu.jpg?downsize=*:180&amp;output-quality=80&amp;output-format=webp,https://gadgets.ndtv.com/hp-15-ay026tu-5097,22
6025,"Asus Rog G752VY-GC489T Laptop (Windows 10, 16GB RAM, 1000GB HDD, Intel Core i7, Grey, 17.3 inch)",Asus,ROG G752VY-GC489T,Laptops,169990,https://i.gadgets360cdn.com/products/laptops/large/1525205933_635_rog-g752vy-gc489t.jpg?downsize=*:180&amp;output-quality=80&amp;output-format=webp,https://gadgets.ndtv.com/asus-rog-g752vy-gc489t-5151,20
6026,"Asus A555LF-XX362T Laptop (Windows 10, 4GB RAM, 1000GB HDD, Intel Core i3, Black, 15.6 inch)",Asus,A555LF-XX362T,Laptops,39500,https://i.gadgets360cdn.com/products/laptops/large/1525203923_635_a555lf-xx362t.jpg?downsize=*:180&amp;output-quality=80&amp;output-format=webp,https://gadgets.ndtv.com/asus-a555lf-xx362t-4981,49
6027,"MSI GL62-7RD Laptop (Windows 10, 8GB RAM, 1000GB HDD, Intel Core i7, Black, 15.6 inch)",MSI,GL62 7RD,Laptops,79990,https://i.gadgets360cdn.com/products/laptops/large/1525207915_635_gl62-7rd.jpg?downsize=*:180&amp;output-quality=80&amp;output-format=webp,https://gadgets.ndtv.com/msi-gl62-7rd-5424,30
6028,"Dell Inspiron 5558 Laptop (Windows 8, 4GB RAM, 500GB HDD, Intel Core i3, Black, 15.6 inch)",Dell,Inspiron 5558,Laptops,33900,https://i.gadgets360cdn.com/products/laptops/large/1525204203_635_inspiron-5558.jpg?downsize=*:180&amp;output-quality=80&amp;output-format=webp,https://gadgets.ndtv.com/dell-inspiron-5558-5029,47
6029,"Acer Aspire E E15-E5-573G Laptop (Linux, 8GB RAM, 1000GB HDD, Intel Core i7, Black, 15.6 inch)",Acer,Aspire E E15-E5-573G,Laptops,57299,https://i.gadgets360cdn.com/products/laptops/large/1546455147_635_acer_aspire-e-e15-e5-573g.jpg?downsize=*:180&amp;output-quality=80&amp;output-format=webp,https://gadgets.ndtv.com/acer-aspire-e-e15-e5-573g-7203,8
6030,"MSI WS60-2OJ Laptop (Windows 7, 8GB RAM, 1000GB HDD, Intel Core i7, Black, 15.6 inch)",MSI,WS60 2OJ,Laptops,184899,https://i.gadgets360cdn.com/products/laptops/large/1525202400_635_ws60-2oj.jpg?downsize=*:180&amp;output-quality=80&amp;output-format=webp,https://gadgets.ndtv.com/msi-ws60-2oj-4950,8
6031,"Asus X541UJ-GO459 Laptop (Linux, 4GB RAM, 1000GB HDD, Intel Core i3, Black, 15.6 inch)",Asus,X541UJ-GO459,Laptops,32639,https://i.gadgets360cdn.com/products/laptops/large/1525206035_635_x541uj-go459.jpg?downsize=*:180&amp;output-quality=80&amp;output-format=webp,https://gadgets.ndtv.com/asus-x541uj-go459-5174,46
6032,"Lenovo Ideapad 500 Laptop (DOS, 8GB RAM, 1000GB HDD, Intel Core i5, Black, 15.6 inch)",Lenovo,IdeaPad 500,Laptops,46990,https://i.gadgets360cdn.com/products/laptops/large/1525206356_635_ideapad-500.jpg?downsize=*:180&amp;output-quality=80&amp;output-format=webp,https://gadgets.ndtv.com/lenovo-ideapad-500-5283,22
6033,"Dell Inspiron 5000 5378 Laptop (Windows 10, 8GB RAM, 256GB HDD, Intel Core i7, Grey & Silver, 13.3 inch)",Dell,Inspiron 5000 5378,Laptops,66999,https://i.gadgets360cdn.com/products/laptops/large/1525207710_635_inspiron-5000-5378.jpg?downsize=*:180&amp;output-quality=80&amp;output-format=webp,https://gadgets.ndtv.com/dell-inspiron-5000-5378-5365,19
6034,"Asus X X550LC-XX015H Laptop (Windows 8, 4GB RAM, 750GB HDD, Intel Core i7, Grey, 15.6 inch)",Asus,X550LC-XX015H,Laptops,41900,https://i.gadgets360cdn.com/products/laptops/large/1525202002_635_x550lc-xx015h.jpg?downsize=*:180&amp;output-quality=80&amp;output-format=webp,https://gadgets.ndtv.com/asus-x550lc-xx015h-4851,17
6035,"HP 15-BE017TU Laptop (DOS, 4GB RAM, 1000GB HDD, Intel Core i3, Nobel Blue, 15.6 inch)",HP,15-be017tu,Laptops,28300,https://i.gadgets360cdn.com/products/laptops/large/1525206336_635_15-be017tu.jpg?downsize=*:180&amp;output-quality=80&amp;output-format=webp,https://gadgets.ndtv.com/hp-15-be017tu-5270,30
6036,"HP Pavilion 15-AU003TX Laptop (Windows 10, 8GB RAM, 1000GB HDD, Intel Core i5, Silver, 15.6 inch)",HP,Pavilion 15-AU003TX,Laptops,48990,https://i.gadgets360cdn.com/products/laptops/large/1546455344_635_hp_pavilion-15-au003tx.jpg?downsize=*:180&amp;output-quality=80&amp;output-format=webp,https://gadgets.ndtv.com/hp-pavilion-15-au003tx-5225,45
6037,"Asus A540LA-XX039D Laptop (DOS, 4GB RAM, 1000GB HDD, Intel Core i3, Black)",Asus,A540LA-XX039D,Laptops,25999,https://i.gadgets360cdn.com/products/laptops/large/1525201972_635_a540la-xx039d.jpg?downsize=*:180&amp;output-quality=80&amp;output-format=webp,https://gadgets.ndtv.com/asus-a540la-xx039d-4816,18
6038,"HP Pavilion X360 11-N109TU Laptop (Windows 8.1, 4GB RAM, 500GB HDD, Intel Core m5, Red)",HP,Pavilion x360 11-n109tu,Laptops,37990,https://i.gadgets360cdn.com/products/laptops/large/1525204302_635_pavilion-x360-11-n109tu.jpg?downsize=*:180&amp;output-quality=80&amp;output-format=webp,https://gadgets.ndtv.com/hp-pavilion-x360-11-n109tu-5064,43
6039,"HP Pavilion X360 13-U133TU Laptop (Windows 10, 8GB RAM, 1000GB HDD, Intel Core i5, Silver, 13.3 inch)",HP,Pavilion x360 13-u133tu,Laptops,58890,https://i.gadgets360cdn.com/products/laptops/large/1525207835_635_pavilion-x360-13-u133tu.jpg?downsize=*:180&amp;output-quality=80&amp;output-format=webp,https://gadgets.ndtv.com/hp-pavilion-x360-13-u133tu-5398,35
6040,"HP 15-AY503TU Laptop (Windows 10, 4GB RAM, 1000GB HDD, Intel Core i5, Silver, 15.6 inch)",HP,15-ay503tu,Laptops,38490,https://i.gadgets360cdn.com/products/laptops/large/1525206269_635_15-ay503tu.jpg?downsize=*:180&amp;output-quality=80&amp;output-format=webp,https://gadgets.ndtv.com/hp-15-ay503tu-5254,37
6041,"Asus X551CA-SX014H Laptop (Windows 8, 4GB RAM, 500GB HDD, Intel Core i3, Black, 15.6 inch)",Asus,X551CA-SX014H,Laptops,32999,https://i.gadgets360cdn.com/products/laptops/large/1525200119_635_x551ca-sx014h.jpg?downsize=*:180&amp;output-quality=80&amp;output-format=webp,https://gadgets.ndtv.com/asus-x551ca-sx014h-4765,14
6042,"HP 15-AF001AU Laptop (DOS, 4GB RAM, 500GB HDD, AMD Silver)",HP,15-af001au,Laptops,22499,https://i.gadgets360cdn.com/products/laptops/large/1525206249_635_15-af001au.jpg?downsize=*:180&amp;output-quality=80&amp;output-format=webp,https://gadgets.ndtv.com/hp-15-af001au-5246,35
6043,"Asus X541UV-XO029D Laptop (DOS, 4GB RAM, 1000GB HDD, Intel Core i5, Black, 15.6 inch)",Asus,X541UV-XO029D,Laptops,32299,https://i.gadgets360cdn.com/products/laptops/large/1525206038_635_x541uv-xo029d.jpg?downsize=*:180&amp;output-quality=80&amp;output-format=webp,https://gadgets.ndtv.com/asus-x541uv-xo029d-5175,29
6044,"Asus Zenbook UX310UQ-GL477T Laptop (Windows 10, 4GB RAM, 1000GB HDD, Intel Core i5, Gold, 13.3 inch)",Asus,ZenBook UX310UQ-GL477TUX310U,Laptops,71490,https://i.gadgets360cdn.com/products/laptops/large/1525206430_635_zenbook-ux310uq-gl477tux310u.jpg?downsize=*:180&amp;output-quality=80&amp;output-format=webp,https://gadgets.ndtv.com/asus-zenbook-ux310uq-gl477tux310u-5300,32
6045,"HP 15-AY020TU Laptop (Windows 10, 4GB RAM, 1000GB HDD, Intel Core i3, Silver, 15.6 inch)",HP,15-ay020tu,Laptops,25297,https://i.gadgets360cdn.com/products/laptops/large/1525204402_635_15-ay020tu.jpg?downsize=*:180&amp;output-quality=80&amp;output-format=webp,https://gadgets.ndtv.com/hp-15-ay020tu-5095,12
6046,"Lenovo Essential G500 59-382995 Laptop (Windows 8, 4GB RAM, 500GB HDD, Intel Core i3, Black)",Lenovo,Essential G500/59 382995,Laptops,42060,https://i.gadgets360cdn.com/products/laptops/large/1525200137_635_essential-g500-59-382995.jpg?downsize=*:180&amp;output-quality=80&amp;output-format=webp,https://gadgets.ndtv.com/lenovo-essential-g500-59-382995-4776,9
6047,"HP 15-BG002AU Laptop (Windows 10, 4GB RAM, 1000GB HDD, AMD Silver, 15.6 inch)",HP,15-bg002au,Laptops,27225,https://i.gadgets360cdn.com/products/laptops/large/1525206341_635_15-bg002au.jpg?downsize=*:180&amp;output-quality=80&amp;output-format=webp,https://gadgets.ndtv.com/hp-15-bg002au-5273,28
6048,"Asus X200MA-KX506D Laptop (DOS, 2GB RAM, 500GB HDD, Intel Celeron, White, 11.6 inch)",Asus,X200MA-KX506D,Laptops,15949,https://i.gadgets360cdn.com/products/laptops/large/1525196448_635_x200ma-kx506d.jpg?downsize=*:180&amp;output-quality=80&amp;output-format=webp,https://gadgets.ndtv.com/asus-x200ma-kx506d-4741,5
6049,"Dell Inspiron 5000 5558 Laptop (Linux, 4GB RAM, 500GB HDD, Intel Core i3, White, 15.6 inch)",Dell,Inspiron 5000 5558,Laptops,31500,https://i.gadgets360cdn.com/products/laptops/large/1525204192_635_inspiron-5000-5558.jpg?downsize=*:180&amp;output-quality=80&amp;output-format=webp,https://gadgets.ndtv.com/dell-inspiron-5000-5558-5025,28
6050,"Lenovo G50 80 Laptop (DOS, 4GB RAM, 1000GB HDD, Intel Core i5, Black, 15.6 inch)",Lenovo,G50 80,Laptops,25600,https://i.gadgets360cdn.com/products/laptops/large/1525204172_635_g50-80.jpg?downsize=*:180&amp;output-quality=80&amp;output-format=webp,https://gadgets.ndtv.com/lenovo-g50-80-5017,50
6051,"HP Pavilion X360 13-U105TU Laptop (Windows 10, 4GB RAM, 1000GB HDD, Intel Core i5, Silver)",HP,Pavilion x360 13-u105tu,Laptops,58900,https://i.gadgets360cdn.com/products/laptops/large/1525207823_635_pavilion-x360-13-u105tu.jpg?downsize=*:180&amp;output-quality=80&amp;output-format=webp,https://gadgets.ndtv.com/hp-pavilion-x360-13-u105tu-5394,16
6052,"Acer Aspire E E5-576 Laptop (Linux, 4GB RAM, 1000GB HDD, Intel Core i3, Black, 15.6 inch)",Acer,Aspire E E5-576,Laptops,29999,https://i.gadgets360cdn.com/products/laptops/large/1546456794_635_acer_aspire-e-e5-576.jpg?downsize=*:180&amp;output-quality=80&amp;output-format=webp,https://gadgets.ndtv.com/acer-aspire-e-e5-576-6130,13
6053,"Acer Aspire One 14 Laptop (DOS, 2GB RAM, 500GB HDD, Intel Celeron, Black, 14 inch)",Acer,Aspire One,Laptops,16200,https://i.gadgets360cdn.com/products/laptops/large/1546456785_635_acer_aspire-one.jpg?downsize=*:180&amp;output-quality=80&amp;output-format=webp,https://gadgets.ndtv.com/acer-aspire-one-5986#gallery,32
6054,"Asus A555LF-XX409D Laptop (DOS, 4GB RAM, 1000GB HDD, Intel Core i3, Black, 15.6 inch)",Asus,A555LF-XX409D,Laptops,32000,https://i.gadgets360cdn.com/products/laptops/large/1525203926_635_a555lf-xx409d.jpg?downsize=*:180&amp;output-quality=80&amp;output-format=webp,https://gadgets.ndtv.com/asus-a555lf-xx409d-4983,21
6055,"Dell Vostro V3446 Laptop (Linux, 4GB RAM, 500GB HDD, Intel Core i3, Grey, 13.86 inch)",Dell,Vostro V3446,Laptops,32690,https://i.gadgets360cdn.com/products/laptops/large/1525202051_635_vostro-v3446.jpg?downsize=*:180&amp;output-quality=80&amp;output-format=webp,https://gadgets.ndtv.com/dell-vostro-v3446-4878,31
6056,"Acer Aspire E ES1-572 Laptop (Linux, 4GB RAM, 500GB HDD, Intel Core i3, Black, 15.6 inch)",Acer,Aspire E ES1-572,Laptops,26999,https://i.gadgets360cdn.com/products/laptops/large/1546456087_635_acer_aspire-e-es1-572.jpg?downsize=*:180&amp;output-quality=80&amp;output-format=webp,https://gadgets.ndtv.com/acer-aspire-e-es1-572-5866#gallery,14
6057,"MSI GL62M Laptop (Windows 10, 8GB RAM, 1000GB HDD, Intel Core i7, Black)",MSI,GL62M,Laptops,79900,https://i.gadgets360cdn.com/products/laptops/large/1546453088_635_msi_gl62m.jpg?downsize=*:180&amp;output-quality=80&amp;output-format=webp,https://gadgets.ndtv.com/msi-gl62m-5967#gallery,37
6058,"Asus A541UJ-DM068 Laptop (DOS, 4GB RAM, 1000GB HDD, Intel Core i3, Silver, 15.6 inch)",Asus,A541UJ-DM068,Laptops,33000,https://i.gadgets360cdn.com/products/laptops/large/1546453045_635_asus_a541uj-dm068.jpg?downsize=*:180&amp;output-quality=80&amp;output-format=webp,https://gadgets.ndtv.com/asus-a541uj-dm068-5929#gallery,44
6059,"Asus X X553MA-BING-SX526B Laptop (Windows 8.1, 2GB RAM, 500GB HDD, Intel Pentium, Black, 15.6 inch)",Asus,X553MA-BING-SX526B,Laptops,20800,https://i.gadgets360cdn.com/products/laptops/large/1525202006_635_x553ma-bing-sx526b.jpg?downsize=*:180&amp;output-quality=80&amp;output-format=webp,https://gadgets.ndtv.com/asus-x553ma-bing-sx526b-4854,21
6060,"Asus X555LA-XX688D Laptop (DOS, 4GB RAM, 1000GB HDD, Intel Core i5, Silver, 15.6 inch)",Asus,X555LA-XX688D,Laptops,33500,https://i.gadgets360cdn.com/products/laptops/large/1546454395_635_asus_x555la-xx688d.jpg?downsize=*:180&amp;output-quality=80&amp;output-format=webp,https://gadgets.ndtv.com/asus-x555la-xx688d-6624,29
6061,"HP 15-AC178TX Laptop (Windows 10, 8GB RAM, 1000GB HDD, Intel Core i5, Silver)",HP,15-ac178tx,Laptops,53290,https://i.gadgets360cdn.com/products/laptops/large/1525206247_635_15-ac178tx.jpg?downsize=*:180&amp;output-quality=80&amp;output-format=webp,https://gadgets.ndtv.com/hp-15-ac178tx-5245,13
6062,"Asus FX553VD-DM628 Laptop (Linux, 8GB RAM, 128GB HDD, Intel Core i7, Black, 15.6 inch)",Asus,FX553VD-DM628,Laptops,75990,https://i.gadgets360cdn.com/products/laptops/large/1525207638_635_fx553vd-dm628.jpg?downsize=*:180&amp;output-quality=80&amp;output-format=webp,https://gadgets.ndtv.com/asus-fx553vd-dm628-5333,29
6063,"Asus X200LA-KX034D Laptop (DOS, 4GB RAM, 500GB HDD, Intel Core i3, White, 11.6 inch)",Asus,X200LA-KX034D,Laptops,24890,https://i.gadgets360cdn.com/products/laptops/large/1525202028_635_x200la-kx034d.jpg?downsize=*:180&amp;output-quality=80&amp;output-format=webp,https://gadgets.ndtv.com/asus-x200la-kx034d-4863,26
6064,"Asus A555LF-XO371T Laptop (Windows 10, 8GB RAM, 1000GB HDD, Intel Core i3, Silver & Black, 15.6 inch)",Asus,A555LF-XO371T,Laptops,39000,https://i.gadgets360cdn.com/products/laptops/large/1525203928_635_a555lf-xo371t.jpg?downsize=*:180&amp;output-quality=80&amp;output-format=webp,https://gadgets.ndtv.com/asus-a555lf-xo371t-4984,16
6065,"Acer Aspire E15 E5-576 Laptop (Windows 10, 4GB RAM, 1000GB HDD, Intel Core i3, Obsidian Black, 15.6 inch)",Acer,Aspire E15 E5-576,Laptops,34990,https://i.gadgets360cdn.com/products/laptops/large/1546456106_635_acer_aspire-e-e15-e5-576.jpg?downsize=*:180&amp;output-quality=80&amp;output-format=webp,https://gadgets.ndtv.com/acer-aspire-e-e15-e5-576-8101,48
6066,"Acer Aspire E ES1-572-36YW Laptop (Windows 10, 4GB RAM, 500GB HDD, Intel Core i3, Black, 15.6 inch)",Acer,Aspire ES ES1-572-36YW,Laptops,28950,https://i.gadgets360cdn.com/products/laptops/large/1525205901_635_aspire-es-es1-572-36yw.jpg?downsize=*:180&amp;output-quality=80&amp;output-format=webp,https://gadgets.ndtv.com/acer-aspire-es-es1-572-36yw-5130,26
6067,"Acer Aspire R3 131T-P9J9 Laptop (Windows 10, 4GB RAM, 500GB HDD, Intel Pentium, Sky Blue, 11.6 inch)",Acer,Aspire R3 131T-P9J9,Laptops,28000,https://i.gadgets360cdn.com/products/laptops/large/1546452976_635_acer_aspire-r3-131t-p9j9.jpg?downsize=*:180&amp;output-quality=80&amp;output-format=webp,https://gadgets.ndtv.com/acer-aspire-r3-131t-p9j9-5869,30
6068,"Acer Aspire One Z1402-32BJ Laptop (Linux, 4GB RAM, 500GB HDD, Intel Core i3, Black, 14 inch)",Acer,Aspire One Z1402-32BJ,Laptops,26550,https://i.gadgets360cdn.com/products/laptops/large/1525203899_635_aspire-one-z1402-32bj.jpg?downsize=*:180&amp;output-quality=80&amp;output-format=webp,https://gadgets.ndtv.com/acer-aspire-one-z1402-32bj-4966,38
6069,"HP Pavilion X360 11-K106TU Laptop (Windows 10, 4GB RAM, 1000GB HDD, Intel Core m3, Silver)",HP,Pavilion x360 11-k106tu,Laptops,39990,https://i.gadgets360cdn.com/products/laptops/large/1525206227_635_pavilion-x360-11-k106tu.jpg?downsize=*:180&amp;output-quality=80&amp;output-format=webp,https://gadgets.ndtv.com/hp-pavilion-x360-11-k106tu-5234,12
6070,"Lenovo Ideapad 500S Laptop (Windows 10, 4GB RAM, 1000GB HDD, Intel Core i5, Silver, 14 inch)",Lenovo,IdeaPad 500s 500S 14ISK,Laptops,48950,https://i.gadgets360cdn.com/products/laptops/large/1525206367_635_ideapad-500s-500s-14isk.jpg?downsize=*:180&amp;output-quality=80&amp;output-format=webp,https://gadgets.ndtv.com/lenovo-ideapad-500s-500s-14isk-5290,6
6071,"Apple Macbook Air MJVM2HN/A Laptop (Mac, 4GB RAM, 128GB HDD, Intel Core i5, Silver, 11.0 Inch)",Apple,MacBook Air MJVM2HN/A,Laptops,65900,https://i.gadgets360cdn.com/products/laptops/large/1525203907_635_macbook-air-mjvm2hn-a.jpg?downsize=*:180&amp;output-quality=80&amp;output-format=webp,https://gadgets.ndtv.com/apple-macbook-air-mjvm2hn-a-4971,5
6072,"HP Pavilion X360 13-U112TU Laptop (Windows 10, 8GB RAM, 1000GB HDD, Intel Core i5, Silver)",HP,Pavilion x360 13-u112tu,Laptops,61000,https://i.gadgets360cdn.com/products/laptops/large/1525207825_635_pavilion-x360-13-u112tu.jpg?downsize=*:180&amp;output-quality=80&amp;output-format=webp,https://gadgets.ndtv.com/hp-pavilion-x360-13-u112tu-5395,49
6073,"HP 15-AC646TX Laptop (Windows 10, 8GB RAM, 1000GB HDD, Intel Core i5, Black, 15.6 inch)",HP,15-AC646TX,Laptops,47178,https://i.gadgets360cdn.com/products/laptops/large/1546454914_635_hp_15-ac646tx.jpg?downsize=*:180&amp;output-quality=80&amp;output-format=webp,https://gadgets.ndtv.com/hp-15-ac646tx-6985,12
6074,"Acer Aspire ES1-572-366K Laptop (Windows 10, 4GB RAM, 1000GB HDD, Intel Core i3, Black, 15.6 inch)",Acer,Aspire E ES1-572-366K,Laptops,34788,https://i.gadgets360cdn.com/products/laptops/large/1546456282_635_acer_aspire-e-es1-572-366k.jpg?downsize=*:180&amp;output-quality=80&amp;output-format=webp,https://gadgets.ndtv.com/acer-aspire-e-es1-572-366k-8246#gallery,12
6075,"HP 15-AY089TU Laptop (DOS, 4GB RAM, 500GB HDD, Intel Pentium, Black, 15.6 inch)",HP,15-ay089tu,Laptops,20990,https://i.gadgets360cdn.com/products/laptops/large/1525202323_635_15-ay089tu.jpg?downsize=*:180&amp;output-quality=80&amp;output-format=webp,https://gadgets.ndtv.com/hp-15-ay089tu-4909,5
6076,"Dell Inspiron 3521 Laptop (Linux, 4GB RAM, 500GB HDD, Intel Core i3, Black, 15.6 inch)",Dell,Inspiron 15 3521,Laptops,22990,https://i.gadgets360cdn.com/products/laptops/large/1525200126_635_inspiron-15-3521.jpg?downsize=*:180&amp;output-quality=80&amp;output-format=webp,https://gadgets.ndtv.com/dell-inspiron-15-3521-4769,28
6077,"Asus X553MA-XX513D Laptop (DOS, 2GB RAM, 500GB HDD, Intel Pentium, White, 15.6 inch)",Asus,X553MA-XX513D,Laptops,19490,https://i.gadgets360cdn.com/products/laptops/large/1525202014_635_x553ma-xx513d.jpg?downsize=*:180&amp;output-quality=80&amp;output-format=webp,https://gadgets.ndtv.com/asus-x553ma-xx513d-4860,33
6078,"Acer Aspire One Z1402 Laptop (Linux, 4GB RAM, 500GB HDD, Intel Pentium, Black, 14 inch)",Acer,Aspire One Z1402,Laptops,17490,https://i.gadgets360cdn.com/products/laptops/large/1525201909_635_aspire-one-z1402.jpg?downsize=*:180&amp;output-quality=80&amp;output-format=webp,https://gadgets.ndtv.com/acer-aspire-one-z1402-4799,32
6079,"Acer Aspire E E1-ES1 Laptop (Windows 10, 4GB RAM, 500GB HDD, AMD Black, 15.6 inch)",Acer,Aspire E E1-ES1,Laptops,18990,https://i.gadgets360cdn.com/products/laptops/large/1546455388_635_acer_aspire-e-e1-es1.jpg?downsize=*:180&amp;output-quality=80&amp;output-format=webp,https://gadgets.ndtv.com/acer-aspire-e-e1-es1-7420#gallery,10
6080,"Asus Zenbook UX360CA-C4080T Laptop (Windows 10, 4GB RAM, 512GB HDD, Intel Core m3, Black, 13.3 inch)",Asus,ZenBook Flip UX360CA-C4080T,Laptops,54000,https://i.gadgets360cdn.com/products/laptops/large/1525206028_635_zenbook-flip-ux360ca-c4080t.jpg?downsize=*:180&amp;output-quality=80&amp;output-format=webp,https://gadgets.ndtv.com/asus-zenbook-flip-ux360ca-c4080t-5169,46
6081,"Asus Transformer Pro T200TA Laptop (Windows 8.1, 2GB RAM, 500GB HDD, Intel Atom, Silver, 10.1 inch)",Asus,Transformer Book T200TA-CP004H,Laptops,33495,https://i.gadgets360cdn.com/products/laptops/large/1525199511_635_transformer-book-t200ta-cp004h.jpg?downsize=*:180&amp;output-quality=80&amp;output-format=webp,https://gadgets.ndtv.com/asus-transformer-book-t200ta-cp004h-4746,44
6082,"Asus X X552CL-SX019H Laptop (Windows 8, 4GB RAM, 500GB HDD, Intel Core i3, Black, 15.6 inch)",Asus,X552CL-SX019H,Laptops,30990,https://i.gadgets360cdn.com/products/laptops/large/1525200117_635_x552cl-sx019h.jpg?downsize=*:180&amp;output-quality=80&amp;output-format=webp,https://gadgets.ndtv.com/asus-x552cl-sx019h-4764,39
6083,"Lenovo G40 45 Laptop (DOS, 8GB RAM, 1000GB HDD, AMD Black, 14 inch)",Lenovo,G40 45,Laptops,28500,https://i.gadgets360cdn.com/products/laptops/large/1525206429_635_g40-45.jpg?downsize=*:180&amp;output-quality=80&amp;output-format=webp,https://gadgets.ndtv.com/lenovo-g40-45-5299,42
6084,"Asus ZenBook Flip 14 Laptop (Windows 10 Home, 8GB RAM, 512GB HDD, AMD Ryzen 5 Quad Core, 3rd Gen, Light Grey, 14.0 Inch)",Asus,ZenBook Flip 14,Laptops,65711,https://i.gadgets360cdn.com/products/large/asus-zenbook-flip-1333x800-1573557336.jpg?downsize=*:180&amp;output-quality=80&amp;output-format=webp,https://gadgets.ndtv.com/asus-zenbook-flip-14-price-in-india-91278,47
6085,"Asus X540LA-XX596T Laptop (Windows 10, 4GB RAM, 1000GB HDD, Intel Core i3, Silver, 15.6 inch)",Asus,X540LA-XX596T,Laptops,30500,https://i.gadgets360cdn.com/products/laptops/large/1525204149_635_x540la-xx596t.jpg?downsize=*:180&amp;output-quality=80&amp;output-format=webp,https://gadgets.ndtv.com/asus-x540la-xx596t-5004,24
6086,"Asus A553MA-BING-XX1150B Laptop (Windows 8, 2GB RAM, 500GB HDD, Intel Pentium, Black, 15.6 inch)",Asus,A553MA-BING-XX1150B,Laptops,21990,https://i.gadgets360cdn.com/products/laptops/large/1525201973_635_a553ma-bing-xx1150b.jpg?downsize=*:180&amp;output-quality=80&amp;output-format=webp,https://gadgets.ndtv.com/asus-a553ma-bing-xx1150b-4817,30
6087,"Acer Aspire E E1-572-6870 Laptop (Windows 8, 4GB RAM, 500GB HDD, Intel Core i5, Black, 15.6 inch)",Acer,Aspire E E1-572-6870,Laptops,48059,https://i.gadgets360cdn.com/products/laptops/large/1546455033_635_acer_aspire-e-e1-572-6870.jpg?downsize=*:180&amp;output-quality=80&amp;output-format=webp,https://gadgets.ndtv.com/acer-aspire-e-e1-572-6870-7103#gallery,26
6088,"Acer Aspire E ES1-572-38CY Laptop (DOS, 4GB RAM, 1000GB HDD, Intel Core i3, Black, 15.6 inch)",Acer,Aspire E ES1-572-38CY,Laptops,26990,https://i.gadgets360cdn.com/products/laptops/large/1546455205_635_acer_aspire-e-es1-572-38cy.jpg?downsize=*:180&amp;output-quality=80&amp;output-format=webp,https://gadgets.ndtv.com/acer-aspire-e-es1-572-38cy-7263,46
6089,"Asus X555LA-XX172D Laptop (DOS, 4GB RAM, 500GB HDD, Intel Core i3, Black, 15.6 inch)",Asus,X555LA-XX172D,Laptops,25899,https://i.gadgets360cdn.com/products/laptops/large/1525202009_635_x555la-xx172d.jpg?downsize=*:180&amp;output-quality=80&amp;output-format=webp,https://gadgets.ndtv.com/asus-x555la-xx172d-4856,43
6090,"HP Omen 15-AX248TX Laptop (Windows 10, 8GB RAM, 1000GB HDD, Intel Core i5, Black, 15.6 inch)",HP,Omen 15-ax248tx,Laptops,72990,https://i.gadgets360cdn.com/products/laptops/large/1525207716_635_omen-15-ax248tx.jpg?downsize=*:180&amp;output-quality=80&amp;output-format=webp,https://gadgets.ndtv.com/hp-omen-15-ax248tx-5369,44
6091,"Dell Inspiron 5000 5368 Laptop (Windows 10, 4GB RAM, 1000GB HDD, Intel Core i3, Black, 13.3 inch)",Dell,Inspiron 13 5000 5368,Laptops,49990,https://i.gadgets360cdn.com/products/laptops/large/1525206049_635_inspiron-13-5000-5368.jpg?downsize=*:180&amp;output-quality=80&amp;output-format=webp,https://gadgets.ndtv.com/dell-inspiron-13-5000-5368-5182,18
6092,"Acer Aspire E E5-575-3203 Laptop (Linux, 4GB RAM, 1000GB HDD, Intel Core i3, Black, 15.6 inch)",Acer,Aspire E E5-575-3203,Laptops,25490,https://i.gadgets360cdn.com/products/laptops/large/1546454492_635_acer_aspire-e-e5-575-3203.jpg?downsize=*:180&amp;output-quality=80&amp;output-format=webp,https://gadgets.ndtv.com/acer-aspire-e-e5-575-3203-6709,29
6093,"HP 15-AY516TX Laptop (DOS, 4GB RAM, 1000GB HDD, Intel Core i5, Turbo Silver, 15.6 inch)",HP,15-ay516tx,Laptops,43799,https://i.gadgets360cdn.com/products/laptops/large/1525206184_635_15-ay516tx.jpg?downsize=*:180&amp;output-quality=80&amp;output-format=webp,https://gadgets.ndtv.com/hp-15-ay516tx-5207,38
6094,"Asus K401UB-FR018T Laptop (Windows 10, 8GB RAM, 1000GB HDD, Intel Core i5, Black, 14.1 inch)",Asus,K401UB-R018T,Laptops,57999,https://i.gadgets360cdn.com/products/laptops/large/1525205919_635_k401ub-r018t.jpg?downsize=*:180&amp;output-quality=80&amp;output-format=webp,https://gadgets.ndtv.com/asus-k401ub-r018t-5142,6
6095,"Asus X540LA-XX439D Laptop (DOS, 4GB RAM, 1000GB HDD, Intel Core i3, Red, 15.6 inch)",Asus,X540LA-XX439D,Laptops,27490,https://i.gadgets360cdn.com/products/laptops/large/1525204169_635_x540la-xx439d.jpg?downsize=*:180&amp;output-quality=80&amp;output-format=webp,https://gadgets.ndtv.com/asus-x540la-xx439d-5015,16
6096,"Asus Rog GL502VM-FY230T Laptop (Windows 10, 16GB RAM, 256GB HDD, Intel Core i7, Black, 15.6 inch)",Asus,ROG GL502VM-FY230T,Laptops,112995,https://i.gadgets360cdn.com/products/laptops/large/1525207666_635_rog-gl502vm-fy230t.jpg?downsize=*:180&amp;output-quality=80&amp;output-format=webp,https://gadgets.ndtv.com/asus-rog-gl502vm-fy230t-5339,43
6097,"Asus A555LA-XX2561D Laptop (DOS, 4GB RAM, 1000GB HDD, Intel Core i3, Black, 15.6 inch)",Asus,A555LA-XX2561D,Laptops,25800,https://i.gadgets360cdn.com/products/laptops/large/1525203933_635_a555la-xx2561d.jpg?downsize=*:180&amp;output-quality=80&amp;output-format=webp,https://gadgets.ndtv.com/asus-a555la-xx2561d-4988,35
6098,"Acer Aspire E E5-573-30L7 Laptop (Windows 10, 4GB RAM, 500GB HDD, Intel Core i3, Black, 15.6 inch)",Acer,Aspire E E5-573-30L7,Laptops,29890,https://i.gadgets360cdn.com/products/laptops/large/1525203889_635_aspire-e-e5-573-30l7.jpg?downsize=*:180&amp;output-quality=80&amp;output-format=webp,https://gadgets.ndtv.com/acer-aspire-e-e5-573-30l7-4959,25
6099,"Lenovo Flex 2 Laptop (Windows 8.1, 4GB RAM, 500GB HDD, AMD Black, 14 inch)",Lenovo,Flex 2,Laptops,35990,https://i.gadgets360cdn.com/products/laptops/large/1546455592_635_lenovo_flex-2.jpg?downsize=*:180&amp;output-quality=80&amp;output-format=webp,https://gadgets.ndtv.com/lenovo-flex-2-5841,16
6100,"Lenovo B50 70 Laptop (Windows 8, 8GB RAM, 1000GB HDD, Intel Core i7, Black, 15.6 inch)",Lenovo,B50 70,Laptops,52490,https://i.gadgets360cdn.com/products/laptops/large/1525202386_635_b50-70.jpg?downsize=*:180&amp;output-quality=80&amp;output-format=webp,https://gadgets.ndtv.com/lenovo-b50-70-4942,32
6101,"Acer Aspire E ES1-523-20VB Laptop (Windows 10, 4GB RAM, 500GB HDD, AMD Black, 15.6 inch)",Acer,Aspire E ES1-523-20VB,Laptops,25500,https://i.gadgets360cdn.com/products/laptops/large/1546455538_635_acer_aspire-e-es1-523-20vb.jpg?downsize=*:180&amp;output-quality=80&amp;output-format=webp,https://gadgets.ndtv.com/acer-aspire-e-es1-523-20vb-7577,12
6102,"Acer Aspire R 11 R3 131T-P9J9 Laptop (Windows 10, 4GB RAM, 500GB HDD, Intel Pentium, Blue, 11.6 inch)",Acer,Aspire R 11 R3 131T-P9J9,Laptops,24990,https://i.gadgets360cdn.com/products/laptops/large/1546455407_635_acer_aspire-r-11-r3-131t-p9j9.jpg?downsize=*:180&amp;output-quality=80&amp;output-format=webp,https://gadgets.ndtv.com/acer-aspire-r-11-r3-131t-p9j9-7436#gallery,40
6103,"HP Pavilion 15-BA042AU Laptop (DOS, 4GB RAM, 1000GB HDD, AMD Black, 15.6 inch)",HP,Pavilion 15-ba042au,Laptops,21990,https://i.gadgets360cdn.com/products/laptops/large/1525207715_635_pavilion-15-ba042au.jpg?downsize=*:180&amp;output-quality=80&amp;output-format=webp,https://gadgets.ndtv.com/hp-pavilion-15-ba042au-5368,21
6104,"Dell Inspiron 3000 3542 Laptop (Linux, 4GB RAM, 500GB HDD, Intel Celeron, Black, 15.6 inch)",Dell,Inspiron 3000 3542,Laptops,21190,https://i.gadgets360cdn.com/products/laptops/large/1525202045_635_inspiron-3000-3542.jpg?downsize=*:180&amp;output-quality=80&amp;output-format=webp,https://gadgets.ndtv.com/dell-inspiron-3000-3542-4874,46
6105,"Lenovo Ideapad 510S Laptop (Windows 10, 4GB RAM, 1000GB HDD, Intel Core i5, Silver, 14 inch)",Lenovo,IdeaPad 510s,Laptops,54500,https://i.gadgets360cdn.com/products/laptops/large/1525207877_635_ideapad-510s.jpg?downsize=*:180&amp;output-quality=80&amp;output-format=webp,https://gadgets.ndtv.com/lenovo-ideapad-510s-5411,41
6106,"Lenovo Legion Y740 (81UH006YIN) Laptop (Window 10 Home, 16GB RAM, 1000GB SSD, Intel Core i7, 9th Gen, Black, 15.6 Inch)",Lenovo,Legion Y740 (81UH006YIN),Laptops,156999,https://i.gadgets360cdn.com/products/large/Lenovo-Legion-album-cover-800x600-1567420514.jpg?downsize=*:180&amp;output-quality=80&amp;output-format=webp,https://gadgets.ndtv.com/lenovo-legion-y740-price-in-india-91063,13
6107,"Dell Inspiron 5547 Laptop (Windows 8.1, 4GB RAM, 500GB HDD, Intel Core i3, Silver, 15.6 inch)",Dell,Inspiron 5547,Laptops,38600,https://i.gadgets360cdn.com/products/laptops/large/1525202036_635_inspiron-5547.jpg?downsize=*:180&amp;output-quality=80&amp;output-format=webp,https://gadgets.ndtv.com/dell-inspiron-5547-4869,21
6108,"HP 15-AY514TX Laptop (DOS, 4GB RAM, 1000GB HDD, Intel Core i3, Black, 15.6 inch)",HP,15-ay514tx,Laptops,32990,https://i.gadgets360cdn.com/products/laptops/large/1525206237_635_15-ay514tx.jpg?downsize=*:180&amp;output-quality=80&amp;output-format=webp,https://gadgets.ndtv.com/hp-15-ay514tx-5240,49
6109,"Asus X540LA-XX440D Laptop (DOS, 4GB RAM, 1000GB HDD, Intel Core i3, White, 15.6 inch)",Asus,X540LA-XX440D,Laptops,29270,https://i.gadgets360cdn.com/products/laptops/large/1525204170_635_x540la-xx440d.jpg?downsize=*:180&amp;output-quality=80&amp;output-format=webp,https://gadgets.ndtv.com/asus-x540la-xx440d-5016,28
6110,"Asus X540SA-XX081D Laptop (DOS, 4GB RAM, 500GB HDD, Intel Celeron, Grey, 15.6 inch)",Asus,X540SA-XX081D,Laptops,19900,https://i.gadgets360cdn.com/products/laptops/large/1546453432_635_asus_x540sa-xx081d.jpg?downsize=*:180&amp;output-quality=80&amp;output-format=webp,https://gadgets.ndtv.com/asus-x540sa-xx081d-5987,27
6111,"Asus R558UF-XO043T Laptop (Windows 10, 8GB RAM, 1000GB HDD, Intel Core i5, Black, 15.6 inch)",Asus,R558UF-XO043T,Laptops,46390,https://i.gadgets360cdn.com/products/laptops/large/1525205926_635_r558uf-xo043t.jpg?downsize=*:180&amp;output-quality=80&amp;output-format=webp,https://gadgets.ndtv.com/asus-r558uf-xo043t-5147,32
6112,"HP Stream D023TU Laptop (Windows 8.1, 2GB RAM, 32GB HDD, Intel Celeron, Blue, 11.6 inch)",HP,Stream 11-d023tu,Laptops,18000,https://i.gadgets360cdn.com/products/laptops/large/1525196455_635_stream-11-d023tu.jpg?downsize=*:180&amp;output-quality=80&amp;output-format=webp,https://gadgets.ndtv.com/hp-stream-11-d023tu-4743,41
6113,"HP 15-AC072TX Laptop (Windows 8.1, 4GB RAM, 1000GB HDD, Intel Core i3, Silver, 15.6 inch)",HP,15-ac072tx,Laptops,37890,https://i.gadgets360cdn.com/products/laptops/large/1525202317_635_15-ac072tx.jpg?downsize=*:180&amp;output-quality=80&amp;output-format=webp,https://gadgets.ndtv.com/hp-15-ac072tx-4905,9
6114,"HP 15-AC649TU Laptop (DOS, 4GB RAM, 500GB HDD, Intel Pentium, Black, 15.6 inch)",HP,15-ac649tu,Laptops,22490,https://i.gadgets360cdn.com/products/laptops/large/1525202320_635_15-ac649tu.jpg?downsize=*:180&amp;output-quality=80&amp;output-format=webp,https://gadgets.ndtv.com/hp-15-ac649tu-4907,15
6115,"Lenovo Yoga 720 Laptop (Windows 10, 8GB RAM, 512GB HDD, Intel Core i7, Silver, 13.3 inch)",Lenovo,Yoga 720,Laptops,90594,https://i.gadgets360cdn.com/products/laptops/large/1525207903_635_yoga-720.jpg?downsize=*:180&amp;output-quality=80&amp;output-format=webp,https://gadgets.ndtv.com/lenovo-yoga-720-5415,36
6116,"Asus A555LA-XX1756T Laptop (Windows 10, 4GB RAM, 1000GB HDD, Intel Core i3, Red, 15.6 inch)",Asus,A555LA-XX1756T,Laptops,29500,https://i.gadgets360cdn.com/products/laptops/large/1525201931_635_a555la-xx1756t.jpg?downsize=*:180&amp;output-quality=80&amp;output-format=webp,https://gadgets.ndtv.com/asus-a555la-xx1756t-4812,19
6117,"Acer Aspire VX-15 Laptop (Windows 10, 8GB RAM, 1000GB HDD, Intel Core i7, Black, 15.6 inch)",Acer,Aspire VX-15,Laptops,87999,https://i.gadgets360cdn.com/products/laptops/large/1546453892_635_acer_aspire-vx-15.jpg?downsize=*:180&amp;output-quality=80&amp;output-format=webp,https://gadgets.ndtv.com/acer-aspire-vx-15-6356,38
6118,"Acer Aspire F F15-F5-573 Laptop (Windows 10, 8GB RAM, 2000GB HDD, Intel Core i5, Black, 15.6 inch)",Acer,Aspire F F15-F5-573,Laptops,63999,https://i.gadgets360cdn.com/products/laptops/large/1546453562_635_acer_aspire-f-f15-f5-573.jpg?downsize=*:180&amp;output-quality=80&amp;output-format=webp,https://gadgets.ndtv.com/acer-aspire-f-f15-f5-573-6099,38
6119,"Asus X R558UF-DM176D Laptop (Windows 10, 4GB RAM, 1000GB HDD, Intel Core i5, Red, 15.6 inch)",Asus,X R558UF-DM176D,Laptops,40990,https://i.gadgets360cdn.com/products/laptops/large/1546455361_635_asus_x-r558uf-dm176d.jpg?downsize=*:180&amp;output-quality=80&amp;output-format=webp,https://gadgets.ndtv.com/asus-x-r558uf-dm176d-7397#gallery,47
6120,"Acer Nitro Spin NP515-51 Laptop (Windows 10, 8GB RAM, 1000GB HDD, Intel Core i7, Black, 15.6 inch)",Acer,Nitro Spin NP515-51,Laptops,98990,https://i.gadgets360cdn.com/products/laptops/large/1546453535_635_acer_nitro-spin-np515-51.jpg?downsize=*:180&amp;output-quality=80&amp;output-format=webp,https://gadgets.ndtv.com/acer-nitro-spin-np515-51-6075#gallery,38
6121,"Asus X540LA-XX440T Laptop (Windows 10, 4GB RAM, 1000GB HDD, Intel Core i3, White, 15.6 inch)",Asus,X540LA-XX440T,Laptops,22500,https://i.gadgets360cdn.com/products/laptops/large/1546452960_635_asus_x540la-xx440t.jpg?downsize=*:180&amp;output-quality=80&amp;output-format=webp,https://gadgets.ndtv.com/asus-x540la-xx440t-5855,41
6122,"Asus F200MA-KX235H Laptop (Windows 8, 2GB RAM, 500GB HDD, Intel Pentium, Black, 11.6 inch)",Asus,F200MA-KX235H,Laptops,20500,https://i.gadgets360cdn.com/products/laptops/large/1525201980_635_f200ma-kx235h.jpg?downsize=*:180&amp;output-quality=80&amp;output-format=webp,https://gadgets.ndtv.com/asus-f200ma-kx235h-4820,49
6123,"Acer Aspire E E5-432-P7H7 Laptop (Linux, 4GB RAM, 500GB HDD, Intel Pentium, Sky Blue, 14 inch)",Acer,Aspire E 14 E5-432/NX.MZLSI.001,Laptops,24399,https://i.gadgets360cdn.com/products/laptops/large/1525201898_635_aspire-e-14-e5-432-nx-mzlsi-001.jpg?downsize=*:180&amp;output-quality=80&amp;output-format=webp,https://gadgets.ndtv.com/acer-aspire-e-14-e5-432-nx-mzlsi-001-4793,47
6124,"Asus R558UQ-DM983D Laptop (DOS, 8GB RAM, 1000GB HDD, Intel Core i5, Dark Blue, 15.6 inch)",Asus,R558UQ-DM983D,Laptops,48990,https://i.gadgets360cdn.com/products/laptops/large/1546454288_635_asus_r558uq-dm983d.jpg?downsize=*:180&amp;output-quality=80&amp;output-format=webp,https://gadgets.ndtv.com/asus-r558uq-dm983d-6546,20
6125,"Asus Vivobook Max X541UA-XO217T Laptop (Windows 10, 4GB RAM, 1000GB HDD, Intel Core i3, Black, 15.6 inch)",Asus,VivoBook Max X541UA-XO217T,Laptops,24000,https://i.gadgets360cdn.com/products/laptops/large/1546453595_635_asus_vivobook-max-x541ua-xo217t.jpg?downsize=*:180&amp;output-quality=80&amp;output-format=webp,https://gadgets.ndtv.com/asus-vivobook-max-x541ua-xo217t-6128,21
6126,"Xiaomi Mi Notebook 14 Horizon Edition Laptop (Windows 10 Home, 8GB RAM, 512GB SSD, Intel Core i5 10210U, 10th Gen, Mercury Grey, 14.0 Inch)",Xiaomi,Mi Notebook 14 Horizon Edition,Laptops,54999,https://i.gadgets360cdn.com/products/large/mi-notebook-14-horizon-edition-1700x800-1591862267.jpg?downsize=*:180&amp;output-quality=80&amp;output-format=webp,https://gadgets.ndtv.com/xiaomi-mi-notebook-14-horizon-edition-price-in-india-94250,45
6127,"Lenovo G50 70 Laptop (DOS, 4GB RAM, 1000GB HDD, Intel Core i5, Black, 15.6 inch)",Lenovo,G50 70,Laptops,27779,https://i.gadgets360cdn.com/products/laptops/large/1525202367_635_g50-70.jpg?downsize=*:180&amp;output-quality=80&amp;output-format=webp,https://gadgets.ndtv.com/lenovo-g50-70-4931,35
6128,"Asus X540-X540LA-XX440D Laptop (DOS, 4GB RAM, 1000GB HDD, Intel Core i3, White, 15.6 inch)",Asus,X540-X540LA-XX440D,Laptops,29250,https://i.gadgets360cdn.com/products/laptops/large/1546455531_635_asus_x540-x540la-xx440d.jpg?downsize=*:180&amp;output-quality=80&amp;output-format=webp,https://gadgets.ndtv.com/asus-x540-x540la-xx440d-7571,25
6129,"Asus X X540SA-XX385D Laptop (DOS, 4GB RAM, 500GB HDD, Intel Pentium, Red, 15.6 inch)",Asus,X540SA-XX385D,Laptops,22950,https://i.gadgets360cdn.com/products/laptops/large/1525205947_635_x540sa-xx385d.jpg?downsize=*:180&amp;output-quality=80&amp;output-format=webp,https://gadgets.ndtv.com/asus-x540sa-xx385d-5160,9
6130,"Lenovo 100-15IBD Laptop (DOS, 4GB RAM, 500GB HDD, Intel Core i3, Black, 15.6 inch)",Lenovo,IdeaPad 100 15IBD,Laptops,27300,https://i.gadgets360cdn.com/products/laptops/large/1525204423_635_ideapad-100-15ibd.jpg?downsize=*:180&amp;output-quality=80&amp;output-format=webp,https://gadgets.ndtv.com/lenovo-ideapad-100-15ibd-5106,28
6131,"Asus X540LA-XX439T Laptop (Windows 10, 4GB RAM, 1000GB HDD, Intel Core i3, Red, 15.6 inch)",Asus,X540LA-XX439T,Laptops,28000,https://i.gadgets360cdn.com/products/laptops/large/1546452964_635_asus_x540la-xx439t.jpg?downsize=*:180&amp;output-quality=80&amp;output-format=webp,https://gadgets.ndtv.com/asus-x540la-xx439t-5858#gallery,16
6132,"Toshiba Satellite C50A-I001C Laptop (DOS, 2GB RAM, 500GB HDD, Intel Core i3, White)",Toshiba,Satellite C50-A I001C,Laptops,27990,https://i.gadgets360cdn.com/products/laptops/large/1525200143_635_satellite-c50-a-i001c.jpg?downsize=*:180&amp;output-quality=80&amp;output-format=webp,https://gadgets.ndtv.com/toshiba-satellite-c50-a-i001c-4780,30
6133,"Lenovo Essential G500S 59-383022 Laptop (DOS, 2GB RAM, 1000GB HDD, Intel Core i3, Black)",Lenovo,Essential G500/59 383022,Laptops,32900,https://i.gadgets360cdn.com/products/laptops/large/1525200138_635_essential-g500-59-383022.jpg?downsize=*:180&amp;output-quality=80&amp;output-format=webp,https://gadgets.ndtv.com/lenovo-essential-g500-59-383022-4777,26
6134,"HP 15-R201TX Laptop (DOS, 4GB RAM, 500GB HDD, Intel Core i3, Black)",HP,15-r201tx,Laptops,34040,https://i.gadgets360cdn.com/products/laptops/large/1525202307_635_15-r201tx.jpg?downsize=*:180&amp;output-quality=80&amp;output-format=webp,https://gadgets.ndtv.com/hp-15-r201tx-4898,48
6135,"Acer Aspire E E5-532G Laptop (Linux, 4GB RAM, 500GB HDD, Intel Pentium, Black, 15.6 inch)",Acer,Aspire E E5-532G,Laptops,27149,https://i.gadgets360cdn.com/products/laptops/large/1525201892_635_aspire-e-e5-532g.jpg?downsize=*:180&amp;output-quality=80&amp;output-format=webp,https://gadgets.ndtv.com/acer-aspire-e-e5-532g-4834,17
6136,"Asus A555LA-XX1909D Laptop (DOS, 4GB RAM, 1000GB HDD, Intel Core i3, Silver & Black, 15.6 inch)",Asus,A555LA-XX1909D,Laptops,28990,https://i.gadgets360cdn.com/products/laptops/large/1525201934_635_a555la-xx1909d.jpg?downsize=*:180&amp;output-quality=80&amp;output-format=webp,https://gadgets.ndtv.com/asus-a555la-xx1909d-4813,13
6137,"Acer Aspire F F5-572G Laptop (Windows 10, 4GB RAM, 1000GB HDD, Intel Core i5, Black, 15.6 inch)",Acer,Aspire F5-572G,Laptops,38990,https://i.gadgets360cdn.com/products/laptops/large/1525205889_635_aspire-f5-572g.jpg?downsize=*:180&amp;output-quality=80&amp;output-format=webp,https://gadgets.ndtv.com/acer-aspire-f5-572g-5122,41
6138,"Dell Inspiron 3168 Laptop (Windows 10, 4GB RAM, 500GB HDD, Intel Pentium, Blue, 11.6 inch)",Dell,Inspiron 11 3168,Laptops,29990,https://i.gadgets360cdn.com/products/laptops/large/1525202039_635_inspiron-11-3168.jpg?downsize=*:180&amp;output-quality=80&amp;output-format=webp,https://gadgets.ndtv.com/dell-inspiron-11-3168-4871,32
6139,"HP 14-AR005TU Laptop (Windows 10, 4GB RAM, 1000GB HDD, Intel Core i3, Black, 14 inch)",HP,14-ar005tu,Laptops,29997,https://i.gadgets360cdn.com/products/laptops/large/1525206093_635_14-ar005tu.jpg?downsize=*:180&amp;output-quality=80&amp;output-format=webp,https://gadgets.ndtv.com/hp-14-ar005tu-5205,43
6140,"Asus TP301UJ-C4014T Laptop (Windows 10, 8GB RAM, 1000GB HDD, Intel Core i5, Silver, 13 inch)",Asus,VivoBook Flip TP301UJ-C4014T,Laptops,63900,https://i.gadgets360cdn.com/products/laptops/large/1525205940_635_vivobook-flip-tp301uj-c4014t.jpg?downsize=*:180&amp;output-quality=80&amp;output-format=webp,https://gadgets.ndtv.com/asus-vivobook-flip-tp301uj-c4014t-5156,5
6141,"HP Pavilion 15-R060TU Laptop (Linux, 4GB RAM, 500GB HDD, Intel Core i3, Black, 15.6 inch)",HP,15-r060tu,Laptops,27420,https://i.gadgets360cdn.com/products/laptops/large/1525202305_635_15-r060tu.jpg?downsize=*:180&amp;output-quality=80&amp;output-format=webp,https://gadgets.ndtv.com/hp-15-r060tu-4897,39
6142,"Dell Inspiron 15 3542 Laptop (Linux, 4GB RAM, 500GB HDD, Intel Core i3, Silver, 15.6 inch)",Dell,Inspiron 15 3542,Laptops,29200,https://i.gadgets360cdn.com/products/laptops/large/1525202043_635_inspiron-15-3542.jpg?downsize=*:180&amp;output-quality=80&amp;output-format=webp,https://gadgets.ndtv.com/dell-inspiron-15-3542-4873,33
6143,"HP 15-BA017AX Laptop (DOS, 2GB RAM, 1000GB HDD, AMD Silver)",HP,15-ba017ax,Laptops,29999,https://i.gadgets360cdn.com/products/laptops/large/1525200134_635_15-ba017ax.jpg?downsize=*:180&amp;output-quality=80&amp;output-format=webp,https://gadgets.ndtv.com/hp-15-ba017ax-4775,38
6144,"Lenovo Yoga 900 Laptop (Windows 10, 8GB RAM, 512GB HDD, Intel Core i7, Orange, 13.3 inch)",Lenovo,Yoga 900,Laptops,103990,https://i.gadgets360cdn.com/products/laptops/large/1525206421_635_yoga-900.jpg?downsize=*:180&amp;output-quality=80&amp;output-format=webp,https://gadgets.ndtv.com/lenovo-yoga-900-5294,13
6145,"HP 15-AY545TU Laptop (Windows 10, 4GB RAM, 1000GB HDD, Intel Core i3, Red, 15.6 inch)",HP,15-ay545tu,Laptops,37000,https://i.gadgets360cdn.com/products/laptops/large/1525206322_635_15-ay545tu.jpg?downsize=*:180&amp;output-quality=80&amp;output-format=webp,https://gadgets.ndtv.com/hp-15-ay545tu-5261,26
6146,"Apple Macbook Pro MF840HN/A Laptop (Mac, 8GB RAM, 256GB HDD, Intel Core i5, Silver, 13.3 inch)",Apple,Macbook Pro MF840HN/A,Laptops,103600,https://i.gadgets360cdn.com/products/laptops/large/1525203913_635_macbook-pro-mf840hn-a.jpg?downsize=*:180&amp;output-quality=80&amp;output-format=webp,https://gadgets.ndtv.com/apple-macbook-pro-mf840hn-a-4975,47
6147,"HP Envy 13-D116TU Laptop (Windows 10, 8GB RAM, 256GB HDD, Intel Core i5, Silver)",HP,Envy 13-d116tu,Laptops,82490,https://i.gadgets360cdn.com/products/laptops/large/1525206081_635_envy-13-d116tu.jpg?downsize=*:180&amp;output-quality=80&amp;output-format=webp,https://gadgets.ndtv.com/hp-envy-13-d116tu-5198,26
6148,"Asus Pro P2420LA-WO0454D Laptop (DOS, 4GB RAM, 1000GB HDD, Intel Core i3, Black, 14.1 inch)",Asus,P2420LA-WO0454D,Laptops,25799,https://i.gadgets360cdn.com/products/laptops/large/1525204167_635_p2420la-wo0454d.jpg?downsize=*:180&amp;output-quality=80&amp;output-format=webp,https://gadgets.ndtv.com/asus-p2420la-wo0454d-5014,37
6149,"Acer Aspire E E5-575-37KV Laptop (Windows 10, 4GB RAM, 1000GB HDD, Intel Core i3, Black, 15.6 inch)",Acer,Aspire E E5-575-37KV,Laptops,27415,https://i.gadgets360cdn.com/products/laptops/large/1546455358_635_acer_aspire-e-e5-575-37kv.jpg?downsize=*:180&amp;output-quality=80&amp;output-format=webp,https://gadgets.ndtv.com/acer-aspire-e-e5-575-37kv-7394,9
6150,"Acer Spin 3 SP315-51 Laptop (Windows 10, 4GB RAM, 1000GB HDD, Intel Core i3, Black, 15.6 inch)",Acer,Spin 3 SP315-51,Laptops,34990,https://i.gadgets360cdn.com/products/laptops/large/1525205907_635_spin-3-sp315-51.jpg?downsize=*:180&amp;output-quality=80&amp;output-format=webp,https://gadgets.ndtv.com/acer-spin-3-sp315-51-5134,41
6151,"Asus A555LF-XX406D Laptop (DOS, 4GB RAM, 1000GB HDD, Intel Core i3, Dark Brown, 15.6 inch)",Asus,A555LF-XX406D,Laptops,30680,https://i.gadgets360cdn.com/products/laptops/large/1525203937_635_a555lf-xx406d.jpg?downsize=*:180&amp;output-quality=80&amp;output-format=webp,https://gadgets.ndtv.com/asus-a555lf-xx406d-4990,11
6152,"Dell Vostro 3446 Laptop (Linux, 4GB RAM, 500GB HDD, Intel Core i3, Red, 14 inch)",Dell,Vostro 3446,Laptops,33250,https://i.gadgets360cdn.com/products/laptops/large/1525202054_635_vostro-3446.jpg?downsize=*:180&amp;output-quality=80&amp;output-format=webp,https://gadgets.ndtv.com/dell-vostro-3446-4879,36
6153,"HP Pavilion 15-AB521TX Laptop (Windows 10, 8GB RAM, 1000GB HDD, Intel Core i5, Silver, 15.6 inch)",HP,15-ab521tx,Laptops,56990,https://i.gadgets360cdn.com/products/laptops/large/1525206183_635_15-ab521tx.jpg?downsize=*:180&amp;output-quality=80&amp;output-format=webp,https://gadgets.ndtv.com/hp-15-ab521tx-5206,33
6154,"Acer Aspire E ES1-571-P4ZR Laptop (Windows 10, 4GB RAM, 1000GB HDD, Intel Pentium, Black, 15.6 inch)",Acer,Aspire E ES1-571-P4ZR,Laptops,23990,https://i.gadgets360cdn.com/products/laptops/large/1546455293_635_acer_aspire-e-es1-571-p4zr.jpg?downsize=*:180&amp;output-quality=80&amp;output-format=webp,https://gadgets.ndtv.com/acer-aspire-e-es1-571-p4zr-7341,23
6155,"HP 15-P242TU Laptop (Windows 8.1, 4GB RAM, 500GB HDD, Intel Core i3, Silver)",HP,Pavilion 15-p242tu,Laptops,34500,https://i.gadgets360cdn.com/products/laptops/large/1525204283_635_pavilion-15-p242tu.jpg?downsize=*:180&amp;output-quality=80&amp;output-format=webp,https://gadgets.ndtv.com/hp-pavilion-15-p242tu-5052,38
6156,"Dell Inspiron 5455 Laptop (Windows 8.1, 4GB RAM, 1000GB HDD, AMD Black, 14 inch)",Dell,Inspiron 14 5455,Laptops,32000,https://i.gadgets360cdn.com/products/laptops/large/1525206051_635_inspiron-14-5455.jpg?downsize=*:180&amp;output-quality=80&amp;output-format=webp,https://gadgets.ndtv.com/dell-inspiron-14-5455-5183,31
6157,"Acer Aspire E5 Laptop (Windows 10, 2GB RAM, 256GB HDD, Intel Core i5, Black, 17.3 inch)",Acer,Aspire E E5,Laptops,101474,https://i.gadgets360cdn.com/products/laptops/large/1546456353_635_acer_aspire-e-e5.jpg?downsize=*:180&amp;output-quality=80&amp;output-format=webp,https://gadgets.ndtv.com/acer-aspire-e-e5-6814,42
6158,"Asus E402MA-BING-WX0017B Laptop (Windows 8, 2GB RAM, 500GB HDD, Intel Pentium, Blue, 11.6 inch)",Asus,EeeBook E402MA-BING-WX0017B,Laptops,22500,https://i.gadgets360cdn.com/products/laptops/large/1546454692_635_asus_eeebook-e402ma-bing-wx0017b.jpg?downsize=*:180&amp;output-quality=80&amp;output-format=webp,https://gadgets.ndtv.com/asus-eeebook-e402ma-bing-wx0017b-6871#gallery,43
6159,"Asus A553SA-XX049D Laptop (DOS, 4GB RAM, 500GB HDD, Intel Pentium, Black, 15.6 inch)",Asus,A553SA-XX049D,Laptops,19000,https://i.gadgets360cdn.com/products/laptops/large/1525201936_635_a553sa-xx049d.jpg?downsize=*:180&amp;output-quality=80&amp;output-format=webp,https://gadgets.ndtv.com/asus-a553sa-xx049d-4814,49
6160,"HP 15-AC120TX Laptop (DOS, 4GB RAM, 1000GB HDD, Intel Core i3, Turbo Silver, 15.6 inch)",HP,15-120tx,Laptops,34949,https://i.gadgets360cdn.com/products/laptops/large/1525204306_635_15-120tx.jpg?downsize=*:180&amp;output-quality=80&amp;output-format=webp,https://gadgets.ndtv.com/hp-15-120tx-5067,39
6161,"Asus A555LA-XX1560T Laptop (Windows 10, 4GB RAM, 1000GB HDD, Intel Core i3, Black & Gold, 15.6 inch)",Asus,A555LA-XX1560T,Laptops,29999,https://i.gadgets360cdn.com/products/laptops/large/1525201894_635_a555la-xx1560t.jpg?downsize=*:180&amp;output-quality=80&amp;output-format=webp,https://gadgets.ndtv.com/asus-a555la-xx1560t-4791,34
6162,"Asus X X200CA-KX219D Laptop (DOS, 4GB RAM, 500GB HDD, Intel Core i3, White, 11.5 inch)",Asus,X200CA-KX219D,Laptops,27999,https://i.gadgets360cdn.com/products/laptops/large/1525200123_635_x200ca-kx219d.jpg?downsize=*:180&amp;output-quality=80&amp;output-format=webp,https://gadgets.ndtv.com/asus-x200ca-kx219d-4767,31
6163,"Asus X205TA-FD0060TS Laptop (Windows 10, 2GB RAM, 32GB HDD, Intel Atom, White, 11.6 inch)",Asus,Eeebook X205TA-FD0060TS,Laptops,15990,https://i.gadgets360cdn.com/products/laptops/large/1525200106_635_eeebook-x205ta-fd0060ts.jpg?downsize=*:180&amp;output-quality=80&amp;output-format=webp,https://gadgets.ndtv.com/asus-eeebook-x205ta-fd0060ts-4756,46
6164,"Asus P2430UA-WO0543D Laptop (DOS, 4GB RAM, 1000GB HDD, Intel Core i7, Black, 14 inch)",Asus,PRO P2430UA-WO0543D,Laptops,46900,https://i.gadgets360cdn.com/products/laptops/large/1525205920_635_pro-p2430ua-wo0543d.jpg?downsize=*:180&amp;output-quality=80&amp;output-format=webp,https://gadgets.ndtv.com/asus-pro-p2430ua-wo0543d-5143,31
6165,"HP Pavilion X360 13-U004TU Laptop (Windows 10, 4GB RAM, 1000GB HDD, Intel Core i3, Natural Silver)",HP,Pavilion x360 13-u004tu,Laptops,43850,https://i.gadgets360cdn.com/products/laptops/large/1525206231_635_pavilion-x360-13-u004tu.jpg?downsize=*:180&amp;output-quality=80&amp;output-format=webp,https://gadgets.ndtv.com/hp-pavilion-x360-13-u004tu-5237,47
6166,"Dell Vostro 3449 Laptop (Linux, 4GB RAM, 500GB HDD, Intel Core i5, Grey, 14 inch)",Dell,Vostro 3449,Laptops,39990,https://i.gadgets360cdn.com/products/laptops/large/1546454173_635_dell_vostro-3449.jpg?downsize=*:180&amp;output-quality=80&amp;output-format=webp,https://gadgets.ndtv.com/dell-vostro-3449-6439,5
6167,"HP 15-AY079TX Laptop (Windows 10, 8GB RAM, 1000GB HDD, Intel Core i3, Silver, 15.6 inch)",HP,15-ay079tx,Laptops,41399,https://i.gadgets360cdn.com/products/laptops/large/1525204269_635_15-ay079tx.jpg?downsize=*:180&amp;output-quality=80&amp;output-format=webp,https://gadgets.ndtv.com/hp-15-ay079tx-5044,5
6168,"HP 15-AY503TX Laptop (DOS, 8GB RAM, 1000GB HDD, Intel Core i5, Turbo Silver, 15.6 inch)",HP,15-ay503tx,Laptops,44307,https://i.gadgets360cdn.com/products/laptops/large/1525206187_635_15-ay503tx.jpg?downsize=*:180&amp;output-quality=80&amp;output-format=webp,https://gadgets.ndtv.com/hp-15-ay503tx-5209,48
6169,"HP Pavilion 13-B202TU Laptop (Windows 8.1, 4GB RAM, 1000GB HDD, Intel Core i5, Silver)",HP,Pavilion 13-b202tu,Laptops,46480,https://i.gadgets360cdn.com/products/laptops/large/1525204297_635_pavilion-13-b202tu.jpg?downsize=*:180&amp;output-quality=80&amp;output-format=webp,https://gadgets.ndtv.com/hp-pavilion-13-b202tu-5061,41
6170,"Acer Aspire E ES-11-ES1-132 Laptop (Windows 10, 2GB RAM, 500GB HDD, Intel Celeron, Black, 11.6 inch)",Acer,Aspire E ES-11-ES1-132,Laptops,18799,https://i.gadgets360cdn.com/products/laptops/large/1546454488_635_acer_aspire-e-es-11-es1-132.jpg?downsize=*:180&amp;output-quality=80&amp;output-format=webp,https://gadgets.ndtv.com/acer-aspire-e-es-11-es1-132-6706,35
6171,"HP Spectre 13-V123TU Laptop (Windows 10, 8GB RAM, 256GB HDD, Intel Core i5, Dark Brown, 13.3 inch)",HP,Spectre 13-v123tu,Laptops,75000,https://i.gadgets360cdn.com/products/laptops/large/1525207856_635_spectre-13-v123tu.jpg?downsize=*:180&amp;output-quality=80&amp;output-format=webp,https://gadgets.ndtv.com/hp-spectre-13-v123tu-5404,41
6172,"Acer Aspire E ES1-571-33VV Laptop (Linux, 4GB RAM, 1000GB HDD, Intel Core i3, Black, 15.6 inch)",Acer,Aspire ES1-571-33VV,Laptops,25655,https://i.gadgets360cdn.com/products/laptops/large/1525203884_635_aspire-es1-571-33vv.jpg?downsize=*:180&amp;output-quality=80&amp;output-format=webp,https://gadgets.ndtv.com/acer-aspire-es1-571-33vv-4955,10
6173,"Acer Aspire E ESI-131-C8JS Laptop (Windows 10, 2GB RAM, 500GB HDD, Intel Celeron, Black, 11.6 inch)",Acer,Aspire E ESI-131-C8JS,Laptops,18990,https://i.gadgets360cdn.com/products/laptops/large/1546453477_635_acer_aspire-e-esi-131-c8js.jpg?downsize=*:180&amp;output-quality=80&amp;output-format=webp,https://gadgets.ndtv.com/acer-aspire-e-esi-131-c8js-6025,47
6174,"Acer Nitro AN515-31 Laptop (Windows 10, 8GB RAM, 1000GB HDD, Intel Core i5, Black, 15.6 inch)",Acer,Nitro AN515-31,Laptops,62990,https://i.gadgets360cdn.com/products/laptops/large/1546455980_635_acer_nitro-an515-31.jpg?downsize=*:180&amp;output-quality=80&amp;output-format=webp,https://gadgets.ndtv.com/acer-nitro-an515-31-7981#gallery,8
6175,"Acer Nitro AN515-52 Laptop (Windows 10, 8GB RAM, 1000GB HDD, Intel Core i7, Black, 15.6 inch)",Acer,Nitro AN515-52,Laptops,69999,https://i.gadgets360cdn.com/products/laptops/large/1546455977_635_acer_nitro-an515-52.jpg?downsize=*:180&amp;output-quality=80&amp;output-format=webp,https://gadgets.ndtv.com/acer-nitro-an515-52-7979#gallery,24
6176,"HP Pavilion X360 13-U005TU Laptop (Windows 10, 4GB RAM, 1000GB HDD, Intel Core i5, Silver)",HP,Pavilion x360 13-u005tu,Laptops,63728,https://i.gadgets360cdn.com/products/laptops/large/1525206233_635_pavilion-x360-13-u005tu.jpg?downsize=*:180&amp;output-quality=80&amp;output-format=webp,https://gadgets.ndtv.com/hp-pavilion-x360-13-u005tu-5238,36
6177,"Acer Aspire E ES-ES1-571-558Z Laptop (Linux, 4GB RAM, 1000GB HDD, Intel Core i5, Black, 15.6 inch)",Acer,Aspire E ES-ES1-571-558Z,Laptops,29200,https://i.gadgets360cdn.com/products/laptops/large/1546455328_635_acer_aspire-e-es-es1-571-558z.jpg?downsize=*:180&amp;output-quality=80&amp;output-format=webp,https://gadgets.ndtv.com/acer-aspire-e-es-es1-571-558z-7366#gallery,17
6178,"Acer Aspire 3 A315-51z Laptop (Windows 10 Home, 4GB RAM, 1000GB HDD, Intel Core i3, Grey, 15.6 inch)",Acer,Aspire A315-51z,Laptops,29990,https://i.gadgets360cdn.com/products/laptops/large/1546456039_635_acer_aspire-a315-51z.jpg?downsize=*:180&amp;output-quality=80&amp;output-format=webp,https://gadgets.ndtv.com/acer-aspire-a315-51z-8036#gallery,50
6179,"Fujitsu Lifebook A555 Laptop (DOS, 4GB RAM, 1000GB HDD, Intel Core i3, Black, 15.6 inch)",Fujitsu,Lifebook A555,Laptops,22799,https://i.gadgets360cdn.com/products/laptops/large/1525204209_635_lifebook-a555.jpg?downsize=*:180&amp;output-quality=80&amp;output-format=webp,https://gadgets.ndtv.com/fujitsu-lifebook-a555-5032,5
6180,"Acer Aspire E E-15-E5-575G Laptop (Windows 10, 8GB RAM, 1000GB HDD, Intel Core i5, Black, 15.6 inch)",Acer,Aspire E E-15-E5-575G,Laptops,44555,https://i.gadgets360cdn.com/products/laptops/large/1546455327_635_acer_aspire-e-e-15-e5-575g.jpg?downsize=*:180&amp;output-quality=80&amp;output-format=webp,https://gadgets.ndtv.com/acer-aspire-e-e-15-e5-575g-7365#gallery,36
6181,"Acer Aspire E ES1-512 Laptop (Windows 8.1, 2GB RAM, 500GB HDD, Intel Celeron, Black, 15.6 inch)",Acer,Aspire E ES1-512,Laptops,17600,https://i.gadgets360cdn.com/products/laptops/large/1546453444_635_acer_aspire-e-es1-512.jpg?downsize=*:180&amp;output-quality=80&amp;output-format=webp,https://gadgets.ndtv.com/acer-aspire-e-es1-512-5997,40
6182,"Acer Aspire E ES1-531 Laptop (Linux, 4GB RAM, 500GB HDD, Intel Pentium, Black, 15.6 inch)",Acer,Aspire ES1-531,Laptops,21400,https://i.gadgets360cdn.com/products/laptops/large/1525200096_635_aspire-es1-531.jpg?downsize=*:180&amp;output-quality=80&amp;output-format=webp,https://gadgets.ndtv.com/acer-aspire-es1-531-4749,20
6183,"HP Elitebook 820-G3 Laptop (Windows 10, 8GB RAM, 256GB HDD, Intel Core i7, Silver)",HP,EliteBook 820 G3,Laptops,109525,https://i.gadgets360cdn.com/products/laptops/large/1525206075_635_elitebook-820-g3.jpg?downsize=*:180&amp;output-quality=80&amp;output-format=webp,https://gadgets.ndtv.com/hp-elitebook-820-g3-5194,43
6184,"HP Envy 13-D115TU Laptop (Windows 10, 8GB RAM, 256GB HDD, Intel Core i7, Silver)",HP,Envy 13-d115tu,Laptops,89490,https://i.gadgets360cdn.com/products/laptops/large/1525206079_635_envy-13-d115tu.jpg?downsize=*:180&amp;output-quality=80&amp;output-format=webp,https://gadgets.ndtv.com/hp-envy-13-d115tu-5197,28
6185,"Micromax Canvas Laptab 2 LT777 Laptop (Windows 10, 2GB RAM, 32GB HDD, Intel Atom, Black)",Micromax,Canvas LT777,Laptops,18999,https://i.gadgets360cdn.com/products/laptops/large/1525202391_635_canvas-lt777.jpg?downsize=*:180&amp;output-quality=80&amp;output-format=webp,https://gadgets.ndtv.com/micromax-canvas-lt777-4945,20
6186,"Lenovo Y700 Laptop (Windows 10, 4GB RAM, 1000GB HDD, AMD Black, 15.6 inch)",Lenovo,Y700,Laptops,26090,https://i.gadgets360cdn.com/products/laptops/large/1546453635_635_lenovo_y700.jpg?downsize=*:180&amp;output-quality=80&amp;output-format=webp,https://gadgets.ndtv.com/lenovo-y700-6163,16
6187,"Acer Predator Triton 700 PT715-51-71W9 Laptop (Windows 10 Home, 32GB RAM, 512GB HDD, Intel Core i7, Black, 15.6 inch)",Acer,Predator Triton 700 PT715-51-71W9,Laptops,240873,https://i.gadgets360cdn.com/products/laptops/large/1546456207_635_acer_predator-triton-700-pt715-51-71w9.jpg?downsize=*:180&amp;output-quality=80&amp;output-format=webp,https://gadgets.ndtv.com/acer-predator-triton-700-pt715-51-71w9-8186#gallery,19
6188,"Lenovo Thinkpad X1 Laptop (Windows, 8GB RAM, 256GB HDD, Intel Core i5, Black, 14.0 Inch)",Lenovo,ThinkPad X1,Laptops,140444,https://i.gadgets360cdn.com/products/laptops/large/1546456664_635_lenovo_thinkpad-x1.jpg?downsize=*:180&amp;output-quality=80&amp;output-format=webp,https://gadgets.ndtv.com/lenovo-thinkpad-x1-6131,27
6189,"Lenovo Yoga 710 Laptop (Windows 10, 4GB RAM, 256GB HDD, Intel Core i5, Silver, 14 inch)",Lenovo,Yoga 710,Laptops,69499,https://i.gadgets360cdn.com/products/laptops/large/1525207904_635_yoga-710.jpg?downsize=*:180&amp;output-quality=80&amp;output-format=webp,https://gadgets.ndtv.com/lenovo-yoga-710-5416,44
6190,"Asus UX330CA-FC018T Laptop (Windows 10, 4GB RAM, 256GB HDD, Intel Core m3, Gold, 13.3 inch)",Asus,Zenbook UX330CA-FC018T,Laptops,49990,https://i.gadgets360cdn.com/products/laptops/large/1525207678_635_zenbook-ux330ca-fc018t.jpg?downsize=*:180&amp;output-quality=80&amp;output-format=webp,https://gadgets.ndtv.com/asus-zenbook-ux330ca-fc018t-5347,11
6191,"Asus R542BP-GQ058T Laptop (Windows 10, 4GB RAM, 1000GB HDD, AMD Dark Grey, 15.6 inch)",Asus,R542BP-GQ058T,Laptops,28990,https://i.gadgets360cdn.com/products/laptops/large/1546453737_635_asus_r542bp-gq058t.jpg?downsize=*:180&amp;output-quality=80&amp;output-format=webp,https://gadgets.ndtv.com/asus-r542bp-gq058t-6218#gallery,42
6192,"Dell Vostro 5459 Laptop (Windows 10, 4GB RAM, 1000GB HDD, Intel Core i5, Grey, 14 inch)",Dell,Vostro 5459,Laptops,59900,https://i.gadgets360cdn.com/products/laptops/large/1546452929_635_dell_vostro-5459.jpg?downsize=*:180&amp;output-quality=80&amp;output-format=webp,https://gadgets.ndtv.com/dell-vostro-5459-5830,23
6193,"Asus A555LA-XX1755T Laptop (Windows 10, 4GB RAM, 1000GB HDD, Intel Core i3, Dark Blue, 15.6 inch)",Asus,A555LA-XX1755T,Laptops,26990,https://i.gadgets360cdn.com/products/laptops/large/1546454392_635_asus_a555la-xx1755t.jpg?downsize=*:180&amp;output-quality=80&amp;output-format=webp,https://gadgets.ndtv.com/asus-a555la-xx1755t-6622,11
6194,"Asus X541UA-XO217T Laptop (Windows 10, 4GB RAM, 1000GB HDD, Intel Core i3, Black, 15.6 inch)",Asus,X541UA-XO217T,Laptops,25790,https://i.gadgets360cdn.com/products/laptops/large/1546453794_635_asus_x541ua-xo217t.jpg?downsize=*:180&amp;output-quality=80&amp;output-format=webp,https://gadgets.ndtv.com/asus-x541ua-xo217t-6266#gallery,11
6195,"Asus X540LA-XX441T Laptop (Windows 10, 4GB RAM, 1000GB HDD, Intel Core i3, Aqua Blue, 15.6 inch)",Asus,X540LA-XX441T,Laptops,31000,https://i.gadgets360cdn.com/products/laptops/large/1546454947_635_asus_x540la-xx441t.jpg?downsize=*:180&amp;output-quality=80&amp;output-format=webp,https://gadgets.ndtv.com/asus-x540la-xx441t-7014,5
6196,"Asus R558UR-DM125D Laptop (DOS, 4GB RAM, 1000GB HDD, Intel Core i5, Red, 15.6 inch)",Asus,R558UR-DM125D,Laptops,45555,https://i.gadgets360cdn.com/products/laptops/large/1546453057_635_asus_r558ur-dm125d.jpg?downsize=*:180&amp;output-quality=80&amp;output-format=webp,https://gadgets.ndtv.com/asus-r558ur-dm125d-5940#gallery,40
6197,"Asus Vivobook Max R541UV-DM525T Laptop (Windows 10, 8GB RAM, 1000GB HDD, Intel Core i5, Black, 15.6 inch)",Asus,VivoBook Max R541UV-DM525T,Laptops,43990,https://i.gadgets360cdn.com/products/laptops/large/1546454155_635_asus_vivobook-max-r541uv-dm525t.jpg?downsize=*:180&amp;output-quality=80&amp;output-format=webp,https://gadgets.ndtv.com/asus-vivobook-max-r541uv-dm525t-6424,11
6198,"HP Pavilion 15-BC444TX Gaming Laptop (Windows 10, 8GB RAM, 128GB SSD + 1TB HDD, intel Core i5, 8th Gen, Black, 15.6 inch)",HP,Pavilion 15-BC444TX,Laptops,82000,https://i.gadgets360cdn.com/products/large/hp-pavilion-15-bc444tx-1150x800-1565087105.jpg?downsize=*:180&amp;output-quality=80&amp;output-format=webp,https://gadgets.ndtv.com/hp-pavilion-15-bc444tx-price-in-india-90959,11
6199,"Acer Predator Helios 300 Laptop (Windows 10, 8GB RAM, 1000GB HDD, Intel Core i7, Red & Black)",Acer,Predator Helios 300,Laptops,89990,https://i.gadgets360cdn.com/products/laptops/large/1546453522_635_acer_predator-helios-300.jpg?downsize=*:180&amp;output-quality=80&amp;output-format=webp,https://gadgets.ndtv.com/acer-predator-helios-300-6063#gallery,32
6200,"MSI Titan Pro GT75VR Laptop (Windows 10, 32GB RAM, 1000GB HDD, Intel Core i7, Black)",MSI,Titan Pro GT75VR,Laptops,475000,https://i.gadgets360cdn.com/products/laptops/large/1546454734_635_msi_titan-pro-gt75vr.jpg?downsize=*:180&amp;output-quality=80&amp;output-format=webp,https://gadgets.ndtv.com/msi-titan-pro-gt75vr-6905#gallery,24
6201,"Toshiba Satellite C50A-I0116 Laptop (Windows 8.1, 4GB RAM, 500GB HDD, Intel Core i3, White)",Toshiba,Satellite C50-A I0116,Laptops,34990,https://i.gadgets360cdn.com/products/laptops/large/1525200144_635_satellite-c50-a-i0116.jpg?downsize=*:180&amp;output-quality=80&amp;output-format=webp,https://gadgets.ndtv.com/toshiba-satellite-c50-a-i0116-4781,48
6202,"Acer Aspire 3 A315-53-30BS Laptop (Windows 10, 6GB RAM, 1000GB HDD, Intel Core i3, Black, 15.6 inch)",Acer,Aspire 3 A315-53-30BS,Laptops,37490,https://i.gadgets360cdn.com/products/laptops/large/1546456997_635_acer_aspire-3-a315-53-30bs.jpg?downsize=*:180&amp;output-quality=80&amp;output-format=webp,https://gadgets.ndtv.com/acer-aspire-3-a315-53-30bs-8899#gallery,26
8169,Vu 75 Inches Ultra HD (4K) LED Smart TV (VU/S/OAUHD75),Vu,75 Inch LED Ultra HD (4K) TV (VU/S/OAUHD75),Televisions,108000,https://i.gadgets360cdn.com/products/televisions/large/1548154943_832_vu_75-inch-led-ultra-hd-4k-tv-vu-s-oauhd75.jpg?downsize=*:180&amp;output-quality=80&amp;output-format=webp,https://gadgets.ndtv.com/vu-75-inch-led-ultra-hd-4k-tv-vu-s-oauhd75-11362,5
8170,Vu 65 Inches Ultra HD (4K) LED Smart TV (VU/S/OAUHD65),Vu,65 Inch LED Ultra HD (4K) TV (VU/S/OAUHD65),Televisions,75999,https://i.gadgets360cdn.com/products/televisions/large/1548154941_832_vu_65-inch-led-ultra-hd-4k-tv-vu-s-oauhd65.jpg?downsize=*:180&amp;output-quality=80&amp;output-format=webp,https://gadgets.ndtv.com/vu-65-inch-led-ultra-hd-4k-tv-vu-s-oauhd65-11361,5
8171,Micromax 40 Inches Full HD LED Smart TV (40 CANVAS 3),Micromax,40 Inch LED Full HD TV (40 CANVAS 3),Televisions,17999,https://i.gadgets360cdn.com/products/televisions/large/1548153151_832_micromax_40-inch-led-full-hd-tv-40-canvas-3.jpg?downsize=*:180&amp;output-quality=80&amp;output-format=webp,https://gadgets.ndtv.com/micromax-40-inch-led-full-hd-tv-40-canvas-3-9345,19
8172,Micromax 32 Inches HD Ready LED Smart TV (32 CANVAS 3),Micromax,32 Inch LED HD Ready TV (32 CANVAS 3),Televisions,11999,https://i.gadgets360cdn.com/products/televisions/large/1548152916_832_micromax_32-inch-led-hd-ready-tv-32-canvas-3.jpg?downsize=*:180&amp;output-quality=80&amp;output-format=webp,https://gadgets.ndtv.com/micromax-32-inch-led-hd-ready-tv-32-canvas-3-9093,39
8173,Micromax 50 Inches Full HD LED Smart TV (50 CANVAS 3),Micromax,50 Inch LED Full HD TV (50 CANVAS 3),Televisions,27499,https://i.gadgets360cdn.com/products/televisions/large/1548153508_832_micromax_50-inch-led-full-hd-tv-50-canvas-3.jpg?downsize=*:180&amp;output-quality=80&amp;output-format=webp,https://gadgets.ndtv.com/micromax-50-inch-led-full-hd-tv-50-canvas-3-9718,45
8174,"Iffalcon 55 Inches Ultra HD (4K) LED Smart TV (55K2A, Black)",iFFalcon,55 Inch LED Ultra HD (4K) TV (55K2A),Televisions,36999,https://i.gadgets360cdn.com/products/televisions/large/1548153579_832_iffalcon_55-inch-led-ultra-hd-4k-tv-55k2a.jpg?downsize=*:180&amp;output-quality=80&amp;output-format=webp,https://gadgets.ndtv.com/iffalcon-55-inch-led-ultra-hd-4k-tv-55k2a-9798,47
8175,"Vu 55 Inches Ultra HD (4K) LED Smart TV (Premium 55-OA, Black)",Vu,55 Inch LED Ultra HD (4K) TV (Premium 55-OA),Televisions,36999,https://i.gadgets360cdn.com/products/large/vu-55-oa-55-oa-v1-original-imafqfjrx7zze7ph-416x266-1587537613.jpeg?downsize=*:180&amp;output-quality=80&amp;output-format=webp,https://gadgets.ndtv.com/vu-55-inch-led-ultra-hd-4k-tv-premium-55-oa-price-in-india-92077,34
8176,"Micromax 49 Inches Ultra HD (4K) LED Smart TV (49TA7000UHD, Black)",Micromax,49 Inch LED Ultra HD (4K) TV (49TA7000UHD),Televisions,33999,https://i.gadgets360cdn.com/products/large/micromax-55ta7000uhd-original-imaffg4pngvpvm4x-416x245-1588062193.jpeg?downsize=*:180&amp;output-quality=80&amp;output-format=webp,https://gadgets.ndtv.com/micromax-49-inch-led-ultra-hd-4k-tv-49ta7000uhd-price-in-india-92099,22
8177,"Vu 86 Inches Ultra HD (4K) LED Smart TV (Pixelight HDR VU/C/PXUHD86, Black)",Vu,86 Inch LED Ultra HD (4K) TV (Pixelight HDR VU/C/PXUHD86),Televisions,400000,https://i.gadgets360cdn.com/products/large/vu-86-inch-led-ultra-hd-4k-tv-pixelight-hdr-vu-c-pxuhd86-1311x800-1591796840.jpg?downsize=*:180&amp;output-quality=80&amp;output-format=webp,https://gadgets.ndtv.com/vu-86-inch-led-ultra-hd-4k-tv-pixelight-hdr-vu-c-pxuhd86-price-in-india-92076,18
8178,"Micromax 40 Inches Full HD LED Smart TV (40CAM6SFHD, Black)",Micromax,40 Inch LED Full HD TV (40CAM6SFHD),Televisions,18999,https://i.gadgets360cdn.com/products/large/micromax-40cam6sfhd-original-imafhyaa5tp96qsm-416x247-1584786663.jpeg?downsize=*:180&amp;output-quality=80&amp;output-format=webp,https://gadgets.ndtv.com/micromax-40-inch-led-full-hd-tv-40cam6sfhd-price-in-india-91809,33
8179,"Vu 50 Inches Ultra HD (4K) LED Smart TV (Pixelight 50-QDV, Black)",Vu,50 Inch LED Ultra HD (4K) TV (Pixelight 50-QDV),Televisions,26360,https://i.gadgets360cdn.com/products/large/50-QDV-416x268-1587367955.jpeg?downsize=*:180&amp;output-quality=80&amp;output-format=webp,https://gadgets.ndtv.com/vu-50-inch-led-ultra-hd-4k-tv-pixelight-50-qdv-price-in-india-92068,50
8180,CloudWalker Cloud TV 80cm (32 inch) HD Ready LED Smart TV(32SH04X),CloudWalker,32 Inch LED HD Ready TV (32SH04X),Televisions,11999,https://i.gadgets360cdn.com/products/televisions/large/1548153102_832_cloudwalker_32-inch-led-hd-ready-tv-32sh04x.jpg?downsize=*:180&amp;output-quality=80&amp;output-format=webp,https://gadgets.ndtv.com/cloudwalker-32-inch-led-hd-ready-tv-32sh04x-9295,47
8181,"Vu 55 Inches Ultra HD (4K) LED Smart TV (Pixelight 55-QDV, Black)",Vu,55 Inch LED Ultra HD (4K) TV (Pixelight 55-QDV),Televisions,29950,https://i.gadgets360cdn.com/products/large/55-QDV-416x268-1587368775.jpeg?downsize=*:180&amp;output-quality=80&amp;output-format=webp,https://gadgets.ndtv.com/vu-55-inch-led-ultra-hd-4k-tv-pixelight-55-qdv-price-in-india-92069,44
8182,"iFFalcon 65 Inches Ultra HD (4K) LED Smart Android TV (65K3A, Black)",iFFalcon,65-inch LED Ultra HD (4K) Smart Android TV (65K3A),Televisions,58499,https://i.gadgets360cdn.com/products/large/iffalcon-65k3a-original-imafm59fkg8njeau-416x313-1584526405.jpeg?downsize=*:180&amp;output-quality=80&amp;output-format=webp,https://gadgets.ndtv.com/iffalcon-65-inch-led-ultra-hd-4k-smart-android-tv-65k3a-price-in-india-91786,18
8183,"Vu 43 Inches Ultra HD (4K) LED Smart TV (Pixelight 43-UH, Black)",Vu,43 Inch LED Ultra HD (4K) TV (Pixelight 43-UH),Televisions,22999,https://i.gadgets360cdn.com/products/large/43-UH-416x272-1587367203.jpeg?downsize=*:180&amp;output-quality=80&amp;output-format=webp,https://gadgets.ndtv.com/vu-43-inch-led-ultra-hd-4k-tv-pixelight-43-uh-price-in-india-92067,14
8184,CloudWalker Cloud TV 109cm (43 inch) Full HD LED Smart TV(43SF04X),CloudWalker,43 Inch LED Full HD TV (43SF04X),Televisions,19499,https://i.gadgets360cdn.com/products/televisions/large/1548153367_832_cloudwalker_43-inch-led-full-hd-tv-43sf04x.jpg?downsize=*:180&amp;output-quality=80&amp;output-format=webp,https://gadgets.ndtv.com/cloudwalker-43-inch-led-full-hd-tv-43sf04x-9575,43
8185,"Motorola 55 Inches Ultra HD (4K) LED Smart TV (55SAUHDM, Black)",Motorola,55 Inch LED Ultra HD (4K) TV (55SAUHDM),Televisions,39999,https://i.gadgets360cdn.com/products/large/motorola-65sauhdm-original-imafm59fztjjshhm-416x297-1584957753.jpeg?downsize=*:180&amp;output-quality=80&amp;output-format=webp,https://gadgets.ndtv.com/motorola-55-inch-led-ultra-hd-4k-tv-55sauhdm-price-in-india-91812,10
8186,"Motorola 50 Inches Ultra HD (4K) LED Smart TV (50SAUHDM, Black)",Motorola,50 Inch LED Ultra HD (4K) TV (50SAUHDM),Televisions,34999,https://i.gadgets360cdn.com/products/large/motorola-65sauhdm-original-imafm59fztjjshhm-416x297-1584956541.jpeg?downsize=*:180&amp;output-quality=80&amp;output-format=webp,https://gadgets.ndtv.com/motorola-50-inch-led-ultra-hd-4k-tv-50sauhdm-price-in-india-91811,46
8187,"MarQ by Flipkart 65 Inches Ultra HD (4K) LED Smart TV (65SAUHD, Grey)",MarQ by Flipkart,65 Inch LED Ultra HD (4K) TV (65SAUHD),Televisions,64999,https://i.gadgets360cdn.com/products/large/marq-by-flipkart-65sauhd-original-imafm59fn624etpf-416x267-1584786926.jpeg?downsize=*:180&amp;output-quality=80&amp;output-format=webp,https://gadgets.ndtv.com/marq-by-flipkart-65-inch-led-ultra-hd-4k-tv-65sauhd-price-in-india-91808,10
8188,"MarQ by Flipkart 65 Inches Ultra HD (4K) LED Smart TV (Dolby 65HSUHD, Black)",MarQ by Flipkart,65 Inch LED Ultra HD (4K) TV (Dolby 65HSUHD),Televisions,64999,https://i.gadgets360cdn.com/products/large/marq-by-flipkart-65hsuhd-original-imafdb583xkaq3av-416x267-1585651080.jpeg?downsize=*:180&amp;output-quality=80&amp;output-format=webp,https://gadgets.ndtv.com/marq-by-flipkart-65-inch-led-ultra-hd-4k-tv-dolby-65hsuhd-price-in-india-91870,18
8189,"Motorola 75 Inches Ultra HD (4K) LED Smart TV (75SAUHDM, Black)",Motorola,75 Inch LED Ultra HD (4K) TV (75SAUHDM),Televisions,119999,https://i.gadgets360cdn.com/products/large/motorola-65sauhdm-original-imafm59fztjjshhm-416x297-1585046699.jpeg?downsize=*:180&amp;output-quality=80&amp;output-format=webp,https://gadgets.ndtv.com/motorola-75-inch-led-ultra-hd-4k-tv-75sauhdm-price-in-india-91825,45
8190,"Nokia 43 Inches Ultra HD (4K) LED Smart Android TV (43CAUHDN, Black)",Nokia,43 Inch Ultra HD TV (4K),Televisions,31999,https://i.gadgets360cdn.com/products/large/nokia-smart-tv-43-db-1200x675-1591247626.jpg?downsize=*:180&amp;output-quality=80&amp;output-format=webp,https://gadgets.ndtv.com/nokia-43-inch-ultra-hd-tv-4k-price-in-india-94096,19
8191,Blaupunkt 55 Inches Ultra HD LED Smart TV (BLA55AU680),Blaupunkt,55 Inch LED Ultra HD TV (BLA55AU680),Televisions,33999,https://i.gadgets360cdn.com/products/televisions/large/1548153766_832_blaupunkt_55-inch-led-ultra-hd-tv-bla55au680.jpg?downsize=*:180&amp;output-quality=80&amp;output-format=webp,https://gadgets.ndtv.com/blaupunkt-55-inch-led-ultra-hd-tv-bla55au680-9972,18
8192,"Sansui 40 Inches Full HD LED Smart TV (Pro View 40VAOFHDS / 40NVAOFHDS, Black)",Sansui,40 Inch LED Full HD TV (Pro View 40VAOFHDS / 40NVAOFHDS),Televisions,16499,https://gadgets.ndtv.com/static/icons/tv-icon.png?downsize=*:180&amp;output-quality=80&amp;output-format=webp,https://gadgets.ndtv.com/sansui-40-inch-led-full-hd-tv-pro-view-40vaofhds-40nvaofhds-price-in-india-91902,7
8193,"Motorola 43 Inches Full HD TV (43SAFHDM, Black)",Motorola,43 Inch Full HD TV,Televisions,24999,https://i.gadgets360cdn.com/products/large/motorola-43-inch-tv-1065x800-1571741963.jpeg?downsize=*:180&amp;output-quality=80&amp;output-format=webp,https://gadgets.ndtv.com/motorola-43-inch-full-hd-tv-price-in-india-91225,43
8194,Blaupunkt 32 Inches HD Ready LED Smart TV (BLA32AS460),Blaupunkt,32 Inch LED HD Ready TV (BLA32AS460),Televisions,14999,https://i.gadgets360cdn.com/products/televisions/large/1548153758_832_blaupunkt_32-inch-led-hd-ready-tv-bla32as460.jpg?downsize=*:180&amp;output-quality=80&amp;output-format=webp,https://gadgets.ndtv.com/blaupunkt-32-inch-led-hd-ready-tv-bla32as460-9966,27
8195,"Intex 32 Inches HD Ready LED Smart TV (AVOIR 32SMART SPLASH PLUS, Black)",Intex,32 Inch LED HD Ready TV (AVOIR 32SMART SPLASH PLUS),Televisions,9999,https://i.gadgets360cdn.com/products/televisions/large/1548153750_832_intex_32-inch-led-hd-ready-tv-avoir-32smart-splash-plus.jpg?downsize=*:180&amp;output-quality=80&amp;output-format=webp,https://gadgets.ndtv.com/intex-32-inch-led-hd-ready-tv-avoir-32smart-splash-plus-9958,43
8196,"Motorola 32 Inches HD TV (32SAFHDM, Black)",Motorola,32 Inch HD TV,Televisions,14499,https://i.gadgets360cdn.com/products/large/motorola-32-inch-tv-1070x800-1571744830.jpeg?downsize=*:180&amp;output-quality=80&amp;output-format=webp,https://gadgets.ndtv.com/motorola-32-inch-hd-tv-price-in-india-91227,25
8197,Blaupunkt 49 Inches Ultra HD LED Smart TV (BLA49AU680),Blaupunkt,49 Inch LED Ultra HD TV (BLA49AU680),Televisions,28999,https://i.gadgets360cdn.com/products/televisions/large/1548153764_832_blaupunkt_49-inch-led-ultra-hd-tv-bla49au680.jpg?downsize=*:180&amp;output-quality=80&amp;output-format=webp,https://gadgets.ndtv.com/blaupunkt-49-inch-led-ultra-hd-tv-bla49au680-9970,50
8198,Blaupunkt 50 Inches Full HD LED Smart TV (BLA50AS570),Blaupunkt,50 Inch LED Full HD TV (BLA50AS570),Televisions,28999,https://i.gadgets360cdn.com/products/televisions/large/1548153765_832_blaupunkt_50-inch-led-full-hd-tv-bla50as570.jpg?downsize=*:180&amp;output-quality=80&amp;output-format=webp,https://gadgets.ndtv.com/blaupunkt-50-inch-led-full-hd-tv-bla50as570-9971,21
8199,Blaupunkt 43 Inches Ultra HD LED Smart TV (BLA43AU680),Blaupunkt,43 Inch LED Ultra HD TV (BLA43AU680),Televisions,27999,https://i.gadgets360cdn.com/products/televisions/large/1548153762_832_blaupunkt_43-inch-led-ultra-hd-tv-bla43au680.jpg?downsize=*:180&amp;output-quality=80&amp;output-format=webp,https://gadgets.ndtv.com/blaupunkt-43-inch-led-ultra-hd-tv-bla43au680-9969,29
8200,"Motorola 65 Inches Ultra HD (4K) LED Smart TV (65SAUHDM, Black)",Motorola,65 Inch LED Ultra HD (4K) TV (65SAUHDM),Televisions,61999,https://i.gadgets360cdn.com/products/large/motorola-65sauhdm-original-imafm59fztjjshhm-416x297-1585045367.jpeg?downsize=*:180&amp;output-quality=80&amp;output-format=webp,https://gadgets.ndtv.com/motorola-65-inch-led-ultra-hd-4k-tv-65sauhdm-price-in-india-91824,30
8201,Blaupunkt 43 Inches Full HD LED Smart TV (BLA43AS570),Blaupunkt,43 Inch LED Full HD TV (BLA43AS570),Televisions,21999,https://i.gadgets360cdn.com/products/televisions/large/1548153761_832_blaupunkt_43-inch-led-full-hd-tv-bla43as570.jpg?downsize=*:180&amp;output-quality=80&amp;output-format=webp,https://gadgets.ndtv.com/blaupunkt-43-inch-led-full-hd-tv-bla43as570-9968,10
8202,"Vu 55 Inches Ultra HD (4K) LED Smart TV (55SU134, Black)",Vu,55 Inch LED Ultra HD (4K) TV (55SU134),Televisions,44999,https://i.gadgets360cdn.com/products/televisions/large/1548153613_832_vu_55-inch-led-ultra-hd-4k-tv-55su134.jpg?downsize=*:180&amp;output-quality=80&amp;output-format=webp,https://gadgets.ndtv.com/vu-55-inch-led-ultra-hd-4k-tv-55su134-9834,31
8203,CloudWalker CloudTV 80cm (32 inch) HD Ready LED Smart TV(CLOUD TV32SH),CloudWalker,32 Inch LED HD Ready TV (CLOUD 32SH),Televisions,13499,https://i.gadgets360cdn.com/products/televisions/large/1548153776_832_cloudwalker_32-inch-led-hd-ready-tv-cloud-32sh.jpg?downsize=*:180&amp;output-quality=80&amp;output-format=webp,https://gadgets.ndtv.com/cloudwalker-32-inch-led-hd-ready-tv-cloud-32sh-9983,8
8204,Iffalcon 75 Inches Ultra HD LED Smart TV (75H2A),iFFalcon,75 Inch LED Ultra HD TV (75H2A),Televisions,149999,https://i.gadgets360cdn.com/products/televisions/large/1548153700_832_iffalcon_75-inch-led-ultra-hd-tv-75h2a.jpg?downsize=*:180&amp;output-quality=80&amp;output-format=webp,https://gadgets.ndtv.com/iffalcon-75-inch-led-ultra-hd-tv-75h2a-9916,7
8205,Iffalcon 49 Inches Full HD LED Smart TV (49F2A),iFFalcon,49 Inch LED Full HD TV (49F2A),Televisions,24999,https://i.gadgets360cdn.com/products/televisions/large/1548153440_832_iffalcon_49-inch-led-full-hd-tv-49f2a.jpg?downsize=*:180&amp;output-quality=80&amp;output-format=webp,https://gadgets.ndtv.com/iffalcon-49-inch-led-full-hd-tv-49f2a-9651,8
8206,Iffalcon 65 Inches Ultra HD LED Smart TV (65K2A),iFFalcon,65 Inch LED Ultra HD TV (65K2A),Televisions,59999,https://i.gadgets360cdn.com/products/televisions/large/1548153662_832_iffalcon_65-inch-led-ultra-hd-tv-65k2a.jpg?downsize=*:180&amp;output-quality=80&amp;output-format=webp,https://gadgets.ndtv.com/iffalcon-65-inch-led-ultra-hd-tv-65k2a-9880,47
8207,Iffalcon 40 Inches Full HD LED Smart TV (40F2A),iFFalcon,40 Inch LED Full HD TV (40F2A),Televisions,22499,https://i.gadgets360cdn.com/products/televisions/large/1548153180_832_iffalcon_40-inch-led-full-hd-tv-40f2a.jpg?downsize=*:180&amp;output-quality=80&amp;output-format=webp,https://gadgets.ndtv.com/iffalcon-40-inch-led-full-hd-tv-40f2a-9374,19
8208,"Nacson 32 Inches HD Ready LED Smart TV (NS32W80, Black)",Nacson,32 Inch LED HD Ready TV (NS32W80),Televisions,13990,https://i.gadgets360cdn.com/products/televisions/large/1548154386_832_nacson_32-inch-led-hd-ready-tv-ns32w80.jpg?downsize=*:180&amp;output-quality=80&amp;output-format=webp,https://gadgets.ndtv.com/nacson-32-inch-led-hd-ready-tv-ns32w80-10747,13
8209,Iffalcon 32 Inches HD Ready LED Smart TV (32F2A),iFFalcon,32 Inch LED HD Ready TV (32F2A),Televisions,12499,https://i.gadgets360cdn.com/products/televisions/large/1548152957_832_iffalcon_32-inch-led-hd-ready-tv-32f2a.jpg?downsize=*:180&amp;output-quality=80&amp;output-format=webp,https://gadgets.ndtv.com/iffalcon-32-inch-led-hd-ready-tv-32f2a-9139,21
8210,"Coocaa 55 Inches Ultra HD (4K) LED Smart TV (55S3G, Black)",Coocaa,55 Inch LED Ultra HD (4K) TV (55S3G),Televisions,31999,https://i.gadgets360cdn.com/products/large/coocaa-55s3g-55s3g-original-imafpvkhddzgyfph-416x261-1584705436.jpeg?downsize=*:180&amp;output-quality=80&amp;output-format=webp,https://gadgets.ndtv.com/coocaa-55-inch-led-ultra-hd-4k-tv-55s3g-price-in-india-91804,21
8211,"Nacson 48 Inches Full HD LED Smart TV (NS5015, Black)",Nacson,50 Inch LED Full HD TV (NS5015),Televisions,26989,https://i.gadgets360cdn.com/products/televisions/large/1548154390_832_nacson_50-inch-led-full-hd-tv-ns5015.jpg?downsize=*:180&amp;output-quality=80&amp;output-format=webp,https://gadgets.ndtv.com/nacson-50-inch-led-full-hd-tv-ns5015-10751,43
8212,"Vu 32 Inches Premium HD Android Smart TV (32US, Black)",Vu,32-inch Premium HD Android Smart TV (32US),Televisions,14799,https://i.gadgets360cdn.com/products/large/vu-premium-tv-32-inch-1226x800-1582279114.jpg?downsize=*:180&amp;output-quality=80&amp;output-format=webp,https://gadgets.ndtv.com/vu-32-inch-premium-hd-android-smart-tv-32us-price-in-india-91636,20
8213,"Nacson 40 Inches Full HD LED Smart TV (N4215, Grey)",Nacson,40 Inch LED Full HD TV (N4215),Televisions,16490,https://i.gadgets360cdn.com/products/televisions/large/1548154378_832_nacson_40-inch-led-full-hd-tv-n4215.jpg?downsize=*:180&amp;output-quality=80&amp;output-format=webp,https://gadgets.ndtv.com/nacson-40-inch-led-full-hd-tv-n4215-10740,36
8214,"iFFalcon 65 Inches Ultra HD (4K) LED Android Smart TV (65K71, Black)",iFFalcon,65 Inch LED Ultra HD (4K) Smart Android TV (65K71),Televisions,53499,https://i.gadgets360cdn.com/products/large/iffalcon-65-inch-led-ultra-hd-4k-smart-android-tv-65k71-1280x800-1596789436.jpg?downsize=*:180&amp;output-quality=80&amp;output-format=webp,https://gadgets.ndtv.com/iffalcon-65-inch-led-ultra-hd-4k-smart-android-tv-65k71-price-in-india-96388,46
8215,Onida 50 Inches Ultra HD LED Smart TV (50UIC),Onida,50 Inch LED Ultra HD (4K) TV (50UIC),Televisions,45999,https://i.gadgets360cdn.com/products/televisions/large/1548155044_832_onida_50-inch-led-ultra-hd-4k-tv-50uic.jpg?downsize=*:180&amp;output-quality=80&amp;output-format=webp,https://gadgets.ndtv.com/onida-50-inch-led-ultra-hd-4k-tv-50uic-11474,16
8216,Onida 43 Inches Ultra HD LED Smart TV (43UIC),Onida,43 Inch LED Ultra HD (4K) TV (43UIC),Televisions,33490,https://i.gadgets360cdn.com/products/televisions/large/1548155020_832_onida_43-inch-led-ultra-hd-4k-tv-43uic.jpg?downsize=*:180&amp;output-quality=80&amp;output-format=webp,https://gadgets.ndtv.com/onida-43-inch-led-ultra-hd-4k-tv-43uic-11453,16
8217,"Vu 43 Inches Premium HD Android Smart TV (43US, Black)",Vu,43-inch Premium HD Android Smart TV (43US),Televisions,24999,https://i.gadgets360cdn.com/products/large/vu-premium-tv-43-inch-1226x800-1582279487.jpg?downsize=*:180&amp;output-quality=80&amp;output-format=webp,https://gadgets.ndtv.com/vu-43-inch-premium-hd-android-smart-tv-43us-price-in-india-91637,14
8218,"iFFalcon 55 Inches Ultra HD (4K) LED Android Smart TV (55K71, Black)",iFFalcon,55 Inch LED Ultra HD (4K) Smart Android TV (55K71),Televisions,47999,https://i.gadgets360cdn.com/products/large/iffalcon-55-inch-led-ultra-hd-4k-smart-android-tv-55k71-1280x800-1596789266.jpg?downsize=*:180&amp;output-quality=80&amp;output-format=webp,https://gadgets.ndtv.com/iffalcon-55-inch-led-ultra-hd-4k-smart-android-tv-55k71-price-in-india-96387,43
8219,"iFFalcon 43 Inches Ultra HD (4K) LED Android Smart TV (43K71, Black)",iFFalcon,43 Inch LED Ultra HD (4K) Smart Android TV (43K71),Televisions,34499,https://i.gadgets360cdn.com/products/large/iffalcon-43-inch-led-ultra-hd-4k-smart-android-tv-43k71-1280x800-1596789030.jpg?downsize=*:180&amp;output-quality=80&amp;output-format=webp,https://gadgets.ndtv.com/iffalcon-43-inch-led-ultra-hd-4k-smart-android-tv-43k71-price-in-india-96386,33
8220,Onida 58 Inches Ultra HD LED Smart TV (58UIC),Onida,58 Inch LED Ultra HD (4K) TV (58UIC),Televisions,49999,https://i.gadgets360cdn.com/products/televisions/large/1548155066_832_onida_58-inch-led-ultra-hd-4k-tv-58uic.jpg?downsize=*:180&amp;output-quality=80&amp;output-format=webp,https://gadgets.ndtv.com/onida-58-inch-led-ultra-hd-4k-tv-58uic-11493,18
8221,"Mi 4 Pro 55 Inches LED Smart TV (L55M5-AN, Black)",Mi,55 Inch LED Ultra HD (4K) TV (L55M5-AN),Televisions,50499,https://i.gadgets360cdn.com/products/televisions/large/1548154133_832_mi_55-inch-led-ultra-hd-4k-tv-l55m5-an.jpg?downsize=*:180&amp;output-quality=80&amp;output-format=webp,https://gadgets.ndtv.com/mi-55-inch-led-ultra-hd-4k-tv-l55m5-an-10407,36
8222,CloudWalker 139cm (55 inch) Ultra HD (4K) LED Smart TV(CLOUD TV 55SU),CloudWalker,55 Inch LED Ultra HD (4K) TV (CLOUD 55SU),Televisions,36999,https://i.gadgets360cdn.com/products/televisions/large/1548153781_832_cloudwalker_55-inch-led-ultra-hd-4k-tv-cloud-55su.jpg?downsize=*:180&amp;output-quality=80&amp;output-format=webp,https://gadgets.ndtv.com/cloudwalker-55-inch-led-ultra-hd-4k-tv-cloud-55su-9988,37
8223,"Sony 55 Inches LED Ultra HD (4K) TV (KD-55X7400H, Black)",Sony,55 Inch LED Ultra HD TV (KD-55X7400H),Televisions,66999,https://i.gadgets360cdn.com/products/large/sony-55-inch-led-ultra-hd-tv-kd-55x7400h-1260x800-1596541936.jpg?downsize=*:180&amp;output-quality=80&amp;output-format=webp,https://gadgets.ndtv.com/sony-55-inch-led-ultra-hd-tv-kd-55x7400h-price-in-india-96364,26
8224,"Thomson 40 Inches Full HD LED Smart TV (B9 Pro 40M4099/40M4099 PRO, Black)",Thomson,40 inch LED Full HD TV (B9 Pro 40M4099/40M4099 PRO),Televisions,15999,https://i.gadgets360cdn.com/products/large/40M4099-PRO-416x267-1587129956.jpeg?downsize=*:180&amp;output-quality=80&amp;output-format=webp,https://gadgets.ndtv.com/thl-devices-40-inch-led-full-hd-tv-b9-pro-40m4099-40m4099-pro-price-in-india-92061,21
8225,"Nokia 55 Inches Ultra HD (4K) TV (55CAUHDN, Black)",Nokia,55 Inch Ultra HD TV (4K),Televisions,43999,https://i.gadgets360cdn.com/products/large/nokia-55-smart-tv-1207x800-1575549544.jpg?downsize=*:180&amp;output-quality=80&amp;output-format=webp,https://gadgets.ndtv.com/nokia-55-inch-ultra-hd-tv-4k-price-in-india-91340,50
8226,"Vu 49 Inches Ultra HD (4K) LED Smart TV (49SU131, Black)",Vu,49 Inch LED Ultra HD (4K) TV (49SU131),Televisions,32499,https://i.gadgets360cdn.com/products/televisions/large/1548153486_832_vu_49-inch-led-ultra-hd-4k-tv-49su131.jpg?downsize=*:180&amp;output-quality=80&amp;output-format=webp,https://gadgets.ndtv.com/vu-49-inch-led-ultra-hd-4k-tv-49su131-9697,13
8227,"Sony 43 Inches Ultra HD (4K) LCD TV (KD-43X8500C, Black)",Sony,43 Inch LCD Ultra HD (4K) TV (KD-43X8500C),Televisions,85948,https://i.gadgets360cdn.com/products/televisions/large/1548155093_832_sony_43-inch-lcd-ultra-hd-4k-tv-kd-43x8500c.jpg?downsize=*:180&amp;output-quality=80&amp;output-format=webp,https://gadgets.ndtv.com/sony-43-inch-lcd-ultra-hd-4k-tv-kd-43x8500c-11520,18
8228,Vibgyornxt 32 Inches HD Ready LED Smart TV (32XXS),VibgyorNXT,32 Inch LED HD Ready TV (32XXS),Televisions,12990,https://i.gadgets360cdn.com/products/televisions/large/1548153134_832_vibgyornxt_32-inch-led-hd-ready-tv-32xxs.jpg?downsize=*:180&amp;output-quality=80&amp;output-format=webp,https://gadgets.ndtv.com/vibgyornxt-32-inch-led-hd-ready-tv-32xxs-9327,24
8229,Vibgyornxt 40 Inches Full HD LED Smart TV (40XXS),VibgyorNXT,40 Inch LED Full HD TV (40XXS),Televisions,20990,https://i.gadgets360cdn.com/products/televisions/large/1548153237_832_vibgyornxt_40-inch-led-full-hd-tv-40xxs.jpg?downsize=*:180&amp;output-quality=80&amp;output-format=webp,https://gadgets.ndtv.com/vibgyornxt-40-inch-led-full-hd-tv-40xxs-9443,5
8230,CloudWalker 127 cm (50 inches) 4K Ready Smart Full HD LED TV 50SFX2 (Black),CloudWalker,50 Inch LED Full HD TV (50SFX2),Televisions,21000,https://gadgets.ndtv.com/static/icons/tv-icon.png?downsize=*:180&amp;output-quality=80&amp;output-format=webp,https://gadgets.ndtv.com/cloudwalker-50-inch-led-full-hd-tv-50sfx2-9767,24
8231,"iFFalcon 55 Inches Ultra HD (4K) QLED Android Smart TV (55H71, Black)",iFFalcon,55 Inch QLED Ultra HD (4K) Smart Android TV (55H71),Televisions,51999,https://i.gadgets360cdn.com/products/large/iffalcon-55-inch-qled-ultra-hd-4k-smart-android-tv-55h71-1270x800-1596788174.jpg?downsize=*:180&amp;output-quality=80&amp;output-format=webp,https://gadgets.ndtv.com/iffalcon-55-inch-qled-ultra-hd-4k-smart-android-tv-55h71-price-in-india-96384,45
8232,CloudWalker Spectra 80cm (32 inch) HD Ready LED TV(32AH22T),CloudWalker,32 Inch LED HD Ready TV (Spectra 32AH22T),Televisions,17989,https://i.gadgets360cdn.com/products/televisions/large/1548154505_832_cloudwalker_32-inch-led-hd-ready-tv-spectra-32ah22t.jpg?downsize=*:180&amp;output-quality=80&amp;output-format=webp,https://gadgets.ndtv.com/cloudwalker-32-inch-led-hd-ready-tv-spectra-32ah22t-10909,48
8233,CloudWalker Spectra 60cm (24 inch) HD Ready LED TV(24AH22T),CloudWalker,24 Inch LED HD Ready TV (Spectra 24AH22T),Televisions,7499,https://i.gadgets360cdn.com/products/televisions/large/1548154504_832_cloudwalker_24-inch-led-hd-ready-tv-spectra-24ah22t.jpg?downsize=*:180&amp;output-quality=80&amp;output-format=webp,https://gadgets.ndtv.com/cloudwalker-24-inch-led-hd-ready-tv-spectra-24ah22t-10908,30
8234,"Kodak 32 Inches HD Ready LED Smart TV (32HDXSMART, Black)",Kodak,32 Inch LED HD Ready TV (32HDXSMART),Televisions,11499,https://i.gadgets360cdn.com/products/televisions/large/1548152974_832_kodak_32-inch-led-hd-ready-tv-32hdxsmart.jpg?downsize=*:180&amp;output-quality=80&amp;output-format=webp,https://gadgets.ndtv.com/kodak-32-inch-led-hd-ready-tv-32hdxsmart-9160,18
8235,"iFFalcon 65 Inches Ultra HD (4K) QLED Android Smart TV (65H71, Black)",iFFalcon,65 Inch QLED Ultra HD (4K) Smart Android TV (65H71),Televisions,69999,https://i.gadgets360cdn.com/products/large/iffalcon-55-inch-qled-ultra-hd-4k-smart-android-tv-55h71-1270x800-1596788323.jpg?downsize=*:180&amp;output-quality=80&amp;output-format=webp,https://gadgets.ndtv.com/iffalcon-65-inch-qled-ultra-hd-4k-smart-android-tv-65h71-price-in-india-96385,13
8236,Vibgyornxt 55 Inches Full HD LED Smart TV (55XXS),VibgyorNXT,55 Inch LED Full HD TV (55XXS),Televisions,35499,https://i.gadgets360cdn.com/products/televisions/large/1548153638_832_vibgyornxt_55-inch-led-full-hd-tv-55xxs.jpg?downsize=*:180&amp;output-quality=80&amp;output-format=webp,https://gadgets.ndtv.com/vibgyornxt-55-inch-led-full-hd-tv-55xxs-9858,24
8237,Vibgyornxt 48 Inches Full HD LED Smart TV (48XXS),VibgyorNXT,48 Inch LED Full HD TV (48XXS),Televisions,27399,https://i.gadgets360cdn.com/products/televisions/large/1548153434_832_vibgyornxt_48-inch-led-full-hd-tv-48xxs.jpg?downsize=*:180&amp;output-quality=80&amp;output-format=webp,https://gadgets.ndtv.com/vibgyornxt-48-inch-led-full-hd-tv-48xxs-9646,29
8238,"Philips 50 Inches Ultra HD (4K) LED Smart TV (50PUT6103S/94, Black)",Philips,50 Inch LED Ultra HD (4K) TV (50PUT6103S/94),Televisions,31999,https://i.gadgets360cdn.com/products/large/philips-50put6103s-94-original-imafhp5dxdhpxh3g-416x270-1584959654.jpeg?downsize=*:180&amp;output-quality=80&amp;output-format=webp,https://gadgets.ndtv.com/philips-50-inch-led-ultra-hd-4k-tv-50put6103s-94-price-in-india-91814,22
8239,"Nacson 40 Inches Full HD LED Smart TV (NS42AM20S, Black)",Nacson,40 Inch LED Full HD TV (NS42AM20S),Televisions,20990,https://i.gadgets360cdn.com/products/televisions/large/1548154388_832_nacson_40-inch-led-full-hd-tv-ns42am20s.jpg?downsize=*:180&amp;output-quality=80&amp;output-format=webp,https://gadgets.ndtv.com/nacson-40-inch-led-full-hd-tv-ns42am20s-10749,15
8240,"Thomson 32 Inches Full HD LED Smart TV (B9 Pro 32M3277 PRO, Black)",Thomson,32 inch LED HD Ready TV (B9 Pro 32M3277 PRO),Televisions,9999,https://i.gadgets360cdn.com/products/large/32M3277-PRO-416x267-1587130293.jpeg?downsize=*:180&amp;output-quality=80&amp;output-format=webp,https://gadgets.ndtv.com/thomson-32-inch-led-hd-ready-tv-b9-pro-32m3277-pro-price-in-india-92062,9
8241,"Samsung 43 Inches Full HD LED TV (43J5100, Black)",Samsung,43 Inch LED Full HD TV (43J5100),Televisions,37200,https://i.gadgets360cdn.com/products/televisions/large/1548153308_832_samsung_43-inch-led-full-hd-tv-43j5100.jpg?downsize=*:180&amp;output-quality=80&amp;output-format=webp,https://gadgets.ndtv.com/samsung-43-inch-led-full-hd-tv-43j5100-9517,37
8242,"Kodak 40 Inches Full HD LED Smart TV (40FHDXSMART, Black)",Kodak,40 Inch LED Full HD TV (40FHDXSMART),Televisions,24999,https://i.gadgets360cdn.com/products/televisions/large/1548153187_832_kodak_40-inch-led-full-hd-tv-40fhdxsmart.jpg?downsize=*:180&amp;output-quality=80&amp;output-format=webp,https://gadgets.ndtv.com/kodak-40-inch-led-full-hd-tv-40fhdxsmart-9380,41
8243,Philips 65 Inches Ultra HD (4K) LED Smart TV (65PUT6703S/94),Philips,65 Inch LED Ultra HD (4K) TV (65PUT6703S/94),Televisions,79999,https://i.gadgets360cdn.com/products/large/philips-50put6103s-94-original-imafhp5dxdhpxh3g-416x270-1584960842.jpeg?downsize=*:180&amp;output-quality=80&amp;output-format=webp,https://gadgets.ndtv.com/philips-65-inch-led-ultra-hd-4k-tv-65put6703s-94-price-in-india-91815,34
8244,"Micromax 32 Inches HD Ready LED TV (L32P8361HD, Black)",Micromax,32 Inch LED HD Ready TV (L32P8361HD),Televisions,19990,https://i.gadgets360cdn.com/products/televisions/large/1548154086_832_micromax_32-inch-led-hd-ready-tv-l32p8361hd.jpg?downsize=*:180&amp;output-quality=80&amp;output-format=webp,https://gadgets.ndtv.com/micromax-32-inch-led-hd-ready-tv-l32p8361hd-10353,16
8245,Micromax 24 Inches HD Ready LED TV (24BA1000HD),Micromax,24 Inch LED HD Ready TV (24BA1000HD),Televisions,7999,https://i.gadgets360cdn.com/products/televisions/large/1548152863_832_micromax_24-inch-led-hd-ready-tv-24ba1000hd.jpg?downsize=*:180&amp;output-quality=80&amp;output-format=webp,https://gadgets.ndtv.com/micromax-24-inch-led-hd-ready-tv-24ba1000hd-9033,44
8246,"Vu 43 Inches Ultra HD (4K) LED Smart TV (43BU113, Black)",Vu,43 Inch LED Ultra HD (4K) TV (43BU113),Televisions,22999,https://i.gadgets360cdn.com/products/televisions/large/1548155011_832_vu_43-inch-led-ultra-hd-4k-tv-43bu113.jpg?downsize=*:180&amp;output-quality=80&amp;output-format=webp,https://gadgets.ndtv.com/vu-43-inch-led-ultra-hd-4k-tv-43bu113-11443,31
8247,"Nacson 32 Inches HD Ready LED TV (NS8016, Black)",Nacson,32 Inch LED HD Ready TV (NS8016),Televisions,11989,https://i.gadgets360cdn.com/products/televisions/large/1548155211_832_nacson_32-inch-led-hd-ready-tv-ns8016.jpg?downsize=*:180&amp;output-quality=80&amp;output-format=webp,https://gadgets.ndtv.com/nacson-32-inch-led-hd-ready-tv-ns8016-11628,8
8248,"Mi 55 Inches Ultra HD (4K) QLED Smart Android TV (L55M6, Grey)",Mi,QLED TV 4K 55-inch (L55M6),Televisions,54999,https://i.gadgets360cdn.com/products/large/mi-tv-q1-db-800x450-1608099282.jpg?downsize=*:180&amp;output-quality=80&amp;output-format=webp,https://gadgets.ndtv.com/mi-qled-tv-4k-55-inch-l55m6-price-in-india-98812,17
8249,"Nacson 24 Inches HD Ready LED TV (NS2616, Black)",Nacson,24 Inch LED HD Ready TV (NS2616),Televisions,8490,https://i.gadgets360cdn.com/products/televisions/large/1548154382_832_nacson_24-inch-led-hd-ready-tv-ns2616.jpg?downsize=*:180&amp;output-quality=80&amp;output-format=webp,https://gadgets.ndtv.com/nacson-24-inch-led-hd-ready-tv-ns2616-10743,44
8250,"Vu 65 Inches Ultra HD (4K) LED Smart TV (Pixelight 65BPX, Black)",Vu,65 Inch LED Ultra HD (4K) TV (Pixelight 65BPX),Televisions,47999,https://i.gadgets360cdn.com/products/large/vu-43px-original-imafh4ggnhhk4guz-416x272-1587535858.jpeg?downsize=*:180&amp;output-quality=80&amp;output-format=webp,https://gadgets.ndtv.com/vu-65-inch-led-ultra-hd-4k-tv-pixelight-65bpx-price-in-india-92075,20
8251,Blaupunkt 55-inches Ultra HD 4K LED Smart TV (BLA55BU680),Blaupunkt,55-inch LED Ultra HD 4K Smart TV (BLA55BU680),Televisions,29199,https://i.gadgets360cdn.com/products/large/blaupunkt-416x273-1584455401.jpeg?downsize=*:180&amp;output-quality=80&amp;output-format=webp,https://gadgets.ndtv.com/blaupunkt-55-inch-led-ultra-hd-4k-smart-tv-bla55bu680-price-in-india-91783,25
8252,"Micromax 32 Inches HD Ready LED TV (32T8361HD, Black)",Micromax,32 Inch LED HD Ready TV (32T8361HD),Televisions,9799,https://i.gadgets360cdn.com/products/televisions/large/1548153118_832_micromax_32-inch-led-hd-ready-tv-32t8361hd.jpg?downsize=*:180&amp;output-quality=80&amp;output-format=webp,https://gadgets.ndtv.com/micromax-32-inch-led-hd-ready-tv-32t8361hd-9313,14
8253,"Sony 49 Inches HD Ready LCD Smart TV (KD-49X8300D, Black)",Sony,49 Inch LED Ultra HD (4K) TV (KD-49X8300D),Televisions,99999,https://i.gadgets360cdn.com/products/televisions/large/1548155100_832_sony_49-inch-led-ultra-hd-4k-tv-kd-49x8300d.jpg?downsize=*:180&amp;output-quality=80&amp;output-format=webp,https://gadgets.ndtv.com/sony-49-inch-led-ultra-hd-4k-tv-kd-49x8300d-11525,21
8254,"Hisense 55 Inches Ultra HD (4K) LED Smart Android TV (55A73F, Black)",Hisense,Tornado 4K 55A73F,Televisions,44999,https://i.gadgets360cdn.com/products/large/Hisense-Tornado-55-DB-809x800-1608630272.jpg?downsize=*:180&amp;output-quality=80&amp;output-format=webp,https://gadgets.ndtv.com/hisense-tornado-4k-55a73f-price-in-india-98880,11
8255,"Vu 32 Inches HD Ready LED Smart TV (32D6475, Black)",Vu,32 Inch LED HD Ready TV (32D6475),Televisions,16000,https://i.gadgets360cdn.com/products/televisions/large/1548152939_832_vu_32-inch-led-hd-ready-tv-32d6475.jpg?downsize=*:180&amp;output-quality=80&amp;output-format=webp,https://gadgets.ndtv.com/vu-32-inch-led-hd-ready-tv-32d6475-9121,39
8256,"Sony 55 Inches Ultra HD (4K) LCD TV (KD-55X8200E, Black)",Sony,55 Inch LED Ultra HD (4K) TV (KD-55X8200E),Televisions,124900,https://i.gadgets360cdn.com/products/televisions/large/1548155108_832_sony_55-inch-led-ultra-hd-4k-tv-kd-55x8200e.jpg?downsize=*:180&amp;output-quality=80&amp;output-format=webp,https://gadgets.ndtv.com/sony-55-inch-led-ultra-hd-4k-tv-kd-55x8200e-11531,13
8257,"Sony 55 Inches Ultra HD (4K) LED Smart Android TV (55X9000H, Black)",Sony,55-inch 4K HDR LED Android TV (55X9000H),Televisions,104990,https://i.gadgets360cdn.com/products/large/sony-55x9000h-db-800x600-1603187373.jpg?downsize=*:180&amp;output-quality=80&amp;output-format=webp,https://gadgets.ndtv.com/sony-55-inch-4k-hdr-led-android-tv-55x9000h-price-in-india-97762,25
8258,CloudWalker Cloud TV 127cm (50 inch) Full HD LED Smart TV(Cloud TV 50SF),CloudWalker,50 Inch LED Full HD TV (50SF),Televisions,42989,https://i.gadgets360cdn.com/products/televisions/large/1548153548_832_cloudwalker_50-inch-led-full-hd-tv-50sf.jpg?downsize=*:180&amp;output-quality=80&amp;output-format=webp,https://gadgets.ndtv.com/cloudwalker-50-inch-led-full-hd-tv-50sf-9766,41
8259,"Kodak 50 Inches Full HD LED Smart TV (50FHDXSMART, Black)",Kodak,48 Inch LED Full HD TV (50FHDXSMART),Televisions,19999,https://i.gadgets360cdn.com/products/televisions/large/1548153521_832_kodak_48-inch-led-full-hd-tv-50fhdxsmart.jpg?downsize=*:180&amp;output-quality=80&amp;output-format=webp,https://gadgets.ndtv.com/kodak-48-inch-led-full-hd-tv-50fhdxsmart-9733,20
8260,"Philips 32 Inches Full HD LED Smart TV (5800 Series 32PHT5813S/94, Black)",Philips,32 Inch LED HD Ready TV (5800 Series 32PHT5813S/94),Televisions,14999,https://i.gadgets360cdn.com/products/large/philips-32pht5813s-94-416x270-1590473952.jpeg?downsize=*:180&amp;output-quality=80&amp;output-format=webp,https://gadgets.ndtv.com/philips-32-inch-led-hd-ready-tv-5800-series-32pht5813s-94-price-in-india-94003,12
8261,"Vu 65 Inches Ultra HD (4K) LED Smart TV (LTDN65XT800XWAU3D, Silver)",Vu,65 Inch LED Ultra HD (4K) TV (LTDN65XT800XWAU3D),Televisions,116000,https://i.gadgets360cdn.com/products/televisions/large/1548154328_832_vu_65-inch-led-ultra-hd-4k-tv-ltdn65xt800xwau3d.jpg?downsize=*:180&amp;output-quality=80&amp;output-format=webp,https://gadgets.ndtv.com/vu-65-inch-led-ultra-hd-4k-tv-ltdn65xt800xwau3d-10668,42
8262,"Micromax 42 Inches Full HD LED TV (42R7227, Metallic Silver)",Micromax,42 Inch LED Full HD TV (42R7227),Televisions,18499,https://i.gadgets360cdn.com/products/televisions/large/1548153277_832_micromax_42-inch-led-full-hd-tv-42r7227.jpg?downsize=*:180&amp;output-quality=80&amp;output-format=webp,https://gadgets.ndtv.com/micromax-42-inch-led-full-hd-tv-42r7227-9485,15
8263,"Vu 43 Inches Full HD LED Smart TV (43D6575, Black)",Vu,43 Inch LED Full HD TV (43D6575),Televisions,24499,https://i.gadgets360cdn.com/products/televisions/large/1548153293_832_vu_43-inch-led-full-hd-tv-43d6575.jpg?downsize=*:180&amp;output-quality=80&amp;output-format=webp,https://gadgets.ndtv.com/vu-43-inch-led-full-hd-tv-43d6575-9502,48
8264,Blaupunkt 43 Inches Full HD LED TV (BLA43AF520),Blaupunkt,43 Inch LED Full HD TV (BLA43AF520),Televisions,15999,https://i.gadgets360cdn.com/products/televisions/large/1548153759_832_blaupunkt_43-inch-led-full-hd-tv-bla43af520.jpg?downsize=*:180&amp;output-quality=80&amp;output-format=webp,https://gadgets.ndtv.com/blaupunkt-43-inch-led-full-hd-tv-bla43af520-9967,40
8265,CloudWalker 109cm (43 inch) Ultra HD (4K) LED Smart TV(CLOUD TV 43SU),CloudWalker,43 Inch LED Ultra HD (4K) TV (CLOUD 43SU),Televisions,24999,https://i.gadgets360cdn.com/products/televisions/large/1548153779_832_cloudwalker_43-inch-led-ultra-hd-4k-tv-cloud-43su.jpg?downsize=*:180&amp;output-quality=80&amp;output-format=webp,https://gadgets.ndtv.com/cloudwalker-43-inch-led-ultra-hd-4k-tv-cloud-43su-9986,26
8266,"Sony 40 Inches Full HD LCD Smart TV (KLV-40W562D, Black)",Sony,40 Inch LED Full HD TV (KLV-40W562D),Televisions,29999,https://i.gadgets360cdn.com/products/televisions/large/1548155174_832_sony_40-inch-led-full-hd-tv-klv-40w562d.jpg?downsize=*:180&amp;output-quality=80&amp;output-format=webp,https://gadgets.ndtv.com/sony-40-inch-led-full-hd-tv-klv-40w562d-11589,22
8267,"iFFalcon 65 Inches Ultra HD (4K) QLED Smart Android TV (65V2A, Black)",iFFalcon,65-inch QLED Ultra HD (4K) Smart Android TV (65V2A),Televisions,89999,https://i.gadgets360cdn.com/products/large/iffalcon-65v2a-65v2a-original-imafm59fpm5wnxbb-416x278-1584528630.jpeg?downsize=*:180&amp;output-quality=80&amp;output-format=webp,https://gadgets.ndtv.com/iffalcon-65-inch-qled-ultra-hd-4k-smart-android-tv-65v2a-price-in-india-91787,45
8268,"Iffalcon 32 Inches HD Ready LED Smart TV (32F2, Black)",iFFalcon,32 Inch LED HD Ready TV (32F2),Televisions,8999,https://i.gadgets360cdn.com/products/televisions/large/1548152955_832_iffalcon_32-inch-led-hd-ready-tv-32f2.jpg?downsize=*:180&amp;output-quality=80&amp;output-format=webp,https://gadgets.ndtv.com/iffalcon-32-inch-led-hd-ready-tv-32f2-9138,20
9692,Zebronics Future Wireless Bluetooth Speaker (Black),Zebronics,Future Wireless Bluetooth Speaker,Headphones & Speakers,5680,https://i.gadgets360cdn.com/products/audio/large/1552567227_832_zebronics_future-wireless-bluetooth-speaker.jpg?downsize=*:180&amp;output-quality=80&amp;output-format=webp,https://gadgets.ndtv.com/zebronics-future-wireless-bluetooth-speaker-12832,46
9693,Zebronics Indie Wireless Bluetooth Speaker (Black),Zebronics,Indie Wireless Bluetooth Speaker,Headphones & Speakers,5299,https://i.gadgets360cdn.com/products/audio/large/1552567236_832_zebronics_indie-wireless-bluetooth-speaker.jpg?downsize=*:180&amp;output-quality=80&amp;output-format=webp,https://gadgets.ndtv.com/zebronics-indie-wireless-bluetooth-speaker-12843,18
9694,Zebronics Hope Wireless Bluetooth Speaker (Black),Zebronics,Hope Wireless Bluetooth Speaker,Headphones & Speakers,3434,https://i.gadgets360cdn.com/products/audio/large/1552567235_832_zebronics_hope-wireless-bluetooth-speaker.jpg?downsize=*:180&amp;output-quality=80&amp;output-format=webp,https://gadgets.ndtv.com/zebronics-hope-wireless-bluetooth-speaker-12841,50
9695,Zebronics Tonic Wireless Bluetooth Speaker (Black),Zebronics,Tonic Wireless Bluetooth Speaker,Headphones & Speakers,5999,https://i.gadgets360cdn.com/products/audio/large/1552567305_832_zebronics_tonic-wireless-bluetooth-speaker.jpg?downsize=*:180&amp;output-quality=80&amp;output-format=webp,https://gadgets.ndtv.com/zebronics-tonic-wireless-bluetooth-speaker-12945,16
9696,Zebronics Station 2 Wireless Portable Bluetooth Speaker (Black),Zebronics,Station 2 Wireless Bluetooth Speaker,Headphones & Speakers,4899,https://i.gadgets360cdn.com/products/audio/large/1552567279_832_zebronics_station-2-wireless-bluetooth-speaker.jpg?downsize=*:180&amp;output-quality=80&amp;output-format=webp,https://gadgets.ndtv.com/zebronics-station-2-wireless-bluetooth-speaker-12906,23
9697,Zebronics SW3494 Wired Speaker (Black),Zebronics,SW3494 Wired Speaker,Headphones & Speakers,2220,https://i.gadgets360cdn.com/products/audio/large/1552567291_832_zebronics_sw3494-wired-speaker.jpg?downsize=*:180&amp;output-quality=80&amp;output-format=webp,https://gadgets.ndtv.com/zebronics-sw3494-wired-speaker-12924,12
9698,Zebronics SPK-BT3490 Wireless Bluetooth Speaker (Black),Zebronics,SPK-BT3490 Wireless Bluetooth Speaker,Headphones & Speakers,2999,https://i.gadgets360cdn.com/products/audio/large/1552567274_832_zebronics_spk-bt3490-wireless-bluetooth-speaker.jpg?downsize=*:180&amp;output-quality=80&amp;output-format=webp,https://gadgets.ndtv.com/zebronics-spk-bt3490-wireless-bluetooth-speaker-12899,28
9699,Zebronics Punch Wireless Portable Bluetooth Speaker (Black),Zebronics,Punch Wireless Bluetooth Speaker,Headphones & Speakers,999,https://i.gadgets360cdn.com/products/audio/large/1552567257_832_zebronics_punch-wireless-bluetooth-speaker.jpg?downsize=*:180&amp;output-quality=80&amp;output-format=webp,https://gadgets.ndtv.com/zebronics-punch-wireless-bluetooth-speaker-12873,29
9700,Zebronics Taal Wireless Bluetooth Speaker (Black),Zebronics,Taal Wireless Bluetooth Speaker,Headphones & Speakers,8390,https://i.gadgets360cdn.com/products/audio/large/1552567304_832_zebronics_taal-wireless-bluetooth-speaker.jpg?downsize=*:180&amp;output-quality=80&amp;output-format=webp,https://gadgets.ndtv.com/zebronics-taal-wireless-bluetooth-speaker-12944,39
9701,Zebronics Dhol Wireless Bluetooth Speaker (Black),Zebronics,Dhol Wireless Bluetooth Speaker,Headphones & Speakers,8990,https://i.gadgets360cdn.com/products/audio/large/1552567219_832_zebronics_dhol-wireless-bluetooth-speaker.jpg?downsize=*:180&amp;output-quality=80&amp;output-format=webp,https://gadgets.ndtv.com/zebronics-dhol-wireless-bluetooth-speaker-12822,29
9702,Zebronics SW9451 Wired Speaker (Black),Zebronics,SW9451 Wired Speaker,Headphones & Speakers,10500,https://i.gadgets360cdn.com/products/audio/large/1552567300_832_zebronics_sw9451-wired-speaker.jpg?downsize=*:180&amp;output-quality=80&amp;output-format=webp,https://gadgets.ndtv.com/zebronics-sw9451-wired-speaker-12938,26
9703,Zebronics Salsa Wireless Bluetooth Speaker (Black),Zebronics,Salsa Wireless Bluetooth Speaker,Headphones & Speakers,4999,https://i.gadgets360cdn.com/products/audio/large/1552567268_832_zebronics_salsa-wireless-bluetooth-speaker.jpg?downsize=*:180&amp;output-quality=80&amp;output-format=webp,https://gadgets.ndtv.com/zebronics-salsa-wireless-bluetooth-speaker-12889,32
9704,Zebronics Fame Wireless Bluetooth Speaker (Black),Zebronics,Fame Wireless Bluetooth Speaker,Headphones & Speakers,519,https://i.gadgets360cdn.com/products/audio/large/1552567224_832_zebronics_fame-wireless-bluetooth-speaker.jpg?downsize=*:180&amp;output-quality=80&amp;output-format=webp,https://gadgets.ndtv.com/zebronics-fame-wireless-bluetooth-speaker-12829,9
9705,Zebronics Feel Wireless Bluetooth Speaker (Black),Zebronics,Feel Wireless Bluetooth Speaker,Headphones & Speakers,2649,https://i.gadgets360cdn.com/products/audio/large/1552567226_832_zebronics_feel-wireless-bluetooth-speaker.jpg?downsize=*:180&amp;output-quality=80&amp;output-format=webp,https://gadgets.ndtv.com/zebronics-feel-wireless-bluetooth-speaker-12831,26
9706,Zebronics Zen 4 Wired Speaker (Black),Zebronics,Zen 4 Wired Speaker,Headphones & Speakers,3199,https://i.gadgets360cdn.com/products/audio/large/1552567312_832_zebronics_zen-4-wired-speaker.jpg?downsize=*:180&amp;output-quality=80&amp;output-format=webp,https://gadgets.ndtv.com/zebronics-zen-4-wired-speaker-12954,28
9707,Philips SPA-8000B/94 Wireless Bluetooth Speaker (Black),Philips,SPA-8000B/94 Wireless Bluetooth Speaker,Headphones & Speakers,8499,https://i.gadgets360cdn.com/products/audio/large/1552567070_832_philips_spa-8000b-94-wireless-bluetooth-speaker.jpg?downsize=*:180&amp;output-quality=80&amp;output-format=webp,https://gadgets.ndtv.com/philips-spa-8000b-94-wireless-bluetooth-speaker-12617,45
9708,Philips SPA-8150B/94 Wireless Bluetooth Speaker (Black),Philips,SPA-8150B/94 Wireless Bluetooth Speaker,Headphones & Speakers,6270,https://i.gadgets360cdn.com/products/audio/large/1552567072_832_philips_spa-8150b-94-wireless-bluetooth-speaker.jpg?downsize=*:180&amp;output-quality=80&amp;output-format=webp,https://gadgets.ndtv.com/philips-spa-8150b-94-wireless-bluetooth-speaker-12619,14
9709,Sony SSHA3/S Wireless Portable Bluetooth Speaker (Silver),Sony,SSHA3/S Wireless Bluetooth Speaker,Headphones & Speakers,48399,https://i.gadgets360cdn.com/products/audio/large/1552567183_832_sony_ssha3-s-wireless-bluetooth-speaker.jpg?downsize=*:180&amp;output-quality=80&amp;output-format=webp,https://gadgets.ndtv.com/sony-ssha3-s-wireless-bluetooth-speaker-12774,48
9710,Philips MMS-2030F Wired Speaker (Black),Philips,MMS-2030F Wired Speaker,Headphones & Speakers,1999,https://i.gadgets360cdn.com/products/audio/large/1552567022_832_philips_mms-2030f-wired-speaker.jpg?downsize=*:180&amp;output-quality=80&amp;output-format=webp,https://gadgets.ndtv.com/philips-mms-2030f-wired-speaker-12548,12
9711,Zebronics SWT6600 Wired Speaker (Black),Zebronics,SWT6600 Wired Speaker,Headphones & Speakers,3499,https://i.gadgets360cdn.com/products/audio/large/1552567301_832_zebronics_swt6600-wired-speaker.jpg?downsize=*:180&amp;output-quality=80&amp;output-format=webp,https://gadgets.ndtv.com/zebronics-swt6600-wired-speaker-12939,7
9712,Zebronics Opera Wireless Bluetooth Speaker (Black),Zebronics,Opera Wireless Bluetooth Speaker,Headphones & Speakers,3500,https://i.gadgets360cdn.com/products/audio/large/1552567252_832_zebronics_opera-wireless-bluetooth-speaker.jpg?downsize=*:180&amp;output-quality=80&amp;output-format=webp,https://gadgets.ndtv.com/zebronics-opera-wireless-bluetooth-speaker-12865,9
9713,Zebronics BT2494 Wireless Bluetooth Speaker (Black),Zebronics,BT2494 Wireless Bluetooth Speaker,Headphones & Speakers,2342,https://i.gadgets360cdn.com/products/audio/large/1552567196_832_zebronics_bt2494-wireless-bluetooth-speaker.jpg?downsize=*:180&amp;output-quality=80&amp;output-format=webp,https://gadgets.ndtv.com/zebronics-bt2494-wireless-bluetooth-speaker-12792,8
9714,Zebronics SW276 Wireless Bluetooth Speaker (Black),Zebronics,SW276 Wireless Bluetooth Speaker,Headphones & Speakers,1899,https://i.gadgets360cdn.com/products/audio/large/1552567288_832_zebronics_sw276-wireless-bluetooth-speaker.jpg?downsize=*:180&amp;output-quality=80&amp;output-format=webp,https://gadgets.ndtv.com/zebronics-sw276-wireless-bluetooth-speaker-12920,30
9715,Zebronics SW2494 Wired Speaker (Black),Zebronics,SW2494 Wired Speaker,Headphones & Speakers,1683,https://i.gadgets360cdn.com/products/audio/large/1552567286_832_zebronics_sw2494-wired-speaker.jpg?downsize=*:180&amp;output-quality=80&amp;output-format=webp,https://gadgets.ndtv.com/zebronics-sw2494-wired-speaker-12916,20
9716,Zebronics Noble Wireless Portable Bluetooth Speaker (Silver),Zebronics,Noble Wireless Bluetooth Speaker,Headphones & Speakers,775,https://i.gadgets360cdn.com/products/audio/large/1552567250_832_zebronics_noble-wireless-bluetooth-speaker.jpg?downsize=*:180&amp;output-quality=80&amp;output-format=webp,https://gadgets.ndtv.com/zebronics-noble-wireless-bluetooth-speaker-12862,19
9717,Zebronics Noble Wireless Portable Bluetooth Speaker (Black),Zebronics,Noble Wireless Bluetooth Speaker,Headphones & Speakers,599,https://i.gadgets360cdn.com/products/audio/large/1552567250_832_zebronics_noble-wireless-bluetooth-speaker.jpg?downsize=*:180&amp;output-quality=80&amp;output-format=webp,https://gadgets.ndtv.com/zebronics-noble-wireless-bluetooth-speaker-12862,34
9718,Zebronics SPK-BT4700 Wired Speaker (Black),Zebronics,SPK-BT4700 Wired Speaker,Headphones & Speakers,4900,https://i.gadgets360cdn.com/products/audio/large/1552567275_832_zebronics_spk-bt4700-wired-speaker.jpg?downsize=*:180&amp;output-quality=80&amp;output-format=webp,https://gadgets.ndtv.com/zebronics-spk-bt4700-wired-speaker-12900,9
9719,"boAt Stone 600 Wireless Portable Bluetooth Speaker (Black, Stereo Channel)",boAt,Stone 600 Wireless Bluetooth Speaker,Headphones & Speakers,2750,https://i.gadgets360cdn.com/products/audio/large/1552566852_832_boat_stone-600-wireless-bluetooth-speaker.jpg?downsize=*:180&amp;output-quality=80&amp;output-format=webp,https://gadgets.ndtv.com/boat-stone-600-wireless-bluetooth-speaker-12319,15
9720,Philips SPA-1330/37 Wired Portable Speaker (Black),Philips,SPA-1330/37 Wired Speaker,Headphones & Speakers,8011,https://i.gadgets360cdn.com/products/audio/large/1552567047_832_philips_spa-1330-37-wired-speaker.jpg?downsize=*:180&amp;output-quality=80&amp;output-format=webp,https://gadgets.ndtv.com/philips-spa-1330-37-wired-speaker-12585,19
9721,Philips HTL-2163B Wireless Bluetooth Speaker (Black),Philips,HTL-2163B Wireless Bluetooth Speaker,Headphones & Speakers,14950,https://i.gadgets360cdn.com/products/audio/large/1552567003_832_philips_htl-2163b-wireless-bluetooth-speaker.jpg?downsize=*:180&amp;output-quality=80&amp;output-format=webp,https://gadgets.ndtv.com/philips-htl-2163b-wireless-bluetooth-speaker-12521,44
9722,Philips SHB1603 Wireless Bluetooth Headset (Black),Philips,SHB1603 Wireless Headset,Headphones & Speakers,1299,https://i.gadgets360cdn.com/products/headphones-and-headsets/large/philips-shb1603-wireless-headset-832X558-1598367627.jpg?downsize=*:180&amp;output-quality=80&amp;output-format=webp,https://gadgets.ndtv.com/philips-shb1603-wireless-headset-price-in-india-84685,22
9723,Philips BT6000A Wireless Portable Bluetooth Speaker (Blue),Philips,BT6000A Wireless Bluetooth Speaker,Headphones & Speakers,5100,https://i.gadgets360cdn.com/products/audio/large/1552566973_832_philips_bt6000a-wireless-bluetooth-speaker.jpg?downsize=*:180&amp;output-quality=80&amp;output-format=webp,https://gadgets.ndtv.com/philips-bt6000a-wireless-bluetooth-speaker-12479,39
9724,Zebronics Hard Rock Wireless Bluetooth Speaker (Black),Zebronics,Hard Rock Wireless Bluetooth Speaker,Headphones & Speakers,27272,https://i.gadgets360cdn.com/products/audio/large/1552567232_832_zebronics_hard-rock-wireless-bluetooth-speaker.jpg?downsize=*:180&amp;output-quality=80&amp;output-format=webp,https://gadgets.ndtv.com/zebronics-hard-rock-wireless-bluetooth-speaker-12838,8
9725,Zebronics Jive Wireless Portable Bluetooth Speaker (Black),Zebronics,Jive Wireless Bluetooth Speaker,Headphones & Speakers,4499,https://i.gadgets360cdn.com/products/audio/large/1552567241_832_zebronics_jive-wireless-bluetooth-speaker.jpg?downsize=*:180&amp;output-quality=80&amp;output-format=webp,https://gadgets.ndtv.com/zebronics-jive-wireless-bluetooth-speaker-12848,36
9726,Sony SRS-D21 Wireless Portable Bluetooth Speaker (Black),Sony,SRS-D21 Wireless Bluetooth Speaker,Headphones & Speakers,17629,https://i.gadgets360cdn.com/products/audio/large/1552567166_832_sony_srs-d21-wireless-bluetooth-speaker.jpg?downsize=*:180&amp;output-quality=80&amp;output-format=webp,https://gadgets.ndtv.com/sony-srs-d21-wireless-bluetooth-speaker-12749,24
9727,Sony SRS BT-100 Wireless Bluetooth Speaker (Black),Sony,SRS BT-100 Wireless Bluetooth Speaker,Headphones & Speakers,43429,https://i.gadgets360cdn.com/products/audio/large/1552567147_832_sony_srs-bt-100-wireless-bluetooth-speaker.jpg?downsize=*:180&amp;output-quality=80&amp;output-format=webp,https://gadgets.ndtv.com/sony-srs-bt-100-wireless-bluetooth-speaker-12725,38
9728,Philips HTL-5160B/12 Wireless Bluetooth Speaker (Black),Philips,HTL-5160B/12 Wireless Bluetooth Speaker,Headphones & Speakers,24999,https://i.gadgets360cdn.com/products/audio/large/1552567004_832_philips_htl-5160b-12-wireless-bluetooth-speaker.jpg?downsize=*:180&amp;output-quality=80&amp;output-format=webp,https://gadgets.ndtv.com/philips-htl-5160b-12-wireless-bluetooth-speaker-12523,5
9729,Philips MMS-2141B/94 Wireless Bluetooth Speaker (Black),Philips,MMS-2141B/94 Wireless Bluetooth Speaker,Headphones & Speakers,5990,https://i.gadgets360cdn.com/products/audio/large/1552567024_832_philips_mms-2141b-94-wireless-bluetooth-speaker.jpg?downsize=*:180&amp;output-quality=80&amp;output-format=webp,https://gadgets.ndtv.com/philips-mms-2141b-94-wireless-bluetooth-speaker-12550,24
9730,Zebronics SW2717 Wired Speaker (Black),Zebronics,SW2717 Wired Speaker,Headphones & Speakers,2299,https://i.gadgets360cdn.com/products/audio/large/1552567288_832_zebronics_sw2717-wired-speaker.jpg?downsize=*:180&amp;output-quality=80&amp;output-format=webp,https://gadgets.ndtv.com/zebronics-sw2717-wired-speaker-12919,16
9731,"Portronics Pure Sound Pro II POR-118 Wireless Portable Bluetooth Speaker (Black, Stereo Channel)",Portronics,Pure Sound Pro II POR-118 Wireless Bluetooth Speaker,Headphones & Speakers,2749,https://i.gadgets360cdn.com/products/audio/large/1552567096_832_portronics_pure-sound-pro-ii-por-118-wireless-bluetooth-speaker.jpg?downsize=*:180&amp;output-quality=80&amp;output-format=webp,https://gadgets.ndtv.com/portronics-pure-sound-pro-ii-por-118-wireless-bluetooth-speaker-12653,7
9732,Bose Color II 752195-0400 Wireless Bluetooth Speaker (Red),Bose,Color II 752195-0400 Wireless Bluetooth Speaker,Headphones & Speakers,9200,https://i.gadgets360cdn.com/products/audio/large/1552566858_832_bose_color-ii-752195-0400-wireless-bluetooth-speaker.jpg?downsize=*:180&amp;output-quality=80&amp;output-format=webp,https://gadgets.ndtv.com/bose-color-ii-752195-0400-wireless-bluetooth-speaker-12326,13
9733,Sony SRS-D5 Wired Speaker (Black),Sony,SRS-D5 Wired Speaker,Headphones & Speakers,78099,https://i.gadgets360cdn.com/products/audio/large/1552567167_832_sony_srs-d5-wired-speaker.jpg?downsize=*:180&amp;output-quality=80&amp;output-format=webp,https://gadgets.ndtv.com/sony-srs-d5-wired-speaker-12751,31
9734,Philips HTL-1031/94 Wireless Bluetooth Speaker (Black),Philips,HTL-1031/94 Wireless Bluetooth Speaker,Headphones & Speakers,9999,https://i.gadgets360cdn.com/products/audio/large/1552567000_832_philips_htl-1031-94-wireless-bluetooth-speaker.jpg?downsize=*:180&amp;output-quality=80&amp;output-format=webp,https://gadgets.ndtv.com/philips-htl-1031-94-wireless-bluetooth-speaker-12517,48
9735,"Portronics Sound Drum POR-871 Wireless Bluetooth Speaker (Black, Stereo Channel)",Portronics,Sound Drum POR-871 Wireless Bluetooth Speaker,Headphones & Speakers,1749,https://i.gadgets360cdn.com/products/audio/large/1552567105_832_portronics_sound-drum-por-871-wireless-bluetooth-speaker.jpg?downsize=*:180&amp;output-quality=80&amp;output-format=webp,https://gadgets.ndtv.com/portronics-sound-drum-por-871-wireless-bluetooth-speaker-12664,44
9736,"Portronics Sound Bun POR-754 Wireless Bluetooth Speaker (Black, Stereo Channel)",Portronics,Sound Bun POR-754 Wireless Bluetooth Speaker,Headphones & Speakers,1854,https://i.gadgets360cdn.com/products/audio/large/1552567101_832_portronics_sound-bun-por-754-wireless-bluetooth-speaker.jpg?downsize=*:180&amp;output-quality=80&amp;output-format=webp,https://gadgets.ndtv.com/portronics-sound-bun-por-754-wireless-bluetooth-speaker-12659,41
9737,Portronics Sound Bun POR-755 Wireless Bluetooth Speaker (Grey),Portronics,Sound Bun POR-755 Wireless Bluetooth Speaker,Headphones & Speakers,1848,https://i.gadgets360cdn.com/products/audio/large/1552567102_832_portronics_sound-bun-por-755-wireless-bluetooth-speaker.jpg?downsize=*:180&amp;output-quality=80&amp;output-format=webp,https://gadgets.ndtv.com/portronics-sound-bun-por-755-wireless-bluetooth-speaker-12660,40
9738,Sony SA-D10 Wired Speaker (Black),Sony,SA-D10 Wired Speaker,Headphones & Speakers,6590,https://i.gadgets360cdn.com/products/audio/large/1552567142_832_sony_sa-d10-wired-speaker.jpg?downsize=*:180&amp;output-quality=80&amp;output-format=webp,https://gadgets.ndtv.com/sony-sa-d10-wired-speaker-12717,14
9739,"Portronics Sound Bun POR-864 Wireless Bluetooth Speaker (Red, Stereo Channel)",Portronics,Sound Bun POR-864 Wireless Bluetooth Speaker,Headphones & Speakers,1674,https://i.gadgets360cdn.com/products/audio/large/1552567103_832_portronics_sound-bun-por-864-wireless-bluetooth-speaker.jpg?downsize=*:180&amp;output-quality=80&amp;output-format=webp,https://gadgets.ndtv.com/portronics-sound-bun-por-864-wireless-bluetooth-speaker-12661,32
9740,"Portronics Sound Slick II POR-936 Wireless Bluetooth Speaker (Black, Stereo Channel)",Portronics,Sound Slick II POR-936 Wireless Bluetooth Speaker,Headphones & Speakers,2999,https://i.gadgets360cdn.com/products/audio/large/1552567109_832_portronics_sound-slick-ii-por-936-wireless-bluetooth-speaker.jpg?downsize=*:180&amp;output-quality=80&amp;output-format=webp,https://gadgets.ndtv.com/portronics-sound-slick-ii-por-936-wireless-bluetooth-speaker-12670,43
9741,"Portronics Dome POR-684 Wireless Portable Bluetooth Speaker (Grey, 2.1 Channel)",Portronics,Dome POR-684 Wireless Bluetooth Speaker,Headphones & Speakers,2499,https://i.gadgets360cdn.com/products/audio/large/1552567084_832_portronics_dome-por-684-wireless-bluetooth-speaker.jpg?downsize=*:180&amp;output-quality=80&amp;output-format=webp,https://gadgets.ndtv.com/portronics-dome-por-684-wireless-bluetooth-speaker-12637,7
9742,Zebronics Oliver Wireless Portable Bluetooth Speaker (Black),Zebronics,Oliver Wireless Bluetooth Speaker,Headphones & Speakers,1343,https://i.gadgets360cdn.com/products/audio/large/1552567251_832_zebronics_oliver-wireless-bluetooth-speaker.jpg?downsize=*:180&amp;output-quality=80&amp;output-format=webp,https://gadgets.ndtv.com/zebronics-oliver-wireless-bluetooth-speaker-12864,10
9743,Philips SPA-5161F Wired Speaker (Black),Philips,SPA-5161F Wired Speaker,Headphones & Speakers,4450,https://i.gadgets360cdn.com/products/audio/large/1552567059_832_philips_spa-5161f-wired-speaker.jpg?downsize=*:180&amp;output-quality=80&amp;output-format=webp,https://gadgets.ndtv.com/philips-spa-5161f-wired-speaker-12603,35
9744,"Philips BT3500B/37 Wireless Portable Bluetooth Speaker (Black, Stereo Channel)",Philips,BT3500B/37 Wireless Bluetooth Speaker,Headphones & Speakers,17130,https://i.gadgets360cdn.com/products/audio/large/1552566961_832_philips_bt3500b-37-wireless-bluetooth-speaker.jpg?downsize=*:180&amp;output-quality=80&amp;output-format=webp,https://gadgets.ndtv.com/philips-bt3500b-37-wireless-bluetooth-speaker-12464,39
9745,Zebronics Claw Wireless Bluetooth Speaker (Black),Zebronics,Claw Wireless Bluetooth Speaker,Headphones & Speakers,3500,https://i.gadgets360cdn.com/products/audio/large/1552567213_832_zebronics_claw-wireless-bluetooth-speaker.jpg?downsize=*:180&amp;output-quality=80&amp;output-format=webp,https://gadgets.ndtv.com/zebronics-claw-wireless-bluetooth-speaker-12813,41
9746,"Portronics Dome POR-684 Wireless Portable Bluetooth Speaker (Brown, 2.1 Channel)",Portronics,Dome POR-684 Wireless Bluetooth Speaker,Headphones & Speakers,2499,https://i.gadgets360cdn.com/products/audio/large/1552567084_832_portronics_dome-por-684-wireless-bluetooth-speaker.jpg?downsize=*:180&amp;output-quality=80&amp;output-format=webp,https://gadgets.ndtv.com/portronics-dome-por-684-wireless-bluetooth-speaker-12637,15
9747,"Portronics Vibe POR-938 Wireless Bluetooth Speaker (Blue, Stereo Channel)",Portronics,Vibe POR-938 Wireless Bluetooth Speaker,Headphones & Speakers,1400,https://i.gadgets360cdn.com/products/audio/large/1552567115_832_portronics_vibe-por-938-wireless-bluetooth-speaker.jpg?downsize=*:180&amp;output-quality=80&amp;output-format=webp,https://gadgets.ndtv.com/portronics-vibe-por-938-wireless-bluetooth-speaker-12680,34
9748,"Sony HT-CT290 Wireless Bluetooth Speaker (Black, 2.1 Channel)",Sony,HT-CT290 Wireless Bluetooth Speaker,Headphones & Speakers,18980,https://i.gadgets360cdn.com/products/audio/large/1552567121_832_sony_ht-ct290-wireless-bluetooth-speaker.jpg?downsize=*:180&amp;output-quality=80&amp;output-format=webp,https://gadgets.ndtv.com/sony-ht-ct290-wireless-bluetooth-speaker-12690,9
9749,Philips MMS-8085B/94 Wireless Bluetooth Speaker (Black),Philips,MMS-8085B/94 Wireless Bluetooth Speaker,Headphones & Speakers,6499,https://i.gadgets360cdn.com/products/audio/large/1552567032_832_philips_mms-8085b-94-wireless-bluetooth-speaker.jpg?downsize=*:180&amp;output-quality=80&amp;output-format=webp,https://gadgets.ndtv.com/philips-mms-8085b-94-wireless-bluetooth-speaker-12563,49
9750,"Philips BT3500B/00 Wireless Portable Bluetooth Speaker (Black, Stereo Channel)",Philips,BT3500B/00 Wireless Bluetooth Speaker,Headphones & Speakers,3999,https://i.gadgets360cdn.com/products/audio/large/1552566960_832_philips_bt3500b-00-wireless-bluetooth-speaker.jpg?downsize=*:180&amp;output-quality=80&amp;output-format=webp,https://gadgets.ndtv.com/philips-bt3500b-00-wireless-bluetooth-speaker-12463,36
9751,JBL Voyager Wireless Portable Bluetooth Speaker (Black),JBL,Voyager Wireless Bluetooth Speaker,Headphones & Speakers,12999,https://i.gadgets360cdn.com/products/audio/large/1552566936_832_jbl_voyager-wireless-bluetooth-speaker.jpg?downsize=*:180&amp;output-quality=80&amp;output-format=webp,https://gadgets.ndtv.com/jbl-voyager-wireless-bluetooth-speaker-12430,16
9752,Philips IN-HTL1030/94 Wired Speaker (Black),Philips,IN-HTL1030/94 Wired Speaker,Headphones & Speakers,8500,https://i.gadgets360cdn.com/products/audio/large/1552567012_832_philips_in-htl1030-94-wired-speaker.jpg?downsize=*:180&amp;output-quality=80&amp;output-format=webp,https://gadgets.ndtv.com/philips-in-htl1030-94-wired-speaker-12533,16
9753,Philips MMS-4545B Wireless Bluetooth Speaker (Black),Philips,MMS-4545B Wireless Bluetooth Speaker,Headphones & Speakers,5590,https://i.gadgets360cdn.com/products/audio/large/1552567030_832_philips_mms-4545b-wireless-bluetooth-speaker.jpg?downsize=*:180&amp;output-quality=80&amp;output-format=webp,https://gadgets.ndtv.com/philips-mms-4545b-wireless-bluetooth-speaker-12560,5
9754,"Portronics Vibe POR-937 Wireless Bluetooth Speaker (Grey, Mono Channel)",Portronics,Vibe POR-937 Wireless Bluetooth Speaker,Headphones & Speakers,1699,https://i.gadgets360cdn.com/products/audio/large/1552567115_832_portronics_vibe-por-937-wireless-bluetooth-speaker.jpg?downsize=*:180&amp;output-quality=80&amp;output-format=webp,https://gadgets.ndtv.com/portronics-vibe-por-937-wireless-bluetooth-speaker-12679,12
9755,Zebronics Globe Wireless Portable Bluetooth Speaker (Blue),Zebronics,Globe Wireless Bluetooth Speaker,Headphones & Speakers,714,https://i.gadgets360cdn.com/products/audio/large/1552567228_832_zebronics_globe-wireless-bluetooth-speaker.jpg?downsize=*:180&amp;output-quality=80&amp;output-format=webp,https://gadgets.ndtv.com/zebronics-globe-wireless-bluetooth-speaker-12833,21
9756,Zebronics Globe Wireless Portable Bluetooth Speaker (Pink),Zebronics,Globe Wireless Bluetooth Speaker,Headphones & Speakers,699,https://i.gadgets360cdn.com/products/audio/large/1552567228_832_zebronics_globe-wireless-bluetooth-speaker.jpg?downsize=*:180&amp;output-quality=80&amp;output-format=webp,https://gadgets.ndtv.com/zebronics-globe-wireless-bluetooth-speaker-12833,33
9757,Zebronics Globe Wireless Portable Bluetooth Speaker (Black),Zebronics,Globe Wireless Bluetooth Speaker,Headphones & Speakers,690,https://i.gadgets360cdn.com/products/audio/large/1552567228_832_zebronics_globe-wireless-bluetooth-speaker.jpg?downsize=*:180&amp;output-quality=80&amp;output-format=webp,https://gadgets.ndtv.com/zebronics-globe-wireless-bluetooth-speaker-12833,14
9758,Zebronics Delight Wireless Portable Bluetooth Speaker (Black),Zebronics,Delight Wireless Bluetooth Speaker,Headphones & Speakers,845,https://i.gadgets360cdn.com/products/audio/large/1552567218_832_zebronics_delight-wireless-bluetooth-speaker.jpg?downsize=*:180&amp;output-quality=80&amp;output-format=webp,https://gadgets.ndtv.com/zebronics-delight-wireless-bluetooth-speaker-12821,12
9759,Philips SPA-4040B/94 Wired Speaker (Black),Philips,SPA-4040B/94 Wired Speaker,Headphones & Speakers,4990,https://i.gadgets360cdn.com/products/audio/large/1552567055_832_philips_spa-4040b-94-wired-speaker.jpg?downsize=*:180&amp;output-quality=80&amp;output-format=webp,https://gadgets.ndtv.com/philips-spa-4040b-94-wired-speaker-12597,34
9760,Sony SRS XB-20 Wireless Portable Bluetooth Speaker (Blue),Sony,SRS XB-20 Wireless Bluetooth Speaker,Headphones & Speakers,8490,https://i.gadgets360cdn.com/products/audio/large/1552567156_832_sony_srs-xb-20-wireless-bluetooth-speaker.jpg?downsize=*:180&amp;output-quality=80&amp;output-format=webp,https://gadgets.ndtv.com/sony-srs-xb-20-wireless-bluetooth-speaker-12735,9
9761,Sony SRS XB-20 Wireless Portable Bluetooth Speaker (Grey),Sony,SRS XB-20 Wireless Bluetooth Speaker,Headphones & Speakers,15999,https://i.gadgets360cdn.com/products/audio/large/1552567156_832_sony_srs-xb-20-wireless-bluetooth-speaker.jpg?downsize=*:180&amp;output-quality=80&amp;output-format=webp,https://gadgets.ndtv.com/sony-srs-xb-20-wireless-bluetooth-speaker-12735,46
9762,"Portronics Sound Cake POR-781 Wireless Bluetooth Speaker (Black, Stereo Channel)",Portronics,Sound Cake POR-781 Wireless Bluetooth Speaker,Headphones & Speakers,2790,https://i.gadgets360cdn.com/products/audio/large/1552567103_832_portronics_sound-cake-por-781-wireless-bluetooth-speaker.jpg?downsize=*:180&amp;output-quality=80&amp;output-format=webp,https://gadgets.ndtv.com/portronics-sound-cake-por-781-wireless-bluetooth-speaker-12662,32
9763,Sony SRS XB-20 Wireless Portable Bluetooth Speaker (Green),Sony,SRS XB-20 Wireless Bluetooth Speaker,Headphones & Speakers,6890,https://i.gadgets360cdn.com/products/audio/large/1552567156_832_sony_srs-xb-20-wireless-bluetooth-speaker.jpg?downsize=*:180&amp;output-quality=80&amp;output-format=webp,https://gadgets.ndtv.com/sony-srs-xb-20-wireless-bluetooth-speaker-12735,31
9764,"Portronics POR-102 Wireless Bluetooth Speaker (Black, Mono Channel)",Portronics,POR-102 Wireless Bluetooth Speaker,Headphones & Speakers,1499,https://i.gadgets360cdn.com/products/audio/large/1552567088_832_portronics_por-102-wireless-bluetooth-speaker.jpg?downsize=*:180&amp;output-quality=80&amp;output-format=webp,https://gadgets.ndtv.com/portronics-por-102-wireless-bluetooth-speaker-12643,46
9765,Sony SRS XB-20 Wireless Portable Bluetooth Speaker (Red),Sony,SRS XB-20 Wireless Bluetooth Speaker,Headphones & Speakers,7985,https://i.gadgets360cdn.com/products/audio/large/1552567156_832_sony_srs-xb-20-wireless-bluetooth-speaker.jpg?downsize=*:180&amp;output-quality=80&amp;output-format=webp,https://gadgets.ndtv.com/sony-srs-xb-20-wireless-bluetooth-speaker-12735,24
9766,"Portronics Bounce POR-952 Wireless Bluetooth Speaker (Blue, Stereo Channel)",Portronics,Bounce POR-952 Wireless Bluetooth Speaker,Headphones & Speakers,999,https://i.gadgets360cdn.com/products/audio/large/1552567077_832_portronics_bounce-por-952-wireless-bluetooth-speaker.jpg?downsize=*:180&amp;output-quality=80&amp;output-format=webp,https://gadgets.ndtv.com/portronics-bounce-por-952-wireless-bluetooth-speaker-12627,43
9767,Philips SPA-8180B/94 Wireless Bluetooth Speaker (Black),Philips,SPA-8180B/94 Wireless Bluetooth Speaker,Headphones & Speakers,7959,https://i.gadgets360cdn.com/products/audio/large/1552567073_832_philips_spa-8180b-94-wireless-bluetooth-speaker.jpg?downsize=*:180&amp;output-quality=80&amp;output-format=webp,https://gadgets.ndtv.com/philips-spa-8180b-94-wireless-bluetooth-speaker-12620,27
9768,Sony SRS XB-20 Wireless Portable Bluetooth Speaker (Black),Sony,SRS XB-20 Wireless Bluetooth Speaker,Headphones & Speakers,5490,https://i.gadgets360cdn.com/products/audio/large/1552567156_832_sony_srs-xb-20-wireless-bluetooth-speaker.jpg?downsize=*:180&amp;output-quality=80&amp;output-format=webp,https://gadgets.ndtv.com/sony-srs-xb-20-wireless-bluetooth-speaker-12735,7
9769,Zebronics BT346 Wired Speaker (Black),Zebronics,BT346 Wired Speaker,Headphones & Speakers,2199,https://i.gadgets360cdn.com/products/audio/large/1552567198_832_zebronics_bt346-wired-speaker.jpg?downsize=*:180&amp;output-quality=80&amp;output-format=webp,https://gadgets.ndtv.com/zebronics-bt346-wired-speaker-12795,18
9770,"JBL Pulse 2 Wireless Portable Bluetooth Speaker (Silver, Stereo Channel)",JBL,Pulse 2 Wireless Bluetooth Speaker,Headphones & Speakers,11850,https://i.gadgets360cdn.com/products/audio/large/1552566930_832_jbl_pulse-2-wireless-bluetooth-speaker.jpg?downsize=*:180&amp;output-quality=80&amp;output-format=webp,https://gadgets.ndtv.com/jbl-pulse-2-wireless-bluetooth-speaker-12421,22
9771,"JBL Go Wireless Portable Bluetooth Speaker (Blue, Mono Channel)",JBL,Go Wireless Bluetooth Speaker,Headphones & Speakers,1699,https://i.gadgets360cdn.com/products/audio/large/1552566913_832_jbl_go-wireless-bluetooth-speaker.jpg?downsize=*:180&amp;output-quality=80&amp;output-format=webp,https://gadgets.ndtv.com/jbl-go-wireless-bluetooth-speaker-12397,15
9772,"JBL Go Wireless Portable Bluetooth Speaker (Yellow, Mono Channel)",JBL,Go Wireless Bluetooth Speaker,Headphones & Speakers,1699,https://i.gadgets360cdn.com/products/audio/large/1552566913_832_jbl_go-wireless-bluetooth-speaker.jpg?downsize=*:180&amp;output-quality=80&amp;output-format=webp,https://gadgets.ndtv.com/jbl-go-wireless-bluetooth-speaker-12397,10
9773,"JBL Go Wireless Portable Bluetooth Speaker (Grey, Mono Channel)",JBL,Go Wireless Bluetooth Speaker,Headphones & Speakers,1699,https://i.gadgets360cdn.com/products/audio/large/1552566913_832_jbl_go-wireless-bluetooth-speaker.jpg?downsize=*:180&amp;output-quality=80&amp;output-format=webp,https://gadgets.ndtv.com/jbl-go-wireless-bluetooth-speaker-12397,39
9774,"JBL Go Wireless Portable Bluetooth Speaker (Orange, Mono Channel)",JBL,Go Wireless Bluetooth Speaker,Headphones & Speakers,1699,https://i.gadgets360cdn.com/products/audio/large/1552566913_832_jbl_go-wireless-bluetooth-speaker.jpg?downsize=*:180&amp;output-quality=80&amp;output-format=webp,https://gadgets.ndtv.com/jbl-go-wireless-bluetooth-speaker-12397,11
9775,Sony WH-1000XM3 Wireless Bluetooth Headphone (Black),Sony,WH-1000XM3 Wireless Headphones,Headphones & Speakers,24990,https://i.gadgets360cdn.com/products/headphones-and-headsets/large/sony-wh-1000xm3-wireless-headphone-832X558-1598367921.jpg?downsize=*:180&amp;output-quality=80&amp;output-format=webp,https://gadgets.ndtv.com/sony-wh-1000xm3-wireless-headphones-price-in-india-84831,21
9776,"boAt Stone 700 Wireless Portable Bluetooth Speaker (Rugged Black, Stereo Channel)",boAt,Stone 700 Wireless Bluetooth Speaker,Headphones & Speakers,2499,https://i.gadgets360cdn.com/products/audio/large/1552566853_832_boat_stone-700-wireless-bluetooth-speaker.jpg?downsize=*:180&amp;output-quality=80&amp;output-format=webp,https://gadgets.ndtv.com/boat-stone-700-wireless-bluetooth-speaker-12320,29
9777,"JBL Go Wireless Portable Bluetooth Speaker (Red, Mono Channel)",JBL,Go Wireless Bluetooth Speaker,Headphones & Speakers,1699,https://i.gadgets360cdn.com/products/audio/large/1552566913_832_jbl_go-wireless-bluetooth-speaker.jpg?downsize=*:180&amp;output-quality=80&amp;output-format=webp,https://gadgets.ndtv.com/jbl-go-wireless-bluetooth-speaker-12397,42
9778,Philips SPA-5250B Wireless Bluetooth Speaker (Black),Philips,SPA-5250B Wireless Bluetooth Speaker,Headphones & Speakers,13499,https://i.gadgets360cdn.com/products/audio/large/1552567062_832_philips_spa-5250b-wireless-bluetooth-speaker.jpg?downsize=*:180&amp;output-quality=80&amp;output-format=webp,https://gadgets.ndtv.com/philips-spa-5250b-wireless-bluetooth-speaker-12606,33
9779,Zebronics Spaceship Wireless Portable Bluetooth Speaker (Black),Zebronics,Spaceship Wireless Bluetooth Speaker,Headphones & Speakers,2299,https://i.gadgets360cdn.com/products/audio/large/1552567271_832_zebronics_spaceship-wireless-bluetooth-speaker.jpg?downsize=*:180&amp;output-quality=80&amp;output-format=webp,https://gadgets.ndtv.com/zebronics-spaceship-wireless-bluetooth-speaker-12895,41
9780,Zebronics Tornado 4 Wireless Bluetooth Speaker (Black),Zebronics,Tornado 4 Wireless Bluetooth Speaker,Headphones & Speakers,11990,https://i.gadgets360cdn.com/products/audio/large/1552567306_832_zebronics_tornado-4-wireless-bluetooth-speaker.jpg?downsize=*:180&amp;output-quality=80&amp;output-format=webp,https://gadgets.ndtv.com/zebronics-tornado-4-wireless-bluetooth-speaker-12946,10
9781,Zebronics Super Bazooka Wireless Bluetooth Speaker (Silver),Zebronics,Super Bazooka Wireless Bluetooth Speaker,Headphones & Speakers,2230,https://i.gadgets360cdn.com/products/audio/large/1552567281_832_zebronics_super-bazooka-wireless-bluetooth-speaker.jpg?downsize=*:180&amp;output-quality=80&amp;output-format=webp,https://gadgets.ndtv.com/zebronics-super-bazooka-wireless-bluetooth-speaker-12909,24
9782,"boAt Stone 700 Wireless Portable Bluetooth Speaker (Military Green, Stereo Channel)",boAt,Stone 700 Wireless Bluetooth Speaker,Headphones & Speakers,2499,https://i.gadgets360cdn.com/products/audio/large/1552566853_832_boat_stone-700-wireless-bluetooth-speaker.jpg?downsize=*:180&amp;output-quality=80&amp;output-format=webp,https://gadgets.ndtv.com/boat-stone-700-wireless-bluetooth-speaker-12320,9
9783,"JBL Jembe Wired Portable Speaker (Black, 2 Channel)",JBL,Jembe Wired Speaker,Headphones & Speakers,5990,https://i.gadgets360cdn.com/products/audio/large/1552566915_832_jbl_jembe-wired-speaker.jpg?downsize=*:180&amp;output-quality=80&amp;output-format=webp,https://gadgets.ndtv.com/jbl-jembe-wired-speaker-12401,33
9784,"Portronics Bounce POR-939 Wireless Bluetooth Speaker (Black, Stereo Channel)",Portronics,Bounce POR-939 Wireless Bluetooth Speaker,Headphones & Speakers,1195,https://gadgets.ndtv.com/static/icons/speakers.jpg?downsize=*:180&amp;output-quality=80&amp;output-format=webp,https://gadgets.ndtv.com/portronics-bounce-por-939-wireless-bluetooth-speaker-12626,41
9785,"Portronics Sound Grip POR-776 Wireless Bluetooth Speaker (Blue, Stereo Channel)",Portronics,Sound Grip POR-776 Wireless Bluetooth Speaker,Headphones & Speakers,1100,https://i.gadgets360cdn.com/products/audio/large/1552567106_832_portronics_sound-grip-por-776-wireless-bluetooth-speaker.jpg?downsize=*:180&amp;output-quality=80&amp;output-format=webp,https://gadgets.ndtv.com/portronics-sound-grip-por-776-wireless-bluetooth-speaker-12666,13
9786,Philips SW750M/37 Wireless Bluetooth Speaker (Black),Philips,SW750M/37 Wireless Bluetooth Speaker,Headphones & Speakers,30899,https://i.gadgets360cdn.com/products/audio/large/1552567076_832_philips_sw750m-37-wireless-bluetooth-speaker.jpg?downsize=*:180&amp;output-quality=80&amp;output-format=webp,https://gadgets.ndtv.com/philips-sw750m-37-wireless-bluetooth-speaker-12625,41
9787,Zebronics Atom Wireless Portable Bluetooth Speaker (Black),Zebronics,Atom Wireless Bluetooth Speaker,Headphones & Speakers,785,https://i.gadgets360cdn.com/products/audio/large/1552567191_832_zebronics_atom-wireless-bluetooth-speaker.jpg?downsize=*:180&amp;output-quality=80&amp;output-format=webp,https://gadgets.ndtv.com/zebronics-atom-wireless-bluetooth-speaker-12784,46
9788,Sony SRS XB-30 Wireless Portable Bluetooth Speaker (Blue),Sony,SRS XB-30 Wireless Bluetooth Speaker,Headphones & Speakers,9199,https://i.gadgets360cdn.com/products/audio/large/1552567157_832_sony_srs-xb-30-wireless-bluetooth-speaker.jpg?downsize=*:180&amp;output-quality=80&amp;output-format=webp,https://gadgets.ndtv.com/sony-srs-xb-30-wireless-bluetooth-speaker-12737,45
9789,"Portronics Sublime III POR-622 Wired And Wireless Portable Bluetooth Speaker (Black, Stereo Channel)",Portronics,Sublime III POR-622 Wireless Bluetooth Speaker,Headphones & Speakers,1899,https://i.gadgets360cdn.com/products/audio/large/1552567113_832_portronics_sublime-iii-por-622-wireless-bluetooth-speaker.jpg?downsize=*:180&amp;output-quality=80&amp;output-format=webp,https://gadgets.ndtv.com/portronics-sublime-iii-por-622-wireless-bluetooth-speaker-12676,35
9790,Philips BT64A Wireless Portable Bluetooth Speaker (Sky Blue),Philips,BT64A Wireless Bluetooth Speaker,Headphones & Speakers,1330,https://i.gadgets360cdn.com/products/audio/large/1552566975_832_philips_bt64a-wireless-bluetooth-speaker.jpg?downsize=*:180&amp;output-quality=80&amp;output-format=webp,https://gadgets.ndtv.com/philips-bt64a-wireless-bluetooth-speaker-12481,24
9791,Sony SRS XB-30 Wireless Portable Bluetooth Speaker (Grey),Sony,SRS XB-30 Wireless Bluetooth Speaker,Headphones & Speakers,29772,https://i.gadgets360cdn.com/products/audio/large/1552567157_832_sony_srs-xb-30-wireless-bluetooth-speaker.jpg?downsize=*:180&amp;output-quality=80&amp;output-format=webp,https://gadgets.ndtv.com/sony-srs-xb-30-wireless-bluetooth-speaker-12737,29
12201,"Lenovo Tab 7 Tablet (16GB, 7.6 Inches, WI-FI, Black)",Lenovo,Tab 7,Tablets,8799,https://drop.ndtv.com/TECH/product_database/images/1115201762259PM_635_lenovo_tab_7.jpeg?downsize=*:180&amp;output-quality=80&amp;output-format=webp,https://gadgets.ndtv.com/lenovo-tab-7-4517,42
12202,"Swipe Slice Tablet (4GB, 7 Inches, WI-FI, Black)",Swipe,Slice,Tablets,2990,https://drop.ndtv.com/TECH/product_database/images/7232014104618AM_635_swipe_slice.jpeg?downsize=*:180&amp;output-quality=80&amp;output-format=webp,https://gadgets.ndtv.com/swipe-slice-1789,34
12203,"Swipe Slice Tablet (4GB, 7 Inches, WI-FI, White)",Swipe,Slice,Tablets,3389,https://drop.ndtv.com/TECH/product_database/images/7232014104618AM_635_swipe_slice.jpeg?downsize=*:180&amp;output-quality=80&amp;output-format=webp,https://gadgets.ndtv.com/swipe-slice-1789,15
12204,"Lenovo Tab 2 A8-50LC Tablet (16GB, 8 Inches, WI-FI, Blue)",Lenovo,Tab 2 A8 LTE,Tablets,15000,https://cdn.gadgets360.com/content/assets/products/lenovo-tab-2-a8-lte-2449_960X480_1438858212.jpg?downsize=*:180&amp;output-quality=80&amp;output-format=webp,https://gadgets.ndtv.com/lenovo-tab-2-a8-lte-2449,40
12205,"Karbonn ST-72 Tablet (4GB, 7 Inches, WI-FI, White)",Karbonn,ST72,Tablets,4499,https://drop.ndtv.com/TECH/product_database/images/11202014115428AM_635_karbonn_st72.jpeg?downsize=*:180&amp;output-quality=80&amp;output-format=webp,https://gadgets.ndtv.com/karbonn-st72-2161,13
12206,"iBall Slide 9017-D50 Tablet (8GB, 9 Inches, WI-FI, Black)",iBall,Slide 3G 9017-D50,Tablets,10000,https://drop.ndtv.com/TECH/product_database/images/1028201443504PM_635_iball_slide_3g_9017_d50.jpeg?downsize=*:180&amp;output-quality=80&amp;output-format=webp,https://gadgets.ndtv.com/iball-slide-3g-9017-d50-2098,27
12207,"Karbonn TA-FONE-A34 Tablet (2GB, 7 Inches, WI-FI, White)",Karbonn,Ta-Fone A34,Tablets,4100,https://drop.ndtv.com/TECH/product_database/images/41201412029PM_635_karbonn_ta_fone_a34.jpeg?downsize=*:180&amp;output-quality=80&amp;output-format=webp,https://gadgets.ndtv.com/karbonn-ta-fone-a34-1439,19
12208,"iBall Slide 9017-D50 Tablet (8GB, 9 Inches, WI-FI, Blue)",iBall,Slide 3G 9017-D50,Tablets,7999,https://drop.ndtv.com/TECH/product_database/images/1028201443504PM_635_iball_slide_3g_9017_d50.jpeg?downsize=*:180&amp;output-quality=80&amp;output-format=webp,https://gadgets.ndtv.com/iball-slide-3g-9017-d50-2098,46
12209,"Asus Fonepad 8 FE380CG-1A071A Tablet (16GB, 8 Inches, WI-FI, Black)",Asus,Fonepad 8 (FE380CG),Tablets,14490,https://drop.ndtv.com/TECH/product_database/images/62201435006PM_635_asus_fonepad_8.jpeg?downsize=*:180&amp;output-quality=80&amp;output-format=webp,https://gadgets.ndtv.com/asus-fonepad-8-fe380cg-1656,26
12210,"iBall Slide Q27 Tablet (16GB, 10.1 Inches, WI-FI, Charcoal Black)",iBall,Slide Q27 4G,Tablets,11399,https://drop.ndtv.com/TECH/product_database/images/1018201692405AM_635_iball_slide_q27_4g.jpeg?downsize=*:180&amp;output-quality=80&amp;output-format=webp,https://gadgets.ndtv.com/iball-slide-q27-4g-3833,21
12211,"Micromax Canvas P470 Tablet (8GB, 7 Inches, WI-FI, Grey)",Micromax,Canvas Tab P470,Tablets,7494,https://cdn.gadgets360.com/content/assets/products/micromax-canvas-tab-p470-2226_960X480_1438858106.jpg?downsize=*:180&amp;output-quality=80&amp;output-format=webp,https://gadgets.ndtv.com/micromax-canvas-tab-p470-2226,36
12212,"Micromax Canvas P470 Tablet (8GB, 7 Inches, WI-FI, Silver)",Micromax,Canvas Tab P470,Tablets,6985,https://cdn.gadgets360.com/content/assets/products/micromax-canvas-tab-p470-2226_960X480_1438858106.jpg?downsize=*:180&amp;output-quality=80&amp;output-format=webp,https://gadgets.ndtv.com/micromax-canvas-tab-p470-2226,43
12213,"iBall Slide Q27 Tablet (16GB, 10 Inches, WI-FI, Blue)",iBall,Slide Q27 4G,Tablets,13999,https://drop.ndtv.com/TECH/product_database/images/1018201692405AM_635_iball_slide_q27_4g.jpeg?downsize=*:180&amp;output-quality=80&amp;output-format=webp,https://gadgets.ndtv.com/iball-slide-q27-4g-3833,17
12214,"iBall Slide Q27 Tablet (16GB, 10 Inches, WI-FI, Black)",iBall,Slide Q27 4G,Tablets,7599,https://drop.ndtv.com/TECH/product_database/images/1018201692405AM_635_iball_slide_q27_4g.jpeg?downsize=*:180&amp;output-quality=80&amp;output-format=webp,https://gadgets.ndtv.com/iball-slide-q27-4g-3833,6
12215,"iBall Silde Co-Mate Tablet (8GB, 8 Inches, WI-FI, Metallic Blue)",iBall,Slide Co-Mate,Tablets,6999,https://drop.ndtv.com/TECH/product_database/images/415201643705PM_635_iball_slide_co_mate.jpeg?downsize=*:180&amp;output-quality=80&amp;output-format=webp,https://gadgets.ndtv.com/iball-slide-co-mate-3439,20
12216,"Zebronics Zebpad 7T500 Tablet (8GB, 7 Inches, WI-FI, Black)",Zebronics,Zebpad 7T500,Tablets,5250,https://cdn.gadgets360.com/content/assets/products/zebronics-zebpad-7t500-2530_480X960_1438858267.jpg?downsize=*:180&amp;output-quality=80&amp;output-format=webp,https://gadgets.ndtv.com/zebronics-zebpad-7t500-2530,20
12217,"iBall Slide 6095-Q700 Tablet (16GB, 6.95 Inches, WI-FI, Brown)",iBall,Slide 3G 6095-Q700,Tablets,5999,https://drop.ndtv.com/TECH/product_database/images/1028201442822PM_635_iball_slide_3g_6095_q700.jpeg?downsize=*:180&amp;output-quality=80&amp;output-format=webp,https://gadgets.ndtv.com/iball-slide-3g-6095-q700-2097,47
12218,"iBall Slide Wings 4GP Tablet (16GB, 8 Inches, WI-FI, Silver)",iBall,Slide Wings,Tablets,8495,https://drop.ndtv.com/TECH/product_database/images/725201644248PM_635_iball_slide_wings.jpeg?downsize=*:180&amp;output-quality=80&amp;output-format=webp,https://gadgets.ndtv.com/iball-slide-wings-3658,32
12219,"Samsung Galaxy Tab S2 SM-T819YZDEINS Tablet (32GB, 9.7 Inches, WI-FI, Gold)",Samsung,Galaxy Tab S2 9.7 LTE,Tablets,27999,https://drop.ndtv.com/TECH/product_database/images/samsung_galaxy_tab_s2_9_7_LTE_ndtv_2798_480X960_1052015124355PM.jpg?downsize=*:180&amp;output-quality=80&amp;output-format=webp,https://gadgets.ndtv.com/samsung-galaxy-tab-s2-9-7-lte-2798,16
12220,"iBall Slide 7271-HD70 Tablet (8GB, 7 Inches, WI-FI, Silver)",iBall,3G 7271 HD70,Tablets,5499,https://drop.ndtv.com/TECH/product_database/images/47201470414PM_635_iball_slide_3g_7271_hd_70.jpeg?downsize=*:180&amp;output-quality=80&amp;output-format=webp,https://gadgets.ndtv.com/iball-3g-7271-hd70-1468,47
12221,"iBall Slide 7271-HD70 Tablet (8GB, 7 Inches, WI-FI, Black & Silver)",iBall,3G 7271 HD70,Tablets,2200,https://drop.ndtv.com/TECH/product_database/images/47201470414PM_635_iball_slide_3g_7271_hd_70.jpeg?downsize=*:180&amp;output-quality=80&amp;output-format=webp,https://gadgets.ndtv.com/iball-3g-7271-hd70-1468,12
12222,"Micromax Canvas P480 Tablet (8GB, 7 Inches, WI-FI, Grey)",Micromax,Canvas Tab P480,Tablets,6490,https://cdn.gadgets360.com/content/assets/products/micromax-canvas-tab-p480-2597_960X480_1438058705.jpg?downsize=*:180&amp;output-quality=80&amp;output-format=webp,https://gadgets.ndtv.com/micromax-canvas-tab-p480-2597,37
12223,"HP 7 Tablet (8GB, 7 Inches, WI-FI, White)",HP,7 VoiceTab,Tablets,10999,https://drop.ndtv.com/TECH/product_database/images/104201453547PM_635_hp_7_voicetab.jpeg?downsize=*:180&amp;output-quality=80&amp;output-format=webp,https://gadgets.ndtv.com/hp-7-voicetab-2027,39
12224,"iBall Slide 1026-Q18 Tablet (8GB, 10.1 Inches, WI-FI, White)",iBall,Slide 3G 1026-Q18,Tablets,7999,https://drop.ndtv.com/TECH/product_database/images/820201410456PM_635_iball_slide_3g_1026_q18.jpeg?downsize=*:180&amp;output-quality=80&amp;output-format=webp,https://gadgets.ndtv.com/iball-slide-3g-1026-q18-1870,41
12225,"Swipe Ace Tablet (16GB, 6.95 Inches, WI-FI, Black)",Swipe,Ace,Tablets,4880,https://drop.ndtv.com/TECH/product_database/images/828201514319PM_635_swipe_ace.jpeg?downsize=*:180&amp;output-quality=80&amp;output-format=webp,https://gadgets.ndtv.com/swipe-ace-2900,6
12226,"Lenovo Idea A1000 Tablet (4GB, 7 inches, 2G, Black)",Lenovo,Idea Tab A1000,Tablets,9999,https://drop.ndtv.com/TECH/product_database/images/48201442543PM_635_lenovo_a_1000.jpeg?downsize=*:180&amp;output-quality=80&amp;output-format=webp,https://gadgets.ndtv.com/lenovo-idea-tab-a1000-1471,7
12227,"Samsung Galaxy Tab Active 2 Tablet (16GB, 8 inches, WI-FI + Cellular, Black)",Samsung,Galaxy Tab Active 2,Tablets,76550,https://drop.ndtv.com/TECH/product_database/images/10182017125526PM_635_samsung_galaxy_tab_active_2.jpeg?downsize=*:180&amp;output-quality=80&amp;output-format=webp,https://gadgets.ndtv.com/samsung-galaxy-tab-active-2-4474,15
12228,"Micromax Canvas P469 Tablet (8GB, 7 Inches, WI-FI, White)",Micromax,Canvas Tabby,Tablets,4990,https://cdn.gadgets360.com/content/assets/products/micromax-canvas-tabby-2727_960X480_1434790691.jpg?downsize=*:180&amp;output-quality=80&amp;output-format=webp,https://gadgets.ndtv.com/micromax-canvas-tabby-2727,35
12229,"Micromax Canvas Tab (Blue, 1GB RAM, 8GB)",Micromax,Canvas Laptab,Tablets,6199,https://cdn.gadgets360.com/content/assets/products/micromax-canvas-laptab-2610_960X480_1436515331.jpg?downsize=*:180&amp;output-quality=80&amp;output-format=webp,https://gadgets.ndtv.com/micromax-canvas-laptab-2610,11
12230,"Swipe Ace Tablet (16GB, 6.95 Inches, WI-FI, White)",Swipe,Ace,Tablets,4888,https://drop.ndtv.com/TECH/product_database/images/828201514319PM_635_swipe_ace.jpeg?downsize=*:180&amp;output-quality=80&amp;output-format=webp,https://gadgets.ndtv.com/swipe-ace-2900,38
12231,"Lenovo A7-50 Tablet (16GB, 7 Inches, WI-FI, Black)",Lenovo,Tab A7-50 3G,Tablets,8999,https://drop.ndtv.com/TECH/product_database/images/42201412445PM_635_lenovo_a7_50.jpeg?downsize=*:180&amp;output-quality=80&amp;output-format=webp,https://gadgets.ndtv.com/lenovo-tab-a7-50-3g-1449,44
12232,"iBall Slide 7345Q-800 Tablet (8GB, 7 Inches, WI-FI, Grey)",iBall,Slide 3G 7345Q-800,Tablets,5999,https://gadgets.ndtv.com/static/icons/tablet_icon.png?downsize=*:180&amp;output-quality=80&amp;output-format=webp,https://gadgets.ndtv.com/iball-slide-3g-7345q-800-1801,7
12233,"iBall Slide Snap 4G2 Tablet (16GB, 7 Inches, WI-FI, Biscuit Gold)",iBall,Slide Snap 4G2,Tablets,5700,https://drop.ndtv.com/TECH/product_database/images/420201645409PM_635_iball_slide_snap_4g2.jpeg?downsize=*:180&amp;output-quality=80&amp;output-format=webp,https://gadgets.ndtv.com/iball-slide-snap-4g2-3451,47
12234,"Lenovo Tab 7 Essential-TB-7304F Tablet (8GB, 7 Inches, WI-FI, Black)",Lenovo,Tab 7 Essential,Tablets,4999,https://drop.ndtv.com/TECH/product_database/images/11202017105444AM_635_lenovo_tab_7_essential.jpeg?downsize=*:180&amp;output-quality=80&amp;output-format=webp,https://gadgets.ndtv.com/lenovo-tab-7-essential-4520,38
12235,"Lenovo Idea A3000 Tablet (16GB, 7 Inches, WI-FI, Black)",Lenovo,IdeaTab A3000,Tablets,7999,https://drop.ndtv.com/TECH/product_database/images/48201450125PM_635_lenovo_a_3000.jpeg?downsize=*:180&amp;output-quality=80&amp;output-format=webp,https://gadgets.ndtv.com/lenovo-ideatab-a3000-1473,34
12236,"Lenovo Idea A1000 Tablet (4GB, 7 Inches, WI-FI, Black)",Lenovo,Idea Tab A1000,Tablets,4999,https://drop.ndtv.com/TECH/product_database/images/48201442543PM_635_lenovo_a_1000.jpeg?downsize=*:180&amp;output-quality=80&amp;output-format=webp,https://gadgets.ndtv.com/lenovo-idea-tab-a1000-1471,7
12237,"iBall Slide Bio-Mate Tablet (8GB, 8 inches, WI-FI, Cobalt Brown)",iBall,Slide Bio-Mate,Tablets,5835,https://drop.ndtv.com/TECH/product_database/images/672016125156PM_635_iball_slide_bio_mate.jpeg?downsize=*:180&amp;output-quality=80&amp;output-format=webp,https://gadgets.ndtv.com/iball-slide-bio-mate-3552,33
12238,"Swipe Slate Pro Tablet (16GB, 9.7 Inches, WI-FI, White)",Swipe,Slate Pro (2017),Tablets,6999,https://drop.ndtv.com/TECH/product_database/images/1027201741922PM_635_swipe_slate_pro.jpeg?downsize=*:180&amp;output-quality=80&amp;output-format=webp,https://gadgets.ndtv.com/swipe-slate-pro-2017-4486,42
12239,"Micromax Funbook MINI-P410I Tablet (4GB, 7 Inches, WI-FI, Black)",Micromax,Funbook Mini P410i,Tablets,6261,https://drop.ndtv.com/TECH/product_database/images/328201454921PM_635_micromax_funbook_mini_p410i.jpeg?downsize=*:180&amp;output-quality=80&amp;output-format=webp,https://gadgets.ndtv.com/micromax-funbook-mini-p410i-1431,33
12240,"Swipe Slate Pro Tablet (16GB, 10 Inches, WI-FI, champagne Gold)",Swipe,Slate Pro (2017),Tablets,6749,https://drop.ndtv.com/TECH/product_database/images/1027201741922PM_635_swipe_slate_pro.jpeg?downsize=*:180&amp;output-quality=80&amp;output-format=webp,https://gadgets.ndtv.com/swipe-slate-pro-2017-4486,12
12241,"iBall Slide 7803Q-900 Tablet (16GB, 7.85 Inches, WI-FI, Grey)",iBall,Slide 3G 7803Q-900,Tablets,7299,https://gadgets.ndtv.com/static/icons/tablet_icon.png?downsize=*:180&amp;output-quality=80&amp;output-format=webp,https://gadgets.ndtv.com/iball-slide-3g-7803q-900-1623,8
12242,"Micromax Canvas P701 Tablet (16GB, 7 Inches, WI-FI + 4G, Grey)",Micromax,Canvas Tab P701,Tablets,8590,https://drop.ndtv.com/TECH/product_database/images/5312016102131AM_635_micromax_canvas_tab_p701.jpeg?downsize=*:180&amp;output-quality=80&amp;output-format=webp,https://gadgets.ndtv.com/micromax-canvas-tab-p701-3535,22
12243,"Micromax Canvas P701 Tablet (16GB, 7 Inches, WI-FI, Blue)",Micromax,Canvas Tab P701,Tablets,7990,https://drop.ndtv.com/TECH/product_database/images/5312016102131AM_635_micromax_canvas_tab_p701.jpeg?downsize=*:180&amp;output-quality=80&amp;output-format=webp,https://gadgets.ndtv.com/micromax-canvas-tab-p701-3535,21
12244,"Micromax Canvas P701 Tablet (8GB, 7 Inches, WI-FI, Grey)",Micromax,Canvas Tab P701,Tablets,5190,https://drop.ndtv.com/TECH/product_database/images/5312016102131AM_635_micromax_canvas_tab_p701.jpeg?downsize=*:180&amp;output-quality=80&amp;output-format=webp,https://gadgets.ndtv.com/micromax-canvas-tab-p701-3535,46
12245,"Micromax Canvas P701 Tablet (8GB, 7 Inches, WI-FI, Blue)",Micromax,Canvas Tab P701,Tablets,4897,https://drop.ndtv.com/TECH/product_database/images/5312016102131AM_635_micromax_canvas_tab_p701.jpeg?downsize=*:180&amp;output-quality=80&amp;output-format=webp,https://gadgets.ndtv.com/micromax-canvas-tab-p701-3535,41
12246,"Micromax Canvas P702 Tablet (16GB, 7 Inches, WI-FI, champagne Gold)",Micromax,Canvas Tab P702,Tablets,6999,https://drop.ndtv.com/TECH/product_database/images/229201640002PM_635_micromax_canvas_tab_p702.jpeg?downsize=*:180&amp;output-quality=80&amp;output-format=webp,https://gadgets.ndtv.com/micromax-canvas-tab-p702-3354,34
12247,"Dell Venue 7 Tablet (16GB, 7 Inches, WI-FI, Black)",Dell,Venue 7 (2014) 3G,Tablets,10990,https://drop.ndtv.com/TECH/product_database/images/10242014100522AM_635_dell_venue_7_3g.jpeg?downsize=*:180&amp;output-quality=80&amp;output-format=webp,https://gadgets.ndtv.com/dell-venue-7-2014-3g-2084,14
12248,"Micromax Canvas P702 Tablet (16GB, 7 Inches, WI-FI, Black)",Micromax,Canvas Tab P702,Tablets,5999,https://drop.ndtv.com/TECH/product_database/images/229201640002PM_635_micromax_canvas_tab_p702.jpeg?downsize=*:180&amp;output-quality=80&amp;output-format=webp,https://gadgets.ndtv.com/micromax-canvas-tab-p702-3354,48
12249,"Micromax Canvas P702 Tablet (16GB, 7 Inches, WI-FI, White)",Micromax,Canvas Tab P702,Tablets,5890,https://drop.ndtv.com/TECH/product_database/images/229201640002PM_635_micromax_canvas_tab_p702.jpeg?downsize=*:180&amp;output-quality=80&amp;output-format=webp,https://gadgets.ndtv.com/micromax-canvas-tab-p702-3354,43
12250,"Lenovo S8 Tablet (16GB, 8 Inches, WI-FI, Ebony)",Lenovo,Tab S8,Tablets,18000,https://drop.ndtv.com/TECH/product_database/images/93201413058PM_635_lenovo_tab_s8.jpeg?downsize=*:180&amp;output-quality=80&amp;output-format=webp,https://gadgets.ndtv.com/lenovo-tab-s8-1930,41
12251,"Swipe Ace Strike Tablet (16GB, 6.9 Inches, WI-FI, White)",Swipe,Ace Strike,Tablets,6699,https://drop.ndtv.com/TECH/product_database/images/108201554236PM_635_swipe_ace_strike.jpeg?downsize=*:180&amp;output-quality=80&amp;output-format=webp,https://gadgets.ndtv.com/swipe-ace-strike-3020,17
12252,"iBall Slide 3G17 Tablet (4GB, 7 Inches, WI-FI, Silver)",iBall,Slide 3G17,Tablets,3999,https://drop.ndtv.com/TECH/product_database/images/3282014110036AM_635_iball_slide_3g17.jpeg?downsize=*:180&amp;output-quality=80&amp;output-format=webp,https://gadgets.ndtv.com/iball-slide-3g17-1426,21
12253,"iBall Slide STELLAR-A2 Tablet (8GB, 7 Inches, WI-FI, Grey)",iBall,Slide Stellar A2,Tablets,5000,https://cdn.gadgets360.com/content/assets/products/iball-slide-stellar-a2-2580_480X960_1429514439.jpg?downsize=*:180&amp;output-quality=80&amp;output-format=webp,https://gadgets.ndtv.com/iball-slide-stellar-a2-2580,41
12254,"Huawei Honor X1 7D-501U Tablet (16GB, 7 Inches, WI-FI, Silver & White)",Honor,X1,Tablets,19999,https://drop.ndtv.com/TECH/product_database/images/1014201460211PM_635_huawei_honor_x1.jpeg?downsize=*:180&amp;output-quality=80&amp;output-format=webp,https://gadgets.ndtv.com/honor-x1-2057,9
12255,"Alcatel Pixi 4 Tablet (16GB, 7 Inches, WI-FI, Volcano Black)",Alcatel,Pop4 (10-inch),Tablets,6999,https://i.gadgets360cdn.com/products/large/1518696689_635_alcatel_POP4_10_4g_india.jpg?downsize=*:180&amp;output-quality=80&amp;output-format=webp,https://gadgets.ndtv.com/alcatel-pop-4-10-inch-3760,26
12256,"Alcatel Pixi 4 Tablet (8GB, 7 Inches, WI-FI, Smokey Grey)",Alcatel,Pop4 (10-inch),Tablets,4499,https://i.gadgets360cdn.com/products/large/1518696689_635_alcatel_POP4_10_4g_india.jpg?downsize=*:180&amp;output-quality=80&amp;output-format=webp,https://gadgets.ndtv.com/alcatel-pop-4-10-inch-3760,48
12257,"iBall Slide Q7271-IPS20 Tablet (8GB, 7 Inches, WI-FI, Gold)",iBall,Slide 3G Q7271-IPS20,Tablets,9699,https://drop.ndtv.com/TECH/product_database/images/85201453744PM_635_iball_slide_3g_q7271-ips20.jpeg?downsize=*:180&amp;output-quality=80&amp;output-format=webp,https://gadgets.ndtv.com/iball-slide-3g-q7271-ips20-1830,6
12258,"Micromax Canvas P680 Tablet (16GB, 8 Inches, WI-FI, Copper)",Micromax,Canvas Tab P680,Tablets,7350,https://drop.ndtv.com/TECH/product_database/images/820201560134PM_635_micromax_canvas_tab_p680.jpeg?downsize=*:180&amp;output-quality=80&amp;output-format=webp,https://gadgets.ndtv.com/micromax-canvas-tab-p680-2884,18
12259,"Lenovo Yoga 8 B6000 Tablet (16GB, 8 Inches, WI-FI, Silver)",Lenovo,Yoga Tablet 8 3G,Tablets,12000,https://drop.ndtv.com/TECH/product_database/images/48201463008PM_635_lenovo_yoga_8.jpeg?downsize=*:180&amp;output-quality=80&amp;output-format=webp,https://gadgets.ndtv.com/lenovo-yoga-tablet-8-3g-1475,23
12260,"Samsung Galaxy Tab S SM-T705NZWAINU Tablet (16GB, 8.4 Inches, WI-FI, Dazzling White)",Samsung,Galaxy Tab S 8.4,Tablets,35400,https://drop.ndtv.com/TECH/product_database/images/613201494231AM_635_samsung_galaxy_tab_s_8_4.jpeg?downsize=*:180&amp;output-quality=80&amp;output-format=webp,https://gadgets.ndtv.com/samsung-galaxy-tab-s-8-4-1686,35
12261,"Lenovo Yoga Tab 3 Pro Tablet (64GB, 10.1 inches, Wifi & 4G, Black)",Lenovo,Yoga Tab 3 Pro,Tablets,32990,https://drop.ndtv.com/TECH/product_database/images/932015115126AM_635_lenovo_yoga_tab_3_pro.jpeg?downsize=*:180&amp;output-quality=80&amp;output-format=webp,https://gadgets.ndtv.com/lenovo-yoga-tab-3-pro-2923,9
12262,"iBall Slide Brace-X1 Tablet (16GB, 10.1 Inches, WI-FI, Bronze Gold)",iBall,Slide Brace-X1 Mini,Tablets,14999,https://drop.ndtv.com/TECH/product_database/images/1012201521558PM_635_iball_slide_brace_x1_mini.jpeg?downsize=*:180&amp;output-quality=80&amp;output-format=webp,https://gadgets.ndtv.com/iball-slide-brace-x1-mini-3026,44
12263,"Samsung Galaxy Tab A T580 Tablet (16GB, 10.1 inches, Wifi, White)",Samsung,Galaxy Tab A 10.1 (2016) with S Pen,Tablets,34525,https://drop.ndtv.com/TECH/product_database/images/913201624128PM_635_samsung_galaxy_tab_a_2016_spen.jpeg?downsize=*:180&amp;output-quality=80&amp;output-format=webp,https://gadgets.ndtv.com/samsung-galaxy-tab-a-10-1-2016-with-s-pen-3775,27
12264,"iBall Slide Brace-X1 Tablet (16GB, 8 Inches, WI-FI, Classic Silver)",iBall,Slide Brace-X1 Mini,Tablets,11395,https://drop.ndtv.com/TECH/product_database/images/1012201521558PM_635_iball_slide_brace_x1_mini.jpeg?downsize=*:180&amp;output-quality=80&amp;output-format=webp,https://gadgets.ndtv.com/iball-slide-brace-x1-mini-3026,16
12265,"Lenovo Yoga Tab 3 Pro Tablet (32GB, 10.1 Inches, WI-FI, Puma Black)",Lenovo,Yoga Tab 3 Pro,Tablets,36490,https://drop.ndtv.com/TECH/product_database/images/932015115126AM_635_lenovo_yoga_tab_3_pro.jpeg?downsize=*:180&amp;output-quality=80&amp;output-format=webp,https://gadgets.ndtv.com/lenovo-yoga-tab-3-pro-2923,29
12266,"Micromax Canvas P650E Tablet (4GB, 7 Inches, WI-FI, Silver)",Micromax,Canvas Tab P650E,Tablets,4750,https://drop.ndtv.com/TECH/product_database/images/328201420719PM_635_micromax_canvas_tab_p650e.jpeg?downsize=*:180&amp;output-quality=80&amp;output-format=webp,https://gadgets.ndtv.com/micromax-canvas-tab-p650e-1428,8
12267,"Samsung Galaxy Tab A T580 Tablet (16GB, 10.1 inches, Wifi, Black)",Samsung,Galaxy Tab A 10.1 (2016) with S Pen,Tablets,75005,https://drop.ndtv.com/TECH/product_database/images/913201624128PM_635_samsung_galaxy_tab_a_2016_spen.jpeg?downsize=*:180&amp;output-quality=80&amp;output-format=webp,https://gadgets.ndtv.com/samsung-galaxy-tab-a-10-1-2016-with-s-pen-3775,48
12268,"iBall Slide Cuddle A4 Tablet (16GB, 7 inches, 3G & Wifi, Brown)",iBall,Slide Cuddle A4,Tablets,7999,https://drop.ndtv.com/TECH/product_database/images/713201545320PM_635_iball_slide_cuddle_a4.jpeg?downsize=*:180&amp;output-quality=80&amp;output-format=webp,https://gadgets.ndtv.com/iball-slide-cuddle-a4-2779,14
12269,"iBall Slide Brillante Tablet (8GB, 7 Inches, WI-FI, Silver)",iBall,Slide Brillante,Tablets,4890,https://drop.ndtv.com/TECH/product_database/images/921201561935PM_635_iball_slide_brillante.jpeg?downsize=*:180&amp;output-quality=80&amp;output-format=webp,https://gadgets.ndtv.com/iball-slide-brillante-2977,46
12270,"iBall Slide Brace-X1 Tablet (16GB, 10.1 Inches, WI-FI, Classic Silver)",iBall,Slide Brace-X1 Mini,Tablets,10999,https://drop.ndtv.com/TECH/product_database/images/1012201521558PM_635_iball_slide_brace_x1_mini.jpeg?downsize=*:180&amp;output-quality=80&amp;output-format=webp,https://gadgets.ndtv.com/iball-slide-brace-x1-mini-3026,47
12271,"Samsung Galaxy Tab A SM-T595NZBAINS Tablet (32GB, 10.5 inches, WI-FI, LTE, Black)",Samsung,Galaxy Tab A 10.5 (LTE),Tablets,26999,https://i.gadgets360cdn.com/products/large/1533188059_635_samsung_galaxy_tab_a_10_5_lte.jpg?downsize=*:180&amp;output-quality=80&amp;output-format=webp,https://gadgets.ndtv.com/samsung-galaxy-tab-a-10-5-lte-5578,45
12272,"iBall Slide Q45I Tablet (8GB, 7 Inches, WI-FI, Metallic Grey)",iBall,Slide 3G Q45i,Tablets,3899,https://drop.ndtv.com/TECH/product_database/images/125201615034PM_635_iball_slide_q45i.jpeg?downsize=*:180&amp;output-quality=80&amp;output-format=webp,https://gadgets.ndtv.com/iball-slide-3g-q45i-3255,44
12273,"Samsung Galaxy Tab A SM-T595NZBAINS Tablet (32GB, 10.5 inches, WI-FI, LTE, Blue)",Samsung,Galaxy Tab A 10.5 (LTE),Tablets,24990,https://i.gadgets360cdn.com/products/large/1533188059_635_samsung_galaxy_tab_a_10_5_lte.jpg?downsize=*:180&amp;output-quality=80&amp;output-format=webp,https://gadgets.ndtv.com/samsung-galaxy-tab-a-10-5-lte-5578,6
12274,"Lenovo Yoga Tab 3 Pro Tablet (64GB, 10.1 Inches, WI-FI, Puma Black)",Lenovo,Yoga Tab 3 Pro,Tablets,39999,https://drop.ndtv.com/TECH/product_database/images/932015115126AM_635_lenovo_yoga_tab_3_pro.jpeg?downsize=*:180&amp;output-quality=80&amp;output-format=webp,https://gadgets.ndtv.com/lenovo-yoga-tab-3-pro-2923,50
12275,"iBall Slide O900-C Tablet (16GB, 7.85 Inches, WI-FI, Black & Grey)",iBall,Slide O900-C,Tablets,5999,https://drop.ndtv.com/TECH/product_database/images/720201545851PM_635_iball_slide_o900_c.jpeg?downsize=*:180&amp;output-quality=80&amp;output-format=webp,https://gadgets.ndtv.com/iball-slide-o900-c-2799,6
12276,"Dell Venue 7 3741 Tablet (8GB, 7 Inches, WI-FI, Black)",Dell,Venue 7 3741,Tablets,5999,https://drop.ndtv.com/TECH/product_database/images/730201550404PM_635_dell_venue_3741.jpeg?downsize=*:180&amp;output-quality=80&amp;output-format=webp,https://gadgets.ndtv.com/dell-venue-7-3741-2828,25
12277,"Lenovo A8-50 Tablet (16GB, 8 Inches, WI-FI, Midnight Blue)",Lenovo,A8-50,Tablets,11990,https://drop.ndtv.com/TECH/product_database/images/104201452813PM_635_lenovo_a8_50.jpeg?downsize=*:180&amp;output-quality=80&amp;output-format=webp,https://gadgets.ndtv.com/lenovo-a8-50-1451,6
12278,"AOC D70V50G Tablet (8GB, 7 Inches, WI-FI, Black & Grey)",AOC,D70V50G,Tablets,3999,https://drop.ndtv.com/TECH/product_database/images/34201562944PM_635_aoc_d70v50g.jpeg?downsize=*:180&amp;output-quality=80&amp;output-format=webp,https://gadgets.ndtv.com/aoc-d70v50g-2486,20
12279,"Asus Zenpad 7.0 Z370CG-1L027A Tablet (16GB, 7 Inches, WI-FI, Metallic)",Asus,ZenPad 7.0 (Z370CG),Tablets,10990,https://cdn.gadgets360.com/content/assets/products/asus-zenpad-7-0-z370cg-2680_960X480_1433166596.jpg?downsize=*:180&amp;output-quality=80&amp;output-format=webp,https://gadgets.ndtv.com/asus-zenpad-7-0-z370cg-2680,26
12280,"Lenovo Yoga 2 TABLET-2-830LC Tablet (16GB, 8 Inches, WI-FI, Platinum)",Lenovo,"Yoga Tablet 2 (Android, 8-inch)",Tablets,22499,https://drop.ndtv.com/TECH/product_database/images/1016201431435PM_635_lenovo_yoga_tablet_2_android_8_inch.jpeg?downsize=*:180&amp;output-quality=80&amp;output-format=webp,https://gadgets.ndtv.com/lenovo-yoga-tablet-2-android-8-inch-2052,36
12281,"iBall Slide Q45I Tablet (16GB, 7 Inches, WI-FI, Coffee Gray)",iBall,Slide 3G Q45i,Tablets,5549,https://drop.ndtv.com/TECH/product_database/images/125201615034PM_635_iball_slide_q45i.jpeg?downsize=*:180&amp;output-quality=80&amp;output-format=webp,https://gadgets.ndtv.com/iball-slide-3g-q45i-3255,43
12282,"Lenovo Yoga Book Tablet (64GB, 10.1 Inches, WI-FI, Gunmetal Grey)",Lenovo,Yoga Book (Windows),Tablets,40000,https://drop.ndtv.com/TECH/product_database/images/912016114649AM_635_lenovo_yoga_boo_windows1.jpeg?downsize=*:180&amp;output-quality=80&amp;output-format=webp,https://gadgets.ndtv.com/lenovo-yoga-book-windows-3739,32
12283,"Intex Ibuddy 7DD01 Tablet (8GB, 7 Inches, WI-FI, Black)",Intex,I-Buddy IN-7DD01,Tablets,3999,https://drop.ndtv.com/TECH/product_database/images/712201655928PM_635_intex_i_buddy_in_7dd01.jpeg?downsize=*:180&amp;output-quality=80&amp;output-format=webp,https://gadgets.ndtv.com/intex-i-buddy-in-7dd01-3636,19
12284,"Lenovo Yoga Book Tablet (64GB, 10.1 Inches, WI-FI, Carbon Black)",Lenovo,Yoga Book (Windows),Tablets,45000,https://drop.ndtv.com/TECH/product_database/images/912016114649AM_635_lenovo_yoga_boo_windows1.jpeg?downsize=*:180&amp;output-quality=80&amp;output-format=webp,https://gadgets.ndtv.com/lenovo-yoga-book-windows-3739,26
12285,"Micromax Canvas P690 Tablet (8GB, 8 Inches, WI-FI, Grey)",Micromax,Canvas Tab P690,Tablets,6899,https://cdn.gadgets360.com/content/assets/products/micromax-canvas-tab-p690-2695_960X480_1434609245.jpg?downsize=*:180&amp;output-quality=80&amp;output-format=webp,https://gadgets.ndtv.com/micromax-canvas-tab-p690-2695,20
12286,"Samsung Galaxy Tab A Tablet (16GB, 9.7 Inches, WI-FI, Black)",Samsung,Galaxy Tab A,Tablets,69067,https://cdn.gadgets360.com/content/assets/products/samsung-galaxy-tab-a-2718_480X960_1434634122.jpg?downsize=*:180&amp;output-quality=80&amp;output-format=webp,https://gadgets.ndtv.com/samsung-galaxy-tab-a-2718,20
12287,"Swipe Ultimate Tablet (32GB, 10.1 Inches, WI-FI, Black)",Swipe,Ultimate Tab 3G,Tablets,25000,https://gadgets.ndtv.com/static/icons/tablet_icon.png?downsize=*:180&amp;output-quality=80&amp;output-format=webp,https://gadgets.ndtv.com/swipe-ultimate-tab-3g-2328,49
12288,"Intex Ibuddy 7DD01 Tablet (8GB, 7 Inches, WI-FI, White)",Intex,I-Buddy IN-7DD01,Tablets,6999,https://drop.ndtv.com/TECH/product_database/images/712201655928PM_635_intex_i_buddy_in_7dd01.jpeg?downsize=*:180&amp;output-quality=80&amp;output-format=webp,https://gadgets.ndtv.com/intex-i-buddy-in-7dd01-3636,18
12289,"Samsung Galaxy Tab S SM-T805NZWABTU Tablet (16GB, 10.5 Inches, WI-FI, Titanium Bronze)",Samsung,Galaxy Tab S 10.5 LTE,Tablets,40999,https://drop.ndtv.com/TECH/product_database/images/6132014124354PM_635_samsung_galaxy_tab_s_10_5_lte.jpeg?downsize=*:180&amp;output-quality=80&amp;output-format=webp,https://gadgets.ndtv.com/samsung-galaxy-tab-s-10-5-lte-1689,16
12290,"Lenovo Yoga Book Tablet (64GB, 10.1 Inches, WI-FI, Black)",Lenovo,Yoga Book (Windows),Tablets,40717,https://drop.ndtv.com/TECH/product_database/images/912016114649AM_635_lenovo_yoga_boo_windows1.jpeg?downsize=*:180&amp;output-quality=80&amp;output-format=webp,https://gadgets.ndtv.com/lenovo-yoga-book-windows-3739,20
12291,"Lenovo Yoga Book Tablet (64GB, 10.1 Inches, WI-FI, Grey)",Lenovo,Yoga Book (Windows),Tablets,34999,https://drop.ndtv.com/TECH/product_database/images/912016114649AM_635_lenovo_yoga_boo_windows1.jpeg?downsize=*:180&amp;output-quality=80&amp;output-format=webp,https://gadgets.ndtv.com/lenovo-yoga-book-windows-3739,10
12292,"Lenovo Yoga Book Tablet (64GB, 10.1 Inches, WI-FI, Gold)",Lenovo,Yoga Book (Windows),Tablets,40000,https://drop.ndtv.com/TECH/product_database/images/912016114649AM_635_lenovo_yoga_boo_windows1.jpeg?downsize=*:180&amp;output-quality=80&amp;output-format=webp,https://gadgets.ndtv.com/lenovo-yoga-book-windows-3739,41
12293,"iBall Slide NIMBLE-4GF Tablet (16GB, 8 Inches, WI-FI, Rose Gold)",iBall,Slide Nimble 4GF,Tablets,8999,https://gadgets.ndtv.com/static/icons/tablet_icon.png?downsize=*:180&amp;output-quality=80&amp;output-format=webp,https://gadgets.ndtv.com/iball-slide-nimble-4gf-3977,6
12294,"Lenovo Yoga Tab 3 Tablet (16GB, 8 Inches, WI-FI, Slate Black)",Lenovo,Yoga Tab 3 (8-inch) LTE,Tablets,35000,https://drop.ndtv.com/TECH/product_database/images/932015123853PM_635_lenovo_yoga_tablet_3_8_inch_lte.jpeg?downsize=*:180&amp;output-quality=80&amp;output-format=webp,https://gadgets.ndtv.com/lenovo-yoga-tab-3-8-inch-lte-2929,8
12295,"Micromax Canvas P666 Tablet (8GB, 8 Inches, WI-FI, Megnetic Black)",Micromax,Canvas Tab P666,Tablets,4490,https://cdn.gadgets360.com/content/assets/products/micromax-canvas-tab-p666-2172_960X480_1438858068.jpg?downsize=*:180&amp;output-quality=80&amp;output-format=webp,https://gadgets.ndtv.com/micromax-canvas-tab-p666-2172,30
12296,"Micromax Canvas P666 Tablet (8GB, 8 Inches, WI-FI, Black)",Micromax,Canvas Tab P666,Tablets,10900,https://cdn.gadgets360.com/content/assets/products/micromax-canvas-tab-p666-2172_960X480_1438858068.jpg?downsize=*:180&amp;output-quality=80&amp;output-format=webp,https://gadgets.ndtv.com/micromax-canvas-tab-p666-2172,49
12297,"LG G Pad II V940N Tablet (16GB, 10.1 inches, Wifi, Black)",LG,G Pad II 10.1 LTE,Tablets,48822,https://drop.ndtv.com/TECH/product_database/images/8242015114659AM_635_lg_g_pad_ii_10_1.jpeg?downsize=*:180&amp;output-quality=80&amp;output-format=webp,https://gadgets.ndtv.com/lg-g-pad-ii-10-1-lte-2887,14
12298,"iBall Slide A41 Tablet (16GB, 7 Inches, WI-FI, Charcoal Grey)",iBall,Slide Octa A41,Tablets,9799,https://cdn.gadgets360.com/content/assets/products/iball-slide-octa-a41-2204_960X480_1438858093.jpg?downsize=*:180&amp;output-quality=80&amp;output-format=webp,https://gadgets.ndtv.com/iball-slide-octa-a41-2204,28
12299,"Samsung Galaxy Tab 4 T231 Tablet (8GB, 7 Inches, WI-FI, White)",Samsung,Galaxy Tab4 7.0 3G,Tablets,9990,https://drop.ndtv.com/TECH/product_database/images/422014113332AM_635_samsung_galaxy_tab4_7.jpeg?downsize=*:180&amp;output-quality=80&amp;output-format=webp,https://gadgets.ndtv.com/samsung-galaxy-tab4-7-0-3g-1444,8
12300,"Micromax Funbook HD-P580 Tablet (8GB, 7.8 Inches, WI-FI, White)",Micromax,Funbook Ultra HD,Tablets,8786,https://drop.ndtv.com/TECH/product_database/images/328201421845PM_635_micromax_funbook_ultra_hd_p580.jpeg?downsize=*:180&amp;output-quality=80&amp;output-format=webp,https://gadgets.ndtv.com/micromax-funbook-ultra-hd-1429,30
12528,"Samsung Galaxy Smartwatch (Black Strap, 46mm)",Samsung,Galaxy Smartwatch,Wearables,14990,https://i.gadgets360cdn.com/products/wearables/large/1551968958_832_samsung_galaxy-smartwatch.jpg?downsize=*:180&amp;output-quality=80&amp;output-format=webp,https://gadgets.ndtv.com/samsung-galaxy-smartwatch-12287,48
12529,"Samsung Galaxy Smartwatch (Beige Strap, 42mm)",Samsung,Galaxy Smartwatch,Wearables,15990,https://i.gadgets360cdn.com/products/wearables/large/1551968958_832_samsung_galaxy-smartwatch.jpg?downsize=*:180&amp;output-quality=80&amp;output-format=webp,https://gadgets.ndtv.com/samsung-galaxy-smartwatch-12287,50
12530,"Xiaomi Mi Watch Revolve Smartwatch (Black Strap, 36mm)",Xiaomi,Mi Watch Revolve,Wearables,10999,https://i.gadgets360cdn.com/products/large/Mi-Watch-Revolve-DB-437x800-1601366021.jpg?downsize=*:180&amp;output-quality=80&amp;output-format=webp,https://gadgets.ndtv.com/xiaomi-mi-watch-revolve-price-in-india-97503,19
12531,"Xiaomi Mi Watch Revolve Smartwatch (Blue Strap, 36mm)",Xiaomi,Mi Watch Revolve,Wearables,10990,https://i.gadgets360cdn.com/products/large/Mi-Watch-Revolve-DB-437x800-1601366021.jpg?downsize=*:180&amp;output-quality=80&amp;output-format=webp,https://gadgets.ndtv.com/xiaomi-mi-watch-revolve-price-in-india-97503,44
12532,"Samsung Galaxy Smartwatch (Black Strap, 42mm)",Samsung,Galaxy Smartwatch,Wearables,19890,https://i.gadgets360cdn.com/products/wearables/large/1551968958_832_samsung_galaxy-smartwatch.jpg?downsize=*:180&amp;output-quality=80&amp;output-format=webp,https://gadgets.ndtv.com/samsung-galaxy-smartwatch-12287,31
12533,"Samsung Galaxy Smartwatch (Rose Gold Strap, 42mm)",Samsung,Galaxy Smartwatch,Wearables,87985,https://i.gadgets360cdn.com/products/wearables/large/1551968958_832_samsung_galaxy-smartwatch.jpg?downsize=*:180&amp;output-quality=80&amp;output-format=webp,https://gadgets.ndtv.com/samsung-galaxy-smartwatch-12287,45
12534,"Samsung Galaxy Watch Active Smartwatch (Black Strap, 40mm)",Samsung,Galaxy Watch Active,Wearables,18990,https://i.gadgets360cdn.com/products/large/samsung-galaxy-watch-active-main-448x800-1561459523.jpg?downsize=*:180&amp;output-quality=80&amp;output-format=webp,https://gadgets.ndtv.com/samsung-galaxy-watch-active-price-in-india-13151,43
12535,"Samsung Galaxy Watch Active Smartwatch (Rose Gold Strap, 40mm)",Samsung,Galaxy Watch Active,Wearables,31999,https://i.gadgets360cdn.com/products/large/samsung-galaxy-watch-active-main-448x800-1561459523.jpg?downsize=*:180&amp;output-quality=80&amp;output-format=webp,https://gadgets.ndtv.com/samsung-galaxy-watch-active-price-in-india-13151,38
12536,"Samsung Galaxy Watch Active Smartwatch (Silver Strap, 40mm)",Samsung,Galaxy Watch Active,Wearables,18990,https://i.gadgets360cdn.com/products/large/samsung-galaxy-watch-active-main-448x800-1561459523.jpg?downsize=*:180&amp;output-quality=80&amp;output-format=webp,https://gadgets.ndtv.com/samsung-galaxy-watch-active-price-in-india-13151,26
12537,"Fossil Q Founder Smartwatch (Silver Strap, 45mm)",Fossil,Q Founder Smartwatch,Wearables,5999,https://i.gadgets360cdn.com/products/wearables/large/1551968938_832_fossil_q-founder-smartwatch.jpg?downsize=*:180&amp;output-quality=80&amp;output-format=webp,https://gadgets.ndtv.com/fossil-q-founder-smartwatch-12266,25
12538,"Fossil Q Founder Smartwatch (Maroon Strap, 45mm)",Fossil,Q Founder Smartwatch,Wearables,9497,https://i.gadgets360cdn.com/products/wearables/large/1551968938_832_fossil_q-founder-smartwatch.jpg?downsize=*:180&amp;output-quality=80&amp;output-format=webp,https://gadgets.ndtv.com/fossil-q-founder-smartwatch-12266,8
12539,"Fossil Q Founder Smartwatch (Black Strap, 45mm)",Fossil,Q Founder Smartwatch,Wearables,9997,https://i.gadgets360cdn.com/products/wearables/large/1551968938_832_fossil_q-founder-smartwatch.jpg?downsize=*:180&amp;output-quality=80&amp;output-format=webp,https://gadgets.ndtv.com/fossil-q-founder-smartwatch-12266,7
12540,"Fossil Q Founder Smartwatch (White Strap, 45mm)",Fossil,Q Founder Smartwatch,Wearables,18995,https://i.gadgets360cdn.com/products/wearables/large/1551968938_832_fossil_q-founder-smartwatch.jpg?downsize=*:180&amp;output-quality=80&amp;output-format=webp,https://gadgets.ndtv.com/fossil-q-founder-smartwatch-12266,14
12541,"Fossil Q Founder Smartwatch (Brown Strap, 45mm)",Fossil,Q Founder Smartwatch,Wearables,59999,https://i.gadgets360cdn.com/products/wearables/large/1551968938_832_fossil_q-founder-smartwatch.jpg?downsize=*:180&amp;output-quality=80&amp;output-format=webp,https://gadgets.ndtv.com/fossil-q-founder-smartwatch-12266,12
12542,"Puma PT9100 Smartwatch (Black Strap, 31mm)",Puma,Smartwatch,Wearables,19995,https://i.gadgets360cdn.com/products/large/puma-smartwatch-db-513x800-1580725547.jpeg?downsize=*:180&amp;output-quality=80&amp;output-format=webp,https://gadgets.ndtv.com/puma-smartwatch-pt9100-price-in-india-91518,41
12543,"Puma PT9101 Smartwatch (Yellow Strap, 31mm)",Puma,Smartwatch,Wearables,13997,https://i.gadgets360cdn.com/products/large/puma-smartwatch-db-513x800-1580725547.jpeg?downsize=*:180&amp;output-quality=80&amp;output-format=webp,https://gadgets.ndtv.com/puma-smartwatch-pt9100-price-in-india-91518,16
12544,"Puma PT9102 Smartwatch (White Strap, 31mm)",Puma,Smartwatch,Wearables,13997,https://i.gadgets360cdn.com/products/large/puma-smartwatch-db-513x800-1580725547.jpeg?downsize=*:180&amp;output-quality=80&amp;output-format=webp,https://gadgets.ndtv.com/puma-smartwatch-pt9100-price-in-india-91518,43
12545,Smartron t.band Smartband (Black),Smartron,t.band Smart Band,Wearables,699,https://i.gadgets360cdn.com/products/large/Smartron-t-band-832x558-1573195941.jpg?downsize=*:180&amp;output-quality=80&amp;output-format=webp,https://gadgets.ndtv.com/smartron-t-band-smart-band-price-in-india-84260,31
12546,"Apple Watch Series 6 GPS + Cellular Smartwatch (Graphite Milanese Strap, 44mm)",Apple,Watch Series 6 GPS + Cellular,Wearables,77900,https://i.gadgets360cdn.com/products/large/apple-watch-series-6-cellular-558x800-1600234981.jpg?downsize=*:180&amp;output-quality=80&amp;output-format=webp,https://gadgets.ndtv.com/apple-watch-series-6-gps-plus-cellular-price-in-india-97139,14
12547,"Apple Watch Series 4 GPS + Cellular Smartwatch (Pink Strap, 44mm)",Apple,Watch Series 4 GPS + Cellular Smartwatch,Wearables,52900,https://i.gadgets360cdn.com/products/wearables/large/1551968932_832_apple_watch-series-4-gps-cellular-smartwatch.jpg?downsize=*:180&amp;output-quality=80&amp;output-format=webp,https://gadgets.ndtv.com/apple-watch-series-4-gps-cellular-smartwatch-12258,40
12548,"Apple Watch Series 4 GPS + Cellular Smartwatch (Silver Strap, 44mm)",Apple,Watch Series 4 GPS + Cellular Smartwatch,Wearables,52900,https://i.gadgets360cdn.com/products/wearables/large/1551968932_832_apple_watch-series-4-gps-cellular-smartwatch.jpg?downsize=*:180&amp;output-quality=80&amp;output-format=webp,https://gadgets.ndtv.com/apple-watch-series-4-gps-cellular-smartwatch-12258,30
12549,"Apple Watch Series 4 GPS + Cellular Smartwatch (Black Strap, 44mm)",Apple,Watch Series 4 GPS + Cellular Smartwatch,Wearables,52900,https://i.gadgets360cdn.com/products/wearables/large/1551968932_832_apple_watch-series-4-gps-cellular-smartwatch.jpg?downsize=*:180&amp;output-quality=80&amp;output-format=webp,https://gadgets.ndtv.com/apple-watch-series-4-gps-cellular-smartwatch-12258,44
12550,"Apple Watch Series 6 GPS + Cellular Smartwatch (Black Strap, 44mm)",Apple,Watch Series 6 GPS + Cellular,Wearables,73900,https://i.gadgets360cdn.com/products/large/apple-watch-series-6-cellular-558x800-1600234981.jpg?downsize=*:180&amp;output-quality=80&amp;output-format=webp,https://gadgets.ndtv.com/apple-watch-series-6-gps-plus-cellular-price-in-india-97139,29
12551,"Apple Watch Series 4 GPS + Cellular Smartwatch (White Strap, 44mm)",Apple,Watch Series 4 GPS + Cellular Smartwatch,Wearables,49990,https://i.gadgets360cdn.com/products/wearables/large/1551968932_832_apple_watch-series-4-gps-cellular-smartwatch.jpg?downsize=*:180&amp;output-quality=80&amp;output-format=webp,https://gadgets.ndtv.com/apple-watch-series-4-gps-cellular-smartwatch-12258,18
12552,"Apple Watch Series 4 GPS + Cellular Smartwatch (Pink Strap, 40mm)",Apple,Watch Series 4 GPS + Cellular Smartwatch,Wearables,49900,https://i.gadgets360cdn.com/products/wearables/large/1551968932_832_apple_watch-series-4-gps-cellular-smartwatch.jpg?downsize=*:180&amp;output-quality=80&amp;output-format=webp,https://gadgets.ndtv.com/apple-watch-series-4-gps-cellular-smartwatch-12258,9
12553,"Apple Watch Series 6 GPS + Cellular Smartwatch (Gold Milanese Strap, 40mm)",Apple,Watch Series 6 GPS + Cellular,Wearables,73900,https://i.gadgets360cdn.com/products/large/apple-watch-series-6-cellular-558x800-1600234981.jpg?downsize=*:180&amp;output-quality=80&amp;output-format=webp,https://gadgets.ndtv.com/apple-watch-series-6-gps-plus-cellular-price-in-india-97139,43
12554,"Apple Watch Series 6 GPS + Cellular Smartwatch (Silver Milanese Strap, 40mm)",Apple,Watch Series 6 GPS + Cellular,Wearables,73900,https://i.gadgets360cdn.com/products/large/apple-watch-series-6-cellular-558x800-1600234981.jpg?downsize=*:180&amp;output-quality=80&amp;output-format=webp,https://gadgets.ndtv.com/apple-watch-series-6-gps-plus-cellular-price-in-india-97139,19
12555,"Apple Watch Series 4 GPS + Cellular Smartwatch (Black Strap, 40mm)",Apple,Watch Series 4 GPS + Cellular Smartwatch,Wearables,49900,https://i.gadgets360cdn.com/products/wearables/large/1551968932_832_apple_watch-series-4-gps-cellular-smartwatch.jpg?downsize=*:180&amp;output-quality=80&amp;output-format=webp,https://gadgets.ndtv.com/apple-watch-series-4-gps-cellular-smartwatch-12258,8
12556,"Apple Watch Series 4 GPS + Cellular Smartwatch (White Strap, 40mm)",Apple,Watch Series 4 GPS + Cellular Smartwatch,Wearables,49900,https://i.gadgets360cdn.com/products/wearables/large/1551968932_832_apple_watch-series-4-gps-cellular-smartwatch.jpg?downsize=*:180&amp;output-quality=80&amp;output-format=webp,https://gadgets.ndtv.com/apple-watch-series-4-gps-cellular-smartwatch-12258,10
12557,"Apple Watch Series 6 GPS + Cellular Smartwatch (Cyprus Green Strap, 44mm)",Apple,Watch Series 6 GPS + Cellular,Wearables,73900,https://i.gadgets360cdn.com/products/large/apple-watch-series-6-cellular-558x800-1600234981.jpg?downsize=*:180&amp;output-quality=80&amp;output-format=webp,https://gadgets.ndtv.com/apple-watch-series-6-gps-plus-cellular-price-in-india-97139,41
12558,"Apple Watch Series 6 GPS + Cellular Smartwatch (Cyprus Green Strap, 40mm)",Apple,Watch Series 6 GPS + Cellular,Wearables,69900,https://i.gadgets360cdn.com/products/large/apple-watch-series-6-cellular-558x800-1600234981.jpg?downsize=*:180&amp;output-quality=80&amp;output-format=webp,https://gadgets.ndtv.com/apple-watch-series-6-gps-plus-cellular-price-in-india-97139,29
12559,"Apple Watch Series 4 GPS + Cellular Smartwatch (Beige Strap, 44mm)",Apple,Watch Series 4 GPS + Cellular Smartwatch,Wearables,53990,https://i.gadgets360cdn.com/products/wearables/large/1551968932_832_apple_watch-series-4-gps-cellular-smartwatch.jpg?downsize=*:180&amp;output-quality=80&amp;output-format=webp,https://gadgets.ndtv.com/apple-watch-series-4-gps-cellular-smartwatch-12258,40
12560,"Apple Watch Series 6 GPS + Cellular Smartwatch (Pink Sand Strap, 44mm)",Apple,Watch Series 6 GPS + Cellular,Wearables,52900,https://i.gadgets360cdn.com/products/large/apple-watch-series-6-cellular-558x800-1600234981.jpg?downsize=*:180&amp;output-quality=80&amp;output-format=webp,https://gadgets.ndtv.com/apple-watch-series-6-gps-plus-cellular-price-in-india-97139,50
12561,"Apple Watch Series 6 GPS + Cellular Smartwatch (White Strap, 40mm)",Apple,Watch Series 6 GPS + Cellular,Wearables,49900,https://i.gadgets360cdn.com/products/large/apple-watch-series-6-cellular-558x800-1600234981.jpg?downsize=*:180&amp;output-quality=80&amp;output-format=webp,https://gadgets.ndtv.com/apple-watch-series-6-gps-plus-cellular-price-in-india-97139,11
12562,"Apple Watch Series 6 GPS + Cellular Smartwatch (Red Strap, 40mm)",Apple,Watch Series 6 GPS + Cellular,Wearables,49900,https://i.gadgets360cdn.com/products/large/apple-watch-series-6-cellular-558x800-1600234981.jpg?downsize=*:180&amp;output-quality=80&amp;output-format=webp,https://gadgets.ndtv.com/apple-watch-series-6-gps-plus-cellular-price-in-india-97139,48
12563,"Apple Watch Series 6 GPS + Cellular Smartwatch (White Strap, 44mm)",Apple,Watch Series 6 GPS + Cellular,Wearables,73900,https://i.gadgets360cdn.com/products/large/apple-watch-series-6-cellular-558x800-1600234981.jpg?downsize=*:180&amp;output-quality=80&amp;output-format=webp,https://gadgets.ndtv.com/apple-watch-series-6-gps-plus-cellular-price-in-india-97139,18
12564,"Apple Watch Series 4 GPS + Cellular Smartwatch (Beige Strap, 40mm)",Apple,Watch Series 4 GPS + Cellular Smartwatch,Wearables,67900,https://i.gadgets360cdn.com/products/wearables/large/1551968932_832_apple_watch-series-4-gps-cellular-smartwatch.jpg?downsize=*:180&amp;output-quality=80&amp;output-format=webp,https://gadgets.ndtv.com/apple-watch-series-4-gps-cellular-smartwatch-12258,50
12565,"Apple Watch Series 4 GPS Smartwatch (Pink Strap, 44mm)",Apple,Watch Series 4 GPS Smartwatch,Wearables,36990,https://i.gadgets360cdn.com/products/wearables/large/1551968933_832_apple_watch-series-4-gps-smartwatch.jpg?downsize=*:180&amp;output-quality=80&amp;output-format=webp,https://gadgets.ndtv.com/apple-watch-series-4-gps-smartwatch-12259,20
12566,"Apple Watch Series 4 GPS Smartwatch (White Strap, 44mm)",Apple,Watch Series 4 GPS Smartwatch,Wearables,43900,https://i.gadgets360cdn.com/products/wearables/large/1551968933_832_apple_watch-series-4-gps-smartwatch.jpg?downsize=*:180&amp;output-quality=80&amp;output-format=webp,https://gadgets.ndtv.com/apple-watch-series-4-gps-smartwatch-12259,15
12567,"Apple Watch Series 4 GPS Smartwatch (White Strap, 40mm)",Apple,Watch Series 4 GPS Smartwatch,Wearables,34990,https://i.gadgets360cdn.com/products/wearables/large/1551968933_832_apple_watch-series-4-gps-smartwatch.jpg?downsize=*:180&amp;output-quality=80&amp;output-format=webp,https://gadgets.ndtv.com/apple-watch-series-4-gps-smartwatch-12259,22
12568,"Apple Watch Series 4 GPS Smartwatch (Grey Strap, 40mm)",Apple,Watch Series 4 GPS Smartwatch,Wearables,38990,https://i.gadgets360cdn.com/products/wearables/large/1551968933_832_apple_watch-series-4-gps-smartwatch.jpg?downsize=*:180&amp;output-quality=80&amp;output-format=webp,https://gadgets.ndtv.com/apple-watch-series-4-gps-smartwatch-12259,25
12569,"Apple Watch Series 4 GPS Smartwatch (Pink Strap, 40mm)",Apple,Watch Series 4 GPS Smartwatch,Wearables,40899,https://i.gadgets360cdn.com/products/wearables/large/1551968933_832_apple_watch-series-4-gps-smartwatch.jpg?downsize=*:180&amp;output-quality=80&amp;output-format=webp,https://gadgets.ndtv.com/apple-watch-series-4-gps-smartwatch-12259,47
12570,"Apple Watch Series 4 GPS Smartwatch (Black Strap, 40mm)",Apple,Watch Series 4 GPS Smartwatch,Wearables,40900,https://i.gadgets360cdn.com/products/wearables/large/1551968933_832_apple_watch-series-4-gps-smartwatch.jpg?downsize=*:180&amp;output-quality=80&amp;output-format=webp,https://gadgets.ndtv.com/apple-watch-series-4-gps-smartwatch-12259,31
12571,"Apple Watch Series 4 GPS Smartwatch (Black Strap, 44mm)",Apple,Watch Series 4 GPS Smartwatch,Wearables,40990,https://i.gadgets360cdn.com/products/wearables/large/1551968933_832_apple_watch-series-4-gps-smartwatch.jpg?downsize=*:180&amp;output-quality=80&amp;output-format=webp,https://gadgets.ndtv.com/apple-watch-series-4-gps-smartwatch-12259,15
12572,"Apple Watch Series 4 GPS Smartwatch (Gold Strap, 44mm)",Apple,Watch Series 4 GPS Smartwatch,Wearables,43900,https://i.gadgets360cdn.com/products/wearables/large/1551968933_832_apple_watch-series-4-gps-smartwatch.jpg?downsize=*:180&amp;output-quality=80&amp;output-format=webp,https://gadgets.ndtv.com/apple-watch-series-4-gps-smartwatch-12259,46
12573,Xiaomi Mi Smartband 3 (Black),Mi,Band 3,Wearables,1990,https://i.gadgets360cdn.com/products/large/Mi-Band-3-832x558-1573195736.jpg?downsize=*:180&amp;output-quality=80&amp;output-format=webp,https://gadgets.ndtv.com/mi-smart-band-3-price-in-india-84261,5
12574,"Apple Watch Series 3 GPS Smartwatch (Brown Strap, 42mm)",Apple,Watch Series 3 GPS Smartwatch,Wearables,60900,https://i.gadgets360cdn.com/products/wearables/large/1551968931_832_apple_watch-series-3-gps-smartwatch.jpg?downsize=*:180&amp;output-quality=80&amp;output-format=webp,https://gadgets.ndtv.com/apple-watch-series-3-gps-smartwatch-12257,30
12575,"Apple Watch Series 3 GPS Smartwatch (Blue Strap, 38mm)",Apple,Watch Series 3 GPS Smartwatch,Wearables,60900,https://i.gadgets360cdn.com/products/wearables/large/1551968931_832_apple_watch-series-3-gps-smartwatch.jpg?downsize=*:180&amp;output-quality=80&amp;output-format=webp,https://gadgets.ndtv.com/apple-watch-series-3-gps-smartwatch-12257,28
12576,"Apple Watch Series 3 GPS Smartwatch (Pink Strap, 38mm)",Apple,Watch Series 3 GPS Smartwatch,Wearables,29900,https://i.gadgets360cdn.com/products/wearables/large/1551968931_832_apple_watch-series-3-gps-smartwatch.jpg?downsize=*:180&amp;output-quality=80&amp;output-format=webp,https://gadgets.ndtv.com/apple-watch-series-3-gps-smartwatch-12257,15
12577,"Apple Watch Series 3 GPS Smartwatch (Space Grey Strap, 42mm)",Apple,Watch Series 3 GPS Smartwatch,Wearables,23900,https://i.gadgets360cdn.com/products/wearables/large/1551968931_832_apple_watch-series-3-gps-smartwatch.jpg?downsize=*:180&amp;output-quality=80&amp;output-format=webp,https://gadgets.ndtv.com/apple-watch-series-3-gps-smartwatch-12257,48
12578,"Apple Watch Series 3 GPS Smartwatch (Black Strap, 42mm)",Apple,Watch Series 3 GPS Smartwatch,Wearables,21900,https://i.gadgets360cdn.com/products/wearables/large/1551968931_832_apple_watch-series-3-gps-smartwatch.jpg?downsize=*:180&amp;output-quality=80&amp;output-format=webp,https://gadgets.ndtv.com/apple-watch-series-3-gps-smartwatch-12257,11
12579,Apple Watch Series 5 GPS + Cellular Smartwatch (44mm),Apple,Watch Series 5 GPS + Cellular,Wearables,52900,https://i.gadgets360cdn.com/products/large/apple-watch-series-5-gps-cellular-467x800-1568269203.jpg?downsize=*:180&amp;output-quality=80&amp;output-format=webp,https://gadgets.ndtv.com/apple-watch-series-5-gps-plus-cellular-price-in-india-91118,36
12580,"Apple Watch Series 3 GPS Smartwatch (Black Strap, 38mm)",Apple,Watch Series 3 GPS Smartwatch,Wearables,20900,https://i.gadgets360cdn.com/products/wearables/large/1551968931_832_apple_watch-series-3-gps-smartwatch.jpg?downsize=*:180&amp;output-quality=80&amp;output-format=webp,https://gadgets.ndtv.com/apple-watch-series-3-gps-smartwatch-12257,27
12581,Apple Watch Series 5 GPS + Cellular Smartwatch (40mm),Apple,Watch Series 5 GPS + Cellular,Wearables,49900,https://i.gadgets360cdn.com/products/large/apple-watch-series-5-gps-cellular-467x800-1568269203.jpg?downsize=*:180&amp;output-quality=80&amp;output-format=webp,https://gadgets.ndtv.com/apple-watch-series-5-gps-plus-cellular-price-in-india-91118,13
12582,"Amazfit Bip Smartwatch (Blue Strap, 32mm)",Amazfit,Bip Smartwatch,Wearables,5985,https://i.gadgets360cdn.com/products/wearables/large/1551968923_832_amazfit_bip-smartwatch.jpg?downsize=*:180&amp;output-quality=80&amp;output-format=webp,https://gadgets.ndtv.com/amazfit-bip-smartwatch-12250,27
12583,"Amazfit Bip Smartwatch (White Strap, 32mm)",Amazfit,Bip Smartwatch,Wearables,5499,https://i.gadgets360cdn.com/products/wearables/large/1551968923_832_amazfit_bip-smartwatch.jpg?downsize=*:180&amp;output-quality=80&amp;output-format=webp,https://gadgets.ndtv.com/amazfit-bip-smartwatch-12250,46
12584,"Amazfit Bip Smartwatch (Black Strap, 32mm)",Amazfit,Bip Smartwatch,Wearables,4699,https://i.gadgets360cdn.com/products/wearables/large/1551968923_832_amazfit_bip-smartwatch.jpg?downsize=*:180&amp;output-quality=80&amp;output-format=webp,https://gadgets.ndtv.com/amazfit-bip-smartwatch-12250,6
12585,"Apple Watch Series 3 GPS Smartwatch (Space Grey Strap, 38mm)",Apple,Watch Series 3 GPS Smartwatch,Wearables,20900,https://i.gadgets360cdn.com/products/wearables/large/1551968931_832_apple_watch-series-3-gps-smartwatch.jpg?downsize=*:180&amp;output-quality=80&amp;output-format=webp,https://gadgets.ndtv.com/apple-watch-series-3-gps-smartwatch-12257,27
12586,"Apple Watch SE GPS + Cellular Smartwatch (Black Strap, 44mm)",Apple,Watch SE GPS + Cellular,Wearables,36900,https://i.gadgets360cdn.com/products/large/apple-watch-se-gps-cellular-560x800-1600235813.jpg?downsize=*:180&amp;output-quality=80&amp;output-format=webp,https://gadgets.ndtv.com/apple-watch-se-gps-plus-cellular-price-in-india-97141,15
12587,"Oppo Watch (46mm) Smartwatch (Gold Strap, 46mm)",Oppo,Watch (46mm),Wearables,19990,https://i.gadgets360cdn.com/products/large/oppo-watch-46-712x800-1583500363.jpg?downsize=*:180&amp;output-quality=80&amp;output-format=webp,https://gadgets.ndtv.com/oppo-watch-46mm-price-in-india-91762,29
12588,"Oppo Watch (46mm) Smartwatch (Black Strap, 46mm)",Oppo,Watch (46mm),Wearables,19990,https://i.gadgets360cdn.com/products/large/oppo-watch-46-712x800-1583500363.jpg?downsize=*:180&amp;output-quality=80&amp;output-format=webp,https://gadgets.ndtv.com/oppo-watch-46mm-price-in-india-91762,6
12589,"Apple Watch SE GPS + Cellular Smartwatch (Pink Sand Strap, 44mm)",Apple,Watch SE GPS + Cellular,Wearables,36900,https://i.gadgets360cdn.com/products/large/apple-watch-se-gps-cellular-560x800-1600235813.jpg?downsize=*:180&amp;output-quality=80&amp;output-format=webp,https://gadgets.ndtv.com/apple-watch-se-gps-plus-cellular-price-in-india-97141,6
12590,Fitbit Charge 2 Smartband (Black/Silver),Fitbit,Charge 2 Smart Band,Wearables,13475,https://i.gadgets360cdn.com/products/large/Fitbit-Charge-2-832x558-1573194270.jpg?downsize=*:180&amp;output-quality=80&amp;output-format=webp,https://gadgets.ndtv.com/fitbit-charge-2-smart-band-price-in-india-83737,42
12591,"Apple Watch SE GPS + Cellular Smartwatch (Deep Navy Strap, 44mm)",Apple,Watch SE GPS + Cellular,Wearables,36900,https://i.gadgets360cdn.com/products/large/apple-watch-se-gps-cellular-560x800-1600235813.jpg?downsize=*:180&amp;output-quality=80&amp;output-format=webp,https://gadgets.ndtv.com/apple-watch-se-gps-plus-cellular-price-in-india-97141,31
12592,"Samsung Galaxy Active 2 4G Smartwatch (Cloud Silver Strap, 44mm)",Samsung,Galaxy Watch Active 2 4G (44mm),Wearables,30990,https://i.gadgets360cdn.com/products/large/samsung-galaxy-watch-active-2-419x800-1577105214.jpg?downsize=*:180&amp;output-quality=80&amp;output-format=webp,https://gadgets.ndtv.com/samsung-galaxy-watch-active-2-4g-44mm-price-in-india-91381,10
12593,"Samsung Galaxy Active 2 4G Smartwatch (Pink Gold Strap, 44mm)",Samsung,Galaxy Watch Active 2 4G (44mm),Wearables,19999,https://i.gadgets360cdn.com/products/large/samsung-galaxy-watch-active-2-419x800-1577105214.jpg?downsize=*:180&amp;output-quality=80&amp;output-format=webp,https://gadgets.ndtv.com/samsung-galaxy-watch-active-2-4g-44mm-price-in-india-91381,35
12594,"Samsung Galaxy Active 2 4G Smartwatch (Aqua Black Strap, 44mm)",Samsung,Galaxy Watch Active 2 4G (44mm),Wearables,19699,https://i.gadgets360cdn.com/products/large/samsung-galaxy-watch-active-2-419x800-1577105214.jpg?downsize=*:180&amp;output-quality=80&amp;output-format=webp,https://gadgets.ndtv.com/samsung-galaxy-watch-active-2-4g-44mm-price-in-india-91381,33
12595,"Apple Watch Series 6 GPS Smartwatch (Red Strap, 44mm)",Apple,Watch Series 6 GPS,Wearables,43900,https://i.gadgets360cdn.com/products/large/apple-watch-series-6-gps-563x800-1600234592.jpg?downsize=*:180&amp;output-quality=80&amp;output-format=webp,https://gadgets.ndtv.com/apple-watch-series-6-gps-price-in-india-97138,33
12596,"Apple Watch Series 6 GPS Smartwatch (Pink Sand Strap, 44mm)",Apple,Watch Series 6 GPS,Wearables,43900,https://i.gadgets360cdn.com/products/large/apple-watch-series-6-gps-563x800-1600234592.jpg?downsize=*:180&amp;output-quality=80&amp;output-format=webp,https://gadgets.ndtv.com/apple-watch-series-6-gps-price-in-india-97138,5
12597,"Apple Watch Series 6 GPS Smartwatch (White Strap, 44mm)",Apple,Watch Series 6 GPS,Wearables,43900,https://i.gadgets360cdn.com/products/large/apple-watch-series-6-gps-563x800-1600234592.jpg?downsize=*:180&amp;output-quality=80&amp;output-format=webp,https://gadgets.ndtv.com/apple-watch-series-6-gps-price-in-india-97138,46
12598,"Apple Watch SE GPS + Cellular Smartwatch (White Strap, 44mm)",Apple,Watch SE GPS + Cellular,Wearables,36900,https://i.gadgets360cdn.com/products/large/apple-watch-se-gps-cellular-560x800-1600235813.jpg?downsize=*:180&amp;output-quality=80&amp;output-format=webp,https://gadgets.ndtv.com/apple-watch-se-gps-plus-cellular-price-in-india-97141,7
12599,"Apple Watch Series 6 GPS Smartwatch (Black Strap, 40mm)",Apple,Watch Series 6 GPS,Wearables,40900,https://i.gadgets360cdn.com/products/large/apple-watch-series-6-gps-563x800-1600234592.jpg?downsize=*:180&amp;output-quality=80&amp;output-format=webp,https://gadgets.ndtv.com/apple-watch-series-6-gps-price-in-india-97138,32
12600,Fitbit Charge 2 Smartband (Black),Fitbit,Charge 2 Smart Band,Wearables,7498,https://i.gadgets360cdn.com/products/large/Fitbit-Charge-2-832x558-1573194270.jpg?downsize=*:180&amp;output-quality=80&amp;output-format=webp,https://gadgets.ndtv.com/fitbit-charge-2-smart-band-price-in-india-83737,21
12601,Fitbit Charge 2 Smartband (Blue),Fitbit,Charge 2 Smart Band,Wearables,7499,https://i.gadgets360cdn.com/products/large/Fitbit-Charge-2-832x558-1573194270.jpg?downsize=*:180&amp;output-quality=80&amp;output-format=webp,https://gadgets.ndtv.com/fitbit-charge-2-smart-band-price-in-india-83737,43
12602,"Apple Watch Series 6 GPS Smartwatch (Red Strap, 40mm)",Apple,Watch Series 6 GPS,Wearables,40900,https://i.gadgets360cdn.com/products/large/apple-watch-series-6-gps-563x800-1600234592.jpg?downsize=*:180&amp;output-quality=80&amp;output-format=webp,https://gadgets.ndtv.com/apple-watch-series-6-gps-price-in-india-97138,16
12603,"Samsung Galaxy Watch 3 4G Smartwatch (Black Strap, 45mm)",Samsung,Galaxy Watch 3 4G (45mm),Wearables,32990,https://i.gadgets360cdn.com/products/large/Galaxy-Watch-3-45mm-4G-DB-552x800-1596688704.jpg?downsize=*:180&amp;output-quality=80&amp;output-format=webp,https://gadgets.ndtv.com/samsung-galaxy-watch-3-4g-45mm-price-in-india-96372,29
12604,Fitbit Charge 2 Smartband (Violet),Fitbit,Charge 2 Smart Band,Wearables,14999,https://i.gadgets360cdn.com/products/large/Fitbit-Charge-2-832x558-1573194270.jpg?downsize=*:180&amp;output-quality=80&amp;output-format=webp,https://gadgets.ndtv.com/fitbit-charge-2-smart-band-price-in-india-83737,37
12605,Apple Watch Series 5 GPS Smartwatch (40mm),Apple,Watch Series 5 GPS,Wearables,40900,https://i.gadgets360cdn.com/products/large/apple-watch-series-5-gps-472x800-1568268941.jpg?downsize=*:180&amp;output-quality=80&amp;output-format=webp,https://gadgets.ndtv.com/apple-watch-series-5-gps-price-in-india-91117,50
12606,Apple Watch Series 5 GPS Smartwatch (44mm),Apple,Watch Series 5 GPS,Wearables,43900,https://i.gadgets360cdn.com/products/large/apple-watch-series-5-gps-472x800-1568268941.jpg?downsize=*:180&amp;output-quality=80&amp;output-format=webp,https://gadgets.ndtv.com/apple-watch-series-5-gps-price-in-india-91117,21
12607,"Amazfit Stratos Smartwatch (Black Strap, 32mm)",Amazfit,Stratos Smartwatch,Wearables,12999,https://i.gadgets360cdn.com/products/wearables/large/1551968925_832_amazfit_stratos-smartwatch.jpg?downsize=*:180&amp;output-quality=80&amp;output-format=webp,https://gadgets.ndtv.com/amazfit-stratos-smartwatch-12252,39
12608,Fitbit Charge 2 Smartband (Light Blue),Fitbit,Charge 2 Smart Band,Wearables,14999,https://i.gadgets360cdn.com/products/large/Fitbit-Charge-2-832x558-1573194270.jpg?downsize=*:180&amp;output-quality=80&amp;output-format=webp,https://gadgets.ndtv.com/fitbit-charge-2-smart-band-price-in-india-83737,10
12609,"Realme Watch S Pro Smartwatch (Black Strap, 35mm)",Realme,Watch S Pro,Wearables,9999,https://i.gadgets360cdn.com/products/large/realme-watch-s-pro-db-800x800-1608709692.jpg?downsize=*:180&amp;output-quality=80&amp;output-format=webp,https://gadgets.ndtv.com/realme-watch-s-pro-price-in-india-98897,25
12610,"Apple Watch SE GPS Smartwatch (White Strap, 44mm)",Apple,Watch SE GPS,Wearables,32900,https://i.gadgets360cdn.com/products/large/apple-watch-se-db-571x800-1600235365.jpg?downsize=*:180&amp;output-quality=80&amp;output-format=webp,https://gadgets.ndtv.com/apple-watch-se-gps-price-in-india-97140,48
12611,"Apple Watch SE GPS Smartwatch (Black Strap, 44mm)",Apple,Watch SE GPS,Wearables,32900,https://i.gadgets360cdn.com/products/large/apple-watch-se-db-571x800-1600235365.jpg?downsize=*:180&amp;output-quality=80&amp;output-format=webp,https://gadgets.ndtv.com/apple-watch-se-gps-price-in-india-97140,31
12612,"Apple Watch SE GPS Smartwatch (Pink Strap, 44mm)",Apple,Watch SE GPS,Wearables,32900,https://i.gadgets360cdn.com/products/large/apple-watch-se-db-571x800-1600235365.jpg?downsize=*:180&amp;output-quality=80&amp;output-format=webp,https://gadgets.ndtv.com/apple-watch-se-gps-price-in-india-97140,47
12613,"Oppo Watch (41mm) Smartwatch (Black Strap, 41mm)",Oppo,Watch (41mm),Wearables,14990,https://i.gadgets360cdn.com/products/large/oppo-watch-41-726x800-1583499833.jpg?downsize=*:180&amp;output-quality=80&amp;output-format=webp,https://gadgets.ndtv.com/oppo-watch-41mm-price-in-india-91761,40
12614,Fitbit Charge 3 Fitness Activity Tracker (Graphite and Black),Fitbit,Charge 3 Smart Band,Wearables,9599,https://i.gadgets360cdn.com/products/large/Fitbit-Charge-3-832x558-1573194322.jpg?downsize=*:180&amp;output-quality=80&amp;output-format=webp,https://gadgets.ndtv.com/fitbit-charge-3-fitness-smart-band-price-in-india-83736,43
12615,"Samsung Galaxy Active 2 Smartwatch (Grey Strap, 44mm)",Samsung,Galaxy Watch Active 2 (44mm),Wearables,18689,https://i.gadgets360cdn.com/products/large/galaxy-watch-active2-470x800-1570718402.jpg?downsize=*:180&amp;output-quality=80&amp;output-format=webp,https://gadgets.ndtv.com/samsung-galaxy-watch-active-2-price-in-india-91206,42
12616,Mi Smart Band 5 (Black),Mi,Smart Band 5,Wearables,2499,https://i.gadgets360cdn.com/products/large/mi-smart-band-5-280x800-1600246597.jpg?downsize=*:180&amp;output-quality=80&amp;output-format=webp,https://gadgets.ndtv.com/mi-smart-band-5-price-in-india-97142,28
12617,"Apple Watch Series 2 Smartwatch (Midnight Blue Strap, 38mm)",Apple,Watch Series 2 Smartwatch,Wearables,64900,https://i.gadgets360cdn.com/products/wearables/large/1551968929_832_apple_watch-series-2-smartwatch.jpg?downsize=*:180&amp;output-quality=80&amp;output-format=webp,https://gadgets.ndtv.com/apple-watch-series-2-smartwatch-12255,23
12618,"Apple Watch Series 2 Smartwatch (Rose Gold Strap, 38mm)",Apple,Watch Series 2 Smartwatch,Wearables,32900,https://i.gadgets360cdn.com/products/wearables/large/1551968929_832_apple_watch-series-2-smartwatch.jpg?downsize=*:180&amp;output-quality=80&amp;output-format=webp,https://gadgets.ndtv.com/apple-watch-series-2-smartwatch-12255,45
12619,"Samsung Galaxy Active 2 Smartwatch (Black Strap, 44mm)",Samsung,Galaxy Watch Active 2 (44mm),Wearables,19099,https://i.gadgets360cdn.com/products/large/galaxy-watch-active2-470x800-1570718402.jpg?downsize=*:180&amp;output-quality=80&amp;output-format=webp,https://gadgets.ndtv.com/samsung-galaxy-watch-active-2-price-in-india-91206,46
12620,Mi Smart Band 3i Smartband (Black),Mi,Smart Band 3i,Wearables,1299,https://i.gadgets360cdn.com/products/large/mi-band-3i-db-412x800-1574320689.jpg?downsize=*:180&amp;output-quality=80&amp;output-format=webp,https://gadgets.ndtv.com/mi-smart-band-3i-price-in-india-91303,14
12621,"Apple Watch Series 2 Smartwatch (Black Strap, 38mm)",Apple,Watch Series 2 Smartwatch,Wearables,25900,https://i.gadgets360cdn.com/products/wearables/large/1551968929_832_apple_watch-series-2-smartwatch.jpg?downsize=*:180&amp;output-quality=80&amp;output-format=webp,https://gadgets.ndtv.com/apple-watch-series-2-smartwatch-12255,19
12622,"Apple Watch Series 2 Smartwatch (Orange Strap, 42mm)",Apple,Watch Series 2 Smartwatch,Wearables,25900,https://i.gadgets360cdn.com/products/wearables/large/1551968929_832_apple_watch-series-2-smartwatch.jpg?downsize=*:180&amp;output-quality=80&amp;output-format=webp,https://gadgets.ndtv.com/apple-watch-series-2-smartwatch-12255,17
12623,"Apple Watch Series 2 Smartwatch (White Ceramic Strap, 38mm)",Apple,Watch Series 2 Smartwatch,Wearables,27900,https://i.gadgets360cdn.com/products/wearables/large/1551968929_832_apple_watch-series-2-smartwatch.jpg?downsize=*:180&amp;output-quality=80&amp;output-format=webp,https://gadgets.ndtv.com/apple-watch-series-2-smartwatch-12255,26
12624,"Samsung Galaxy Watch 3 Smartwatch (Black Strap, 41mm)",Samsung,Galaxy Watch 3 (41mm),Wearables,25990,https://i.gadgets360cdn.com/products/large/samsung-galaxy-watch-3-500x800-1596637355.jpg?downsize=*:180&amp;output-quality=80&amp;output-format=webp,https://gadgets.ndtv.com/samsung-galaxy-watch-3-41mm-price-in-india-96366,38
12625,"Apple Watch Series 2 Smartwatch (Midnight Blue Strap, 42mm)",Apple,Watch Series 2 Smartwatch,Wearables,33500,https://i.gadgets360cdn.com/products/wearables/large/1551968929_832_apple_watch-series-2-smartwatch.jpg?downsize=*:180&amp;output-quality=80&amp;output-format=webp,https://gadgets.ndtv.com/apple-watch-series-2-smartwatch-12255,37
12626,"Apple Watch Nike+ Smartwatch (Silver/White Strap, 42mm)",Apple,Watch Nike+ Smartwatch,Wearables,34900,https://i.gadgets360cdn.com/products/wearables/large/1551968927_832_apple_watch-nike-smartwatch.jpg?downsize=*:180&amp;output-quality=80&amp;output-format=webp,https://gadgets.ndtv.com/apple-watch-nike-smartwatch-12253,50
12627,"Apple Watch Series 2 Smartwatch (Brown Strap, 38mm)",Apple,Watch Series 2 Smartwatch,Wearables,56900,https://i.gadgets360cdn.com/products/wearables/large/1551968929_832_apple_watch-series-2-smartwatch.jpg?downsize=*:180&amp;output-quality=80&amp;output-format=webp,https://gadgets.ndtv.com/apple-watch-series-2-smartwatch-12255,18
12875,"Panasonic Lumix DC GH5GA DSLR Camera (20.3MP, Black)",Panasonic,Lumix DC GH5GA 20.33MP DSLR Camera,Cameras,107588,https://i.gadgets360cdn.com/products/cameras/large/1548234934_832_panasonic_lumix-dc-gh5ga-20-33mp-dslr-camera.jpg?downsize=*:180&amp;output-quality=80&amp;output-format=webp,https://gadgets.ndtv.com/panasonic-lumix-dc-gh5ga-20-33mp-dslr-camera-11856,50
12876,"Panasonic Lumix DMC GX8K DSLR Camera (20.3MP, Black)",Panasonic,Lumix DMC GX8K 20.3MP DSLR Camera,Cameras,153716,https://i.gadgets360cdn.com/products/cameras/large/1548234953_832_panasonic_lumix-dmc-gx8k-20-3mp-dslr-camera.jpg?downsize=*:180&amp;output-quality=80&amp;output-format=webp,https://gadgets.ndtv.com/panasonic-lumix-dmc-gx8k-20-3mp-dslr-camera-11873,31
12877,"Nikon D7200 DSLR Camera (24.2MP, Black)",Nikon,D7200 24.2MP DSLR Camera,Cameras,81400,https://i.gadgets360cdn.com/products/cameras/large/1548234910_832_nikon_d7200-24-2mp-dslr-camera.jpg?downsize=*:180&amp;output-quality=80&amp;output-format=webp,https://gadgets.ndtv.com/nikon-d7200-24-2mp-dslr-camera-11832,44
12878,"Panasonic Lumix DMC GH4A DSLR Camera (16MP, Black)",Panasonic,Lumix DMC GH4A 16.05MP DSLR Camera,Cameras,99990,https://i.gadgets360cdn.com/products/cameras/large/1548234948_832_panasonic_lumix-dmc-gh4a-16-05mp-dslr-camera.jpg?downsize=*:180&amp;output-quality=80&amp;output-format=webp,https://gadgets.ndtv.com/panasonic-lumix-dmc-gh4a-16-05mp-dslr-camera-11869,9
12879,"Panasonic LUMIX G7 DSLR Camera (16.5MP, Black)",Panasonic,LUMIX G7 16.0MP DSLR Camera,Cameras,37990,https://i.gadgets360cdn.com/products/cameras/large/1548234966_832_panasonic_lumix-g7-16-0mp-dslr-camera.jpg?downsize=*:180&amp;output-quality=80&amp;output-format=webp,https://gadgets.ndtv.com/panasonic-lumix-g7-16-0mp-dslr-camera-11884,42
12880,"Sony ILCE 7RM3 DSLR Camera (42.4MP, Black)",Sony,ILCE 7RM3 42.4MP DSLR Camera,Cameras,217990,https://i.gadgets360cdn.com/products/cameras/large/1548235059_832_sony_ilce-7rm3-42-4mp-dslr-camera.jpg?downsize=*:180&amp;output-quality=80&amp;output-format=webp,https://gadgets.ndtv.com/sony-ilce-7rm3-42-4mp-dslr-camera-11966,37
12881,"Ricoh Pentax K-3 II DSLR Camera (24MP, Black)",Ricoh,Pentax K-3 II 23.35MP DSLR Camera,Cameras,101000,https://i.gadgets360cdn.com/products/cameras/large/1548234979_832_ricoh_pentax-k-3-ii-23-35mp-dslr-camera.jpg?downsize=*:180&amp;output-quality=80&amp;output-format=webp,https://gadgets.ndtv.com/ricoh-pentax-k-3-ii-23-35mp-dslr-camera-11893,25
12882,"Canon EOS 200D DSLR Camera (24.2MP, Black)",Canon,EOS 200D 24.2MP DSLR Camera,Cameras,59999,https://i.gadgets360cdn.com/products/cameras/large/1548234726_832_canon_eos-200d-24-2mp-dslr-camera.jpg?downsize=*:180&amp;output-quality=80&amp;output-format=webp,https://gadgets.ndtv.com/canon-eos-200d-24-2mp-dslr-camera-11662,29
12883,"Canon EOS 6D Mark II DSLR Camera (26.2MP, Black)",Canon,EOS 6D Mark II 26.2MP DSLR Camera,Cameras,194999,https://i.gadgets360cdn.com/products/cameras/large/1548234738_832_canon_eos-6d-mark-ii-26-2mp-dslr-camera.jpg?downsize=*:180&amp;output-quality=80&amp;output-format=webp,https://gadgets.ndtv.com/canon-eos-6d-mark-ii-26-2mp-dslr-camera-11673,38
12884,"Canon EOS Rebel SL2 DSLR Camera (24.2mp, White)",Canon,EOS Rebel SL2 24.2MP DSLR Camera,Cameras,67521,https://i.gadgets360cdn.com/products/cameras/large/1548234765_832_canon_eos-rebel-sl2-24-2mp-dslr-camera.jpg?downsize=*:180&amp;output-quality=80&amp;output-format=webp,https://gadgets.ndtv.com/canon-eos-rebel-sl2-24-2mp-dslr-camera-11698,23
12885,"Canon EOS Rebel SL2 DSLR Camera (24.2mp, Black)",Canon,EOS Rebel SL2 24.2MP DSLR Camera,Cameras,65183,https://i.gadgets360cdn.com/products/cameras/large/1548234765_832_canon_eos-rebel-sl2-24-2mp-dslr-camera.jpg?downsize=*:180&amp;output-quality=80&amp;output-format=webp,https://gadgets.ndtv.com/canon-eos-rebel-sl2-24-2mp-dslr-camera-11698,8
12886,"Panasonic Lumix DMC GH4GC DSLR Camera (16.1MP, Black)",Panasonic,Lumix DMC GH4GC 16.05MP DSLR Camera,Cameras,70990,https://i.gadgets360cdn.com/products/cameras/large/1548234950_832_panasonic_lumix-dmc-gh4gc-16-05mp-dslr-camera.jpg?downsize=*:180&amp;output-quality=80&amp;output-format=webp,https://gadgets.ndtv.com/panasonic-lumix-dmc-gh4gc-16-05mp-dslr-camera-11870,26
12887,"Sony ILCE 5000Y DSLR Camera (20.1MP, Black)",Sony,ILCE 5000Y 20.1MP DSLR Camera,Cameras,45990,https://i.gadgets360cdn.com/products/cameras/large/1548235067_832_sony_ilce-5000y-20-1mp-dslr-camera.jpg?downsize=*:180&amp;output-quality=80&amp;output-format=webp,https://gadgets.ndtv.com/sony-ilce-5000y-20-1mp-dslr-camera-11972,33
12888,"Ricoh Pentax K-S2 DSLR Camera (20.1MP, Black)",Ricoh,Pentax K-S2 20.12MP DSLR Camera,Cameras,54999,https://i.gadgets360cdn.com/products/cameras/large/1548234988_832_ricoh_pentax-k-s2-20-12mp-dslr-camera.jpg?downsize=*:180&amp;output-quality=80&amp;output-format=webp,https://gadgets.ndtv.com/ricoh-pentax-k-s2-20-12mp-dslr-camera-11901,24
12889,"Ricoh Pentax K-S2 DSLR Camera (20.1MP, White)",Ricoh,Pentax K-S2 20.12MP DSLR Camera,Cameras,81381,https://i.gadgets360cdn.com/products/cameras/large/1548234988_832_ricoh_pentax-k-s2-20-12mp-dslr-camera.jpg?downsize=*:180&amp;output-quality=80&amp;output-format=webp,https://gadgets.ndtv.com/ricoh-pentax-k-s2-20-12mp-dslr-camera-11901,50
12890,"Ricoh Pentax K-S2 DSLR Camera (20.1MP, Black & Orange)",Ricoh,Pentax K-S2 20.12MP DSLR Camera,Cameras,98201,https://i.gadgets360cdn.com/products/cameras/large/1548234988_832_ricoh_pentax-k-s2-20-12mp-dslr-camera.jpg?downsize=*:180&amp;output-quality=80&amp;output-format=webp,https://gadgets.ndtv.com/ricoh-pentax-k-s2-20-12mp-dslr-camera-11901,17
12891,"Panasonic Lumix DMC G85K DSLR Camera (16MP, Black)",Panasonic,Lumix DMC G85K 16.05MP DSLR Camera,Cameras,45990,https://i.gadgets360cdn.com/products/cameras/large/1548234946_832_panasonic_lumix-dmc-g85k-16-05mp-dslr-camera.jpg?downsize=*:180&amp;output-quality=80&amp;output-format=webp,https://gadgets.ndtv.com/panasonic-lumix-dmc-g85k-16-05mp-dslr-camera-11867,8
12892,"Ricoh Pentax K-S2 DSLR Camera (20.1MP, Silver)",Ricoh,Pentax K-S2 20.12MP DSLR Camera,Cameras,105041,https://i.gadgets360cdn.com/products/cameras/large/1548234988_832_ricoh_pentax-k-s2-20-12mp-dslr-camera.jpg?downsize=*:180&amp;output-quality=80&amp;output-format=webp,https://gadgets.ndtv.com/ricoh-pentax-k-s2-20-12mp-dslr-camera-11901,13
12893,"Olympus OMD EM1 DSLR Camera (16.3MP, Black)",Olympus,OMD EM1 16.3MP DSLR Camera,Cameras,201990,https://i.gadgets360cdn.com/products/cameras/large/1548234921_832_olympus_omd-em1-16-3mp-dslr-camera.jpg?downsize=*:180&amp;output-quality=80&amp;output-format=webp,https://gadgets.ndtv.com/olympus-omd-em1-16-3mp-dslr-camera-11843,14
12894,"Canon EOS M3 DSLR Camera (18MP, Black)",Canon,EOS M3 24.2MP DSLR Camera,Cameras,77128,https://i.gadgets360cdn.com/products/cameras/large/1548234758_832_canon_eos-m3-24-2mp-dslr-camera.jpg?downsize=*:180&amp;output-quality=80&amp;output-format=webp,https://gadgets.ndtv.com/canon-eos-m3-24-2mp-dslr-camera-11690,8
12895,"Canon EOS M3 DSLR Camera (24.2MP, White)",Canon,EOS M3 24.2MP DSLR Camera,Cameras,81979,https://i.gadgets360cdn.com/products/cameras/large/1548234758_832_canon_eos-m3-24-2mp-dslr-camera.jpg?downsize=*:180&amp;output-quality=80&amp;output-format=webp,https://gadgets.ndtv.com/canon-eos-m3-24-2mp-dslr-camera-11690,16
12896,"Panasonic Lumix DMC GH4K DSLR Camera (16.5MP, Black)",Panasonic,Lumix DMC GH4K 16.05MP DSLR Camera,Cameras,94500,https://i.gadgets360cdn.com/products/cameras/large/1548234815_832_panasonic_lumix-dmc-gh4k-16-05mp-dslr-camera.jpg?downsize=*:180&amp;output-quality=80&amp;output-format=webp,https://gadgets.ndtv.com/panasonic-lumix-dmc-gh4k-16-05mp-dslr-camera-11745,30
12897,"Nikon D3400 DSLR Camera (24.2MP, Black)",Nikon,D3400 24.2MP DSLR Camera,Cameras,38990,https://i.gadgets360cdn.com/products/cameras/large/1548234890_832_nikon_d3400-24-2mp-dslr-camera.jpg?downsize=*:180&amp;output-quality=80&amp;output-format=webp,https://gadgets.ndtv.com/nikon-d3400-24-2mp-dslr-camera-11815,50
12898,"Nikon D5300 DSLR Camera (24.2MP, Black)",Nikon,D5300 24.2MP DSLR Camera,Cameras,39950,https://i.gadgets360cdn.com/products/cameras/large/1548234899_832_nikon_d5300-24-2mp-dslr-camera.jpg?downsize=*:180&amp;output-quality=80&amp;output-format=webp,https://gadgets.ndtv.com/nikon-d5300-24-2mp-dslr-camera-11825,15
12899,"Nikon D5300 DSLR Camera (24.2MP, Red)",Nikon,D5300 24.2MP DSLR Camera,Cameras,47799,https://i.gadgets360cdn.com/products/cameras/large/1548234899_832_nikon_d5300-24-2mp-dslr-camera.jpg?downsize=*:180&amp;output-quality=80&amp;output-format=webp,https://gadgets.ndtv.com/nikon-d5300-24-2mp-dslr-camera-11825,6
12900,"Fujifilm X A5 Digital Camera (24.2MP, Silver)",Fujifilm,X A5 24.2MP Digital Camera,Cameras,25000,https://gadgets.ndtv.com/static/icons/cameras.jpg?downsize=*:180&amp;output-quality=80&amp;output-format=webp,https://gadgets.ndtv.com/fujifilm-x-a5-24-2mp-digital-camera-11769,10
12901,"Panasonic Lumix GH5S DSLR Camera (10.2MP, Black)",Panasonic,Lumix GH5S 10.28MP DSLR Camera,Cameras,137990,https://i.gadgets360cdn.com/products/cameras/large/1548234969_832_panasonic_lumix-gh5s-10-28mp-dslr-camera.jpg?downsize=*:180&amp;output-quality=80&amp;output-format=webp,https://gadgets.ndtv.com/panasonic-lumix-gh5s-10-28mp-dslr-camera-11886,13
12902,"Canon PowerShot A3500IS Digital Camera (16.6MP, Silver)",Canon,PowerShot A3500IS 16.0MP Digital Camera,Cameras,25582,https://i.gadgets360cdn.com/products/cameras/large/1548234784_832_canon_powershot-a3500is-16-0mp-digital-camera.jpg?downsize=*:180&amp;output-quality=80&amp;output-format=webp,https://gadgets.ndtv.com/canon-powershot-a3500is-16-0mp-digital-camera-11713,26
12903,"Panasonic Lumix DC-GX850KK Digital Camera (16MP, Black)",Panasonic,Lumix DC-GX850KK 16MP Digital Camera,Cameras,113748,https://i.gadgets360cdn.com/products/cameras/large/1548234938_832_panasonic_lumix-dc-gx850kk-16mp-digital-camera.jpg?downsize=*:180&amp;output-quality=80&amp;output-format=webp,https://gadgets.ndtv.com/panasonic-lumix-dc-gx850kk-16mp-digital-camera-11860,43
12904,"Nikon D800E DSLR Camera (36.3MP, Black)",Nikon,D800E 36.3MP DSLR Camera,Cameras,199950,https://i.gadgets360cdn.com/products/cameras/large/1548234916_832_nikon_d800e-36-3mp-dslr-camera.jpg?downsize=*:180&amp;output-quality=80&amp;output-format=webp,https://gadgets.ndtv.com/nikon-d800e-36-3mp-dslr-camera-11837,40
12905,Fujifilm GFX 50S DSLR Camera (Black),Fujifilm,GFX 50S 51.4MP DSLR Camera,Cameras,393117,https://i.gadgets360cdn.com/products/cameras/large/1548234834_832_fujifilm_gfx-50s-51-4mp-dslr-camera.jpg?downsize=*:180&amp;output-quality=80&amp;output-format=webp,https://gadgets.ndtv.com/fujifilm-gfx-50s-51-4mp-dslr-camera-11763,46
12906,"Fujifilm X T1 Digital Camera (16.3MP, Black)",Fujifilm,X T1 16.3MP Digital Camera,Cameras,93999,https://i.gadgets360cdn.com/products/cameras/large/1548234852_832_fujifilm_x-t1-16-3mp-digital-camera.jpg?downsize=*:180&amp;output-quality=80&amp;output-format=webp,https://gadgets.ndtv.com/fujifilm-x-t1-16-3mp-digital-camera-11777,8
12907,"Fujifilm X P90 Digital Camera (16.4MP, Yellow)",Fujifilm,X P90 16.4MP Digital Camera,Cameras,23995,https://i.gadgets360cdn.com/products/cameras/large/1548234850_832_fujifilm_x-p90-16-4mp-digital-camera.jpg?downsize=*:180&amp;output-quality=80&amp;output-format=webp,https://gadgets.ndtv.com/fujifilm-x-p90-16-4mp-digital-camera-11775,26
12908,"Nikon D5600 DSLR Camera (24.2MP, Black)",Nikon,D5600 24.2MP DSLR Camera,Cameras,44990,https://i.gadgets360cdn.com/products/cameras/large/1548235043_832_nikon_d5600-24-2mp-dslr-camera.jpg?downsize=*:180&amp;output-quality=80&amp;output-format=webp,https://gadgets.ndtv.com/nikon-d5600-24-2mp-dslr-camera-11952,26
12909,"Canon EOS 750D DSLR Camera (24.2MP, Black)",Canon,EOS 750D 24.2MP DSLR Camera,Cameras,55000,https://i.gadgets360cdn.com/products/cameras/large/1548234742_832_canon_eos-750d-24-2mp-dslr-camera.jpg?downsize=*:180&amp;output-quality=80&amp;output-format=webp,https://gadgets.ndtv.com/canon-eos-750d-24-2mp-dslr-camera-11676,40
12910,"Sony Alpha a7 Digital Camera (24.3MP, Black)",Sony,Alpha a7 24.3MP Digital Camera,Cameras,100138,https://i.gadgets360cdn.com/products/cameras/large/1548235010_832_sony_alpha-a7-24-3mp-digital-camera.jpg?downsize=*:180&amp;output-quality=80&amp;output-format=webp,https://gadgets.ndtv.com/sony-alpha-a7-24-3mp-digital-camera-11922,18
12911,"Canon Powershot G9 X Mark 2 Digital Camera (20.1MP, Silver)",Canon,PowerShot G9 X Mark 2 20.1MP Digital Camera,Cameras,58512,https://i.gadgets360cdn.com/products/cameras/large/1548234797_832_canon_powershot-g9-x-mark-2-20-1mp-digital-camera.jpg?downsize=*:180&amp;output-quality=80&amp;output-format=webp,https://gadgets.ndtv.com/canon-powershot-g9-x-mark-2-20-1mp-digital-camera-11725,24
12912,"Canon EOS 760D DSLR Camera (24.2MP, Black)",Canon,EOS 760D 24.2MP DSLR Camera,Cameras,54995,https://i.gadgets360cdn.com/products/cameras/large/1548234743_832_canon_eos-760d-24-2mp-dslr-camera.jpg?downsize=*:180&amp;output-quality=80&amp;output-format=webp,https://gadgets.ndtv.com/canon-eos-760d-24-2mp-dslr-camera-11677,26
12913,"Sony NEX 3K DSLR Camera (14.2MP, Red)",Sony,NEX 3K 14.2MP DSLR Camera,Cameras,46258,https://i.gadgets360cdn.com/products/cameras/large/1548235065_832_sony_nex-3k-14-2mp-dslr-camera.jpg?downsize=*:180&amp;output-quality=80&amp;output-format=webp,https://gadgets.ndtv.com/sony-nex-3k-14-2mp-dslr-camera-11971,30
12914,"Olympus OMD EM10 Mark 2 DSLR Camera (16.1MP, Black)",Olympus,OMD EM10 Mark 2 16.1MP DSLR Camera,Cameras,61990,https://i.gadgets360cdn.com/products/cameras/large/1548234924_832_olympus_omd-em10-mark-2-16-1mp-dslr-camera.jpg?downsize=*:180&amp;output-quality=80&amp;output-format=webp,https://gadgets.ndtv.com/olympus-omd-em10-mark-2-16-1mp-dslr-camera-11845,8
12915,"Sony NEX 3K DSLR Camera (14.2MP, Black)",Sony,NEX 3K 14.2MP DSLR Camera,Cameras,54179,https://i.gadgets360cdn.com/products/cameras/large/1548235065_832_sony_nex-3k-14-2mp-dslr-camera.jpg?downsize=*:180&amp;output-quality=80&amp;output-format=webp,https://gadgets.ndtv.com/sony-nex-3k-14-2mp-dslr-camera-11971,18
12916,"Ricoh Pentax K-P DSLR Camera (24.3MP, Black)",Ricoh,Pentax K-P 24.32MP DSLR Camera,Cameras,79000,https://i.gadgets360cdn.com/products/cameras/large/1548234986_832_ricoh_pentax-k-p-24-32mp-dslr-camera.jpg?downsize=*:180&amp;output-quality=80&amp;output-format=webp,https://gadgets.ndtv.com/ricoh-pentax-k-p-24-32mp-dslr-camera-11899,22
12917,"Sony Alpha a6300 Digital Camera (24.2MP, Black)",Sony,Alpha a6300 24.2MP Digital Camera,Cameras,79500,https://i.gadgets360cdn.com/products/cameras/large/1548235008_832_sony_alpha-a6300-24-2mp-digital-camera.jpg?downsize=*:180&amp;output-quality=80&amp;output-format=webp,https://gadgets.ndtv.com/sony-alpha-a6300-24-2mp-digital-camera-11920,37
12918,"Canon EOS Rebel T6i DSLR Camera (24.2MP, Black)",Canon,EOS Rebel T6i 24.2MP DSLR Camera,Cameras,63321,https://i.gadgets360cdn.com/products/cameras/large/1548234774_832_canon_eos-rebel-t6i-24-2mp-dslr-camera.jpg?downsize=*:180&amp;output-quality=80&amp;output-format=webp,https://gadgets.ndtv.com/canon-eos-rebel-t6i-24-2mp-dslr-camera-11705,9
12919,"Sony ILCE 6300L DSLR Camera (24.2MP, Black)",Sony,ILCE 6300L 24.2MP DSLR Camera,Cameras,57990,https://i.gadgets360cdn.com/products/cameras/large/1548235048_832_sony_ilce-6300l-24-2mp-dslr-camera.jpg?downsize=*:180&amp;output-quality=80&amp;output-format=webp,https://gadgets.ndtv.com/sony-ilce-6300l-24-2mp-dslr-camera-11956,23
12920,"Canon EOS 1DX DSLR Camera (18.1MP, Black)",Canon,EOS 1DX 18.1MP DSLR Camera,Cameras,429995,https://i.gadgets360cdn.com/products/cameras/large/1548234724_832_canon_eos-1dx-18-1mp-dslr-camera.jpg?downsize=*:180&amp;output-quality=80&amp;output-format=webp,https://gadgets.ndtv.com/canon-eos-1dx-18-1mp-dslr-camera-11661,31
12921,"Fujifilm FinePix S4200 Digital Camera (14MP, Black)",Fujifilm,FinePix S4200 14.0MP Digital Camera,Cameras,63597,https://i.gadgets360cdn.com/products/cameras/large/1548234828_832_fujifilm_finepix-s4200-14-0mp-digital-camera.jpg?downsize=*:180&amp;output-quality=80&amp;output-format=webp,https://gadgets.ndtv.com/fujifilm-finepix-s4200-14-0mp-digital-camera-11756,34
12922,"Canon EOS 1300D DSLR Camera (18 MP, Black)",Canon,EOS 1300D 18MP DSLR Camera,Cameras,36300,https://i.gadgets360cdn.com/products/cameras/large/1548234721_832_canon_eos-1300d-18mp-dslr-camera.jpg?downsize=*:180&amp;output-quality=80&amp;output-format=webp,https://gadgets.ndtv.com/canon-eos-1300d-18mp-dslr-camera-11659,29
12923,"Sony ILCE 7M2 DSLR Camera (24.3MP, Black)",Sony,ILCE 7M2 24.3MP DSLR Camera,Cameras,121490,https://i.gadgets360cdn.com/products/cameras/large/1548235053_832_sony_ilce-7m2-24-3mp-dslr-camera.jpg?downsize=*:180&amp;output-quality=80&amp;output-format=webp,https://gadgets.ndtv.com/sony-ilce-7m2-24-3mp-dslr-camera-11961,17
12924,"Canon EOS Rebel T5 DSLR Camera (18 MP, Black)",Canon,EOS Rebel T5 18MP DSLR Camera,Cameras,13549,https://i.gadgets360cdn.com/products/cameras/large/1548234793_832_canon_eos-rebel-t5-18mp-dslr-camera.jpg?downsize=*:180&amp;output-quality=80&amp;output-format=webp,https://gadgets.ndtv.com/canon-eos-rebel-t5-18mp-dslr-camera-11720,32
12925,"Canon EOS 1200D DSLR Camera (18MP, Black)",Canon,EOS 1200D 18MP DSLR Camera,Cameras,26500,https://i.gadgets360cdn.com/products/cameras/large/1548235071_832_canon_eos-1200d-18mp-dslr-camera.jpg?downsize=*:180&amp;output-quality=80&amp;output-format=webp,https://gadgets.ndtv.com/canon-eos-1200d-18mp-dslr-camera-11975,20
12926,"Sony ILCE 6300M DSLR Camera (24.2MP, Black)",Sony,ILCE 6300M 24.2MP DSLR Camera,Cameras,78999,https://gadgets.ndtv.com/static/icons/cameras.jpg?downsize=*:180&amp;output-quality=80&amp;output-format=webp,https://gadgets.ndtv.com/sony-ilce-6300m-24-2mp-dslr-camera-11957,40
12927,"Canon EOS 7D Mark II DSLR Camera (20.2MP, Black)",Canon,EOS 7D Mark II 20.2MP DSLR Camera,Cameras,99999,https://i.gadgets360cdn.com/products/cameras/large/1548234746_832_canon_eos-7d-mark-ii-20-2mp-dslr-camera.jpg?downsize=*:180&amp;output-quality=80&amp;output-format=webp,https://gadgets.ndtv.com/canon-eos-7d-mark-ii-20-2mp-dslr-camera-11680,16
12928,"Nikon D3500 DSLR Camera (24.78MP, Black)",Nikon,D3500 24.2MP DSLR Camera,Cameras,33999,https://gadgets.ndtv.com/static/icons/cameras.jpg?downsize=*:180&amp;output-quality=80&amp;output-format=webp,https://gadgets.ndtv.com/nikon-d3500-24-2mp-dslr-camera-11940,27
12929,"Nikon D5500 DSLR Camera (24.2MP, Black)",Nikon,D5500 24.2MP DSLR Camera,Cameras,50500,https://i.gadgets360cdn.com/products/cameras/large/1548234901_832_nikon_d5500-24-2mp-dslr-camera.jpg?downsize=*:180&amp;output-quality=80&amp;output-format=webp,https://gadgets.ndtv.com/nikon-d5500-24-2mp-dslr-camera-11826,8
12930,"Olympus OMD EM5 Mark 2 DSLR Camera (16.1MP, Black & Silver)",Olympus,OMD EM5 Mark 2 16.1MP DSLR Camera,Cameras,66900,https://i.gadgets360cdn.com/products/cameras/large/1548234927_832_olympus_omd-em5-mark-2-16-1mp-dslr-camera.jpg?downsize=*:180&amp;output-quality=80&amp;output-format=webp,https://gadgets.ndtv.com/olympus-omd-em5-mark-2-16-1mp-dslr-camera-11847,11
12931,"Olympus OMD EM5 Mark 2 DSLR Camera (16.1MP, Silver)",Olympus,OMD EM5 Mark 2 16.1MP DSLR Camera,Cameras,68499,https://i.gadgets360cdn.com/products/cameras/large/1548234927_832_olympus_omd-em5-mark-2-16-1mp-dslr-camera.jpg?downsize=*:180&amp;output-quality=80&amp;output-format=webp,https://gadgets.ndtv.com/olympus-omd-em5-mark-2-16-1mp-dslr-camera-11847,10
12932,"Olympus OMD EM5 Mark 2 DSLR Camera (16.1MP, Black)",Olympus,OMD EM5 Mark 2 16.1MP DSLR Camera,Cameras,125499,https://i.gadgets360cdn.com/products/cameras/large/1548234927_832_olympus_omd-em5-mark-2-16-1mp-dslr-camera.jpg?downsize=*:180&amp;output-quality=80&amp;output-format=webp,https://gadgets.ndtv.com/olympus-omd-em5-mark-2-16-1mp-dslr-camera-11847,17
12933,"Sony ILCE 7M3 DSLR Camera (24.2MP, Black)",Sony,ILCE 7M3 24.2MP DSLR Camera,Cameras,145999,https://gadgets.ndtv.com/static/icons/cameras.jpg?downsize=*:180&amp;output-quality=80&amp;output-format=webp,https://gadgets.ndtv.com/sony-ilce-7m3-24-2mp-dslr-camera-11963,47
12934,"Nikon D3200 DSLR Camera (24.2MP, Black)",Nikon,D3200 24.2MP DSLR Camera,Cameras,25000,https://i.gadgets360cdn.com/products/cameras/large/1548234887_832_nikon_d3200-24-2mp-dslr-camera.jpg?downsize=*:180&amp;output-quality=80&amp;output-format=webp,https://gadgets.ndtv.com/nikon-d3200-24-2mp-dslr-camera-11813,16
12935,"Canon EOS Rebel T6 DSLR Camera (18MP, Black)",Canon,EOS Rebel T6 18MP DSLR Camera,Cameras,55000,https://i.gadgets360cdn.com/products/cameras/large/1548234773_832_canon_eos-rebel-t6-18mp-dslr-camera.jpg?downsize=*:180&amp;output-quality=80&amp;output-format=webp,https://gadgets.ndtv.com/canon-eos-rebel-t6-18mp-dslr-camera-11704,23
12936,"Olympus PEN F DSLR Camera (20.3MP, Black & Silver)",Olympus,Pen F 20.3MP DSLR Camera,Cameras,127512,https://i.gadgets360cdn.com/products/cameras/large/1548234930_832_olympus_pen-f-20-3mp-dslr-camera.jpg?downsize=*:180&amp;output-quality=80&amp;output-format=webp,https://gadgets.ndtv.com/olympus-pen-f-20-3mp-dslr-camera-11851,37
12937,"Panasonic Lumix DMC ZS40S Digital Camera (18.1MP, Black)",Panasonic,Lumix DMC ZS40S 18.1MP Digital Camera,Cameras,61457,https://i.gadgets360cdn.com/products/cameras/large/1548234958_832_panasonic_lumix-dmc-zs40s-18-1mp-digital-camera.jpg?downsize=*:180&amp;output-quality=80&amp;output-format=webp,https://gadgets.ndtv.com/panasonic-lumix-dmc-zs40s-18-1mp-digital-camera-11879,29
12938,"Nikon D3200 DSLR Camera (24.2MP, Red)",Nikon,D3200 24.2MP DSLR Camera,Cameras,27990,https://i.gadgets360cdn.com/products/cameras/large/1548234887_832_nikon_d3200-24-2mp-dslr-camera.jpg?downsize=*:180&amp;output-quality=80&amp;output-format=webp,https://gadgets.ndtv.com/nikon-d3200-24-2mp-dslr-camera-11813,16
12939,"Canon EOS Rebel T4i DSLR Camera (18 MP, Black)",Canon,EOS Rebel T4i 18MP DSLR Camera,Cameras,119087,https://i.gadgets360cdn.com/products/cameras/large/1548234769_832_canon_eos-rebel-t4i-18mp-dslr-camera.jpg?downsize=*:180&amp;output-quality=80&amp;output-format=webp,https://gadgets.ndtv.com/canon-eos-rebel-t4i-18mp-dslr-camera-11701,33
12940,"Olympus PEN E DSLR Camera (12.3MP, Silver & black)",Olympus,Pen E 12.3MP DSLR Camera,Cameras,39228,https://i.gadgets360cdn.com/products/cameras/large/1548234928_832_olympus_pen-e-12-3mp-dslr-camera.jpg?downsize=*:180&amp;output-quality=80&amp;output-format=webp,https://gadgets.ndtv.com/olympus-pen-e-12-3mp-dslr-camera-11849,27
12941,"Sony ILCA 68K DSLR Camera (24.2MP, Black)",Sony,ILCA 68K 24.2MP DSLR Camera,Cameras,48999,https://i.gadgets360cdn.com/products/cameras/large/1548235031_832_sony_ilca-68k-24-2mp-dslr-camera.jpg?downsize=*:180&amp;output-quality=80&amp;output-format=webp,https://gadgets.ndtv.com/sony-ilca-68k-24-2mp-dslr-camera-11942,32
12942,"Canon EOS Rebel T6s DSLR Camera (24.2MP, Black)",Canon,EOS Rebel T6s 24MP DSLR Camera,Cameras,89339,https://i.gadgets360cdn.com/products/cameras/large/1548234775_832_canon_eos-rebel-t6s-24mp-dslr-camera.jpg?downsize=*:180&amp;output-quality=80&amp;output-format=webp,https://gadgets.ndtv.com/canon-eos-rebel-t6s-24mp-dslr-camera-11706,13
12943,"Panasonic LUMIX DMC FZ70 DSLR Camera (16.1MP, Black)",Panasonic,Lumix DMC FZ70 16.1MP DSLR Camera,Cameras,9649,https://i.gadgets360cdn.com/products/cameras/large/1548234943_832_panasonic_lumix-dmc-fz70-16-1mp-dslr-camera.jpg?downsize=*:180&amp;output-quality=80&amp;output-format=webp,https://gadgets.ndtv.com/panasonic-lumix-dmc-fz70-16-1mp-dslr-camera-11864,7
12944,Nikon 1 J5 Digital Camera (Black),Nikon,1 J5 20.8 MP Digital Camera,Cameras,131889,https://i.gadgets360cdn.com/products/cameras/large/1548234868_832_nikon_1-j5-20-8-mp-digital-camera.jpg?downsize=*:180&amp;output-quality=80&amp;output-format=webp,https://gadgets.ndtv.com/nikon-1-j5-20-8-mp-digital-camera-11793,18
12945,"Ricoh Pentax K-1 DSLR Camera (36.4MP, Black)",Ricoh,Pentax K-1 36.40MP DSLR Camera,Cameras,124000,https://i.gadgets360cdn.com/products/cameras/large/1548234975_832_ricoh_pentax-k-1-36-40mp-dslr-camera.jpg?downsize=*:180&amp;output-quality=80&amp;output-format=webp,https://gadgets.ndtv.com/ricoh-pentax-k-1-36-40mp-dslr-camera-11891,32
12946,"Canon PowerShot SX150 DSLR Camera (14.1MP, Red)",Canon,PowerShot SX150 14.1MP DSLR Camera,Cameras,33298,https://i.gadgets360cdn.com/products/cameras/large/1548234802_832_canon_powershot-sx150-14-1mp-dslr-camera.jpg?downsize=*:180&amp;output-quality=80&amp;output-format=webp,https://gadgets.ndtv.com/canon-powershot-sx150-14-1mp-dslr-camera-11731,10
12947,"Nikon D5200 DSLR Camera (24.1MP, Black)",Nikon,D5200 24.1MP DSLR Camera,Cameras,24900,https://i.gadgets360cdn.com/products/cameras/large/1548234898_832_nikon_d5200-24-1mp-dslr-camera.jpg?downsize=*:180&amp;output-quality=80&amp;output-format=webp,https://gadgets.ndtv.com/nikon-d5200-24-1mp-dslr-camera-11824,39
12948,"Panasonic Lumix DMC ZS60 Digital Camera (18.1MP, Black)",Panasonic,Lumix DMC ZS60 18.1MP Digital Camera,Cameras,61125,https://i.gadgets360cdn.com/products/cameras/large/1548234960_832_panasonic_lumix-dmc-zs60-18-1mp-digital-camera.jpg?downsize=*:180&amp;output-quality=80&amp;output-format=webp,https://gadgets.ndtv.com/panasonic-lumix-dmc-zs60-18-1mp-digital-camera-11880,11
12949,"Nikon D5200 DSLR Camera (24.1MP, Red)",Nikon,D5200 24.1MP DSLR Camera,Cameras,75797,https://i.gadgets360cdn.com/products/cameras/large/1548234898_832_nikon_d5200-24-1mp-dslr-camera.jpg?downsize=*:180&amp;output-quality=80&amp;output-format=webp,https://gadgets.ndtv.com/nikon-d5200-24-1mp-dslr-camera-11824,22
12950,"Ricoh Pentax Q10 DSLR Camera (12MP, Black & Red)",Ricoh,Pentax Q10 12.4MP DSLR Camera,Cameras,18000,https://i.gadgets360cdn.com/products/cameras/large/1548234991_832_ricoh_pentax-q10-12-4mp-dslr-camera.jpg?downsize=*:180&amp;output-quality=80&amp;output-format=webp,https://gadgets.ndtv.com/ricoh-pentax-q10-12-4mp-dslr-camera-11903,34
12951,"Fujifilm X M1 Digital Camera (16.3MP, Black)",Fujifilm,X M1 16.3MP Digital Camera,Cameras,50300,https://i.gadgets360cdn.com/products/cameras/large/1548234848_832_fujifilm_x-m1-16-3mp-digital-camera.jpg?downsize=*:180&amp;output-quality=80&amp;output-format=webp,https://gadgets.ndtv.com/fujifilm-x-m1-16-3mp-digital-camera-11774,28
12952,"Canon Powershot G10 Digital Camera (14.7MP, Black)",Canon,PowerShot G10 14.7MP Digital Camera,Cameras,97052,https://i.gadgets360cdn.com/products/cameras/large/1548234790_832_canon_powershot-g10-14-7mp-digital-camera.jpg?downsize=*:180&amp;output-quality=80&amp;output-format=webp,https://gadgets.ndtv.com/canon-powershot-g10-14-7mp-digital-camera-11718,33
12953,"Nikon CoolPix P600 Digital Camera (16.1MP, Black)",Nikon,CoolPix P600 16.1MP Digital Camera,Cameras,90988,https://gadgets.ndtv.com/static/icons/cameras.jpg?downsize=*:180&amp;output-quality=80&amp;output-format=webp,https://gadgets.ndtv.com/nikon-coolpix-p600-16-1mp-digital-camera-11933,24
12954,"Olympus OMD EM10 Mark 3 DSLR Camera (16.1MP, Silver)",Olympus,OMD EM10 Mark 3 16.1MP DSLR Camera,Cameras,87752,https://i.gadgets360cdn.com/products/cameras/large/1548234926_832_olympus_omd-em10-mark-3-16-1mp-dslr-camera.jpg?downsize=*:180&amp;output-quality=80&amp;output-format=webp,https://gadgets.ndtv.com/olympus-omd-em10-mark-3-16-1mp-dslr-camera-11846,36
12955,"Olympus OMD EM10 Mark 3 DSLR Camera (16.1MP, Black & Silver)",Olympus,OMD EM10 Mark 3 16.1MP DSLR Camera,Cameras,90864,https://i.gadgets360cdn.com/products/cameras/large/1548234926_832_olympus_omd-em10-mark-3-16-1mp-dslr-camera.jpg?downsize=*:180&amp;output-quality=80&amp;output-format=webp,https://gadgets.ndtv.com/olympus-omd-em10-mark-3-16-1mp-dslr-camera-11846,29
12956,"Fujifilm FinePix X P50 Digital Camera (14MP, Blue)",Fujifilm,FinePix X P50 14.4MP Digital Camera,Cameras,41201,https://i.gadgets360cdn.com/products/cameras/large/1548234832_832_fujifilm_finepix-x-p50-14-4mp-digital-camera.jpg?downsize=*:180&amp;output-quality=80&amp;output-format=webp,https://gadgets.ndtv.com/fujifilm-finepix-x-p50-14-4mp-digital-camera-11760,37
12957,"Nikon D4S DSLR Camera (16.2MP, Black)",Nikon,D4S 16.2MP DSLR Camera,Cameras,415658,https://i.gadgets360cdn.com/products/cameras/large/1548234892_832_nikon_d4s-16-2mp-dslr-camera.jpg?downsize=*:180&amp;output-quality=80&amp;output-format=webp,https://gadgets.ndtv.com/nikon-d4s-16-2mp-dslr-camera-11818,30
12958,"Sony ILCA 77M2M DSLR Camera (24.3MP, Black)",Sony,ILCA 77M2M 24.3MP DSLR Camera,Cameras,93990,https://i.gadgets360cdn.com/products/cameras/large/1548235035_832_sony_ilca-77m2m-24-3mp-dslr-camera.jpg?downsize=*:180&amp;output-quality=80&amp;output-format=webp,https://gadgets.ndtv.com/sony-ilca-77m2m-24-3mp-dslr-camera-11945,33
12959,"Canon EOS 8000D DSLR Camera (24.2MP, Black)",Canon,EOS 8000D 24MP DSLR Camera,Cameras,119552,https://i.gadgets360cdn.com/products/cameras/large/1548234748_832_canon_eos-8000d-24mp-dslr-camera.jpg?downsize=*:180&amp;output-quality=80&amp;output-format=webp,https://gadgets.ndtv.com/canon-eos-8000d-24mp-dslr-camera-11681,29
12960,"Ricoh Pentax K-5 II DSLR Camera (16.3MP, Black)",Ricoh,Pentax K-5 II 16.3MP DSLR Camera,Cameras,55999,https://i.gadgets360cdn.com/products/cameras/large/1548234981_832_ricoh_pentax-k-5-ii-16-3mp-dslr-camera.jpg?downsize=*:180&amp;output-quality=80&amp;output-format=webp,https://gadgets.ndtv.com/ricoh-pentax-k-5-ii-16-3mp-dslr-camera-11895,22
12961,"Sony ILCE 5100L DSLR Camera (24.3MP, Black)",Sony,ILCE 5100L 24.3MP DSLR Camera,Cameras,33990,https://i.gadgets360cdn.com/products/cameras/large/1548235044_832_sony_ilce-5100l-24-3mp-dslr-camera.jpg?downsize=*:180&amp;output-quality=80&amp;output-format=webp,https://gadgets.ndtv.com/sony-ilce-5100l-24-3mp-dslr-camera-11953,42
12962,"Ricoh Pentax K-50 DSLR Camera (16.5MP, White)",Ricoh,Pentax K-50 16MP DSLR Camera,Cameras,35000,https://i.gadgets360cdn.com/products/cameras/large/1548234983_832_ricoh_pentax-k-50-16mp-dslr-camera.jpg?downsize=*:180&amp;output-quality=80&amp;output-format=webp,https://gadgets.ndtv.com/ricoh-pentax-k-50-16mp-dslr-camera-11897,19
12963,"Ricoh Pentax K-50 DSLR Camera (16.5MP, Red)",Ricoh,Pentax K-50 16MP DSLR Camera,Cameras,35000,https://i.gadgets360cdn.com/products/cameras/large/1548234983_832_ricoh_pentax-k-50-16mp-dslr-camera.jpg?downsize=*:180&amp;output-quality=80&amp;output-format=webp,https://gadgets.ndtv.com/ricoh-pentax-k-50-16mp-dslr-camera-11897,27
12964,"Ricoh Pentax K-50 DSLR Camera (16.5MP, Pink)",Ricoh,Pentax K-50 16MP DSLR Camera,Cameras,35000,https://i.gadgets360cdn.com/products/cameras/large/1548234983_832_ricoh_pentax-k-50-16mp-dslr-camera.jpg?downsize=*:180&amp;output-quality=80&amp;output-format=webp,https://gadgets.ndtv.com/ricoh-pentax-k-50-16mp-dslr-camera-11897,20
12965,"Ricoh Pentax K-50 DSLR Camera (16.5MP, Black)",Ricoh,Pentax K-50 16MP DSLR Camera,Cameras,39895,https://i.gadgets360cdn.com/products/cameras/large/1548234983_832_ricoh_pentax-k-50-16mp-dslr-camera.jpg?downsize=*:180&amp;output-quality=80&amp;output-format=webp,https://gadgets.ndtv.com/ricoh-pentax-k-50-16mp-dslr-camera-11897,5
12966,"Sony ILCE 6000Y DSLR Camera (24.3MP, Black)",Sony,ILCE 6000Y 24.3MP DSLR Camera,Cameras,53990,https://i.gadgets360cdn.com/products/cameras/large/1548235047_832_sony_ilce-6000y-24-3mp-dslr-camera.jpg?downsize=*:180&amp;output-quality=80&amp;output-format=webp,https://gadgets.ndtv.com/sony-ilce-6000y-24-3mp-dslr-camera-11955,41
12967,"Nikon D500 DSLR Camera (20.9MP, Black)",Nikon,D500 20.9MP DSLR Camera,Cameras,115990,https://i.gadgets360cdn.com/products/cameras/large/1548234895_832_nikon_d500-20-9mp-dslr-camera.jpg?downsize=*:180&amp;output-quality=80&amp;output-format=webp,https://gadgets.ndtv.com/nikon-d500-20-9mp-dslr-camera-11821,14
12968,"Sony ILCE 6000L DSLR Camera (24.3MP, Black)",Sony,ILCE 6000L 24.3MP DSLR Camera,Cameras,42500,https://i.gadgets360cdn.com/products/cameras/large/1548235045_832_sony_ilce-6000l-24-3mp-dslr-camera.jpg?downsize=*:180&amp;output-quality=80&amp;output-format=webp,https://gadgets.ndtv.com/sony-ilce-6000l-24-3mp-dslr-camera-11954,9
12969,"Sony ILCE 6000L DSLR Camera (24.3MP, Grey)",Sony,ILCE 6000L 24.3MP DSLR Camera,Cameras,42990,https://i.gadgets360cdn.com/products/cameras/large/1548235045_832_sony_ilce-6000l-24-3mp-dslr-camera.jpg?downsize=*:180&amp;output-quality=80&amp;output-format=webp,https://gadgets.ndtv.com/sony-ilce-6000l-24-3mp-dslr-camera-11954,22
12970,"Sony ILCE 6000L DSLR Camera (24.3MP, Silver)",Sony,ILCE 6000L 24.3MP DSLR Camera,Cameras,81856,https://i.gadgets360cdn.com/products/cameras/large/1548235045_832_sony_ilce-6000l-24-3mp-dslr-camera.jpg?downsize=*:180&amp;output-quality=80&amp;output-format=webp,https://gadgets.ndtv.com/sony-ilce-6000l-24-3mp-dslr-camera-11954,41
12971,"Sony Alpha A3000K DSLR Camera (20.1MP, Black)",Sony,Alpha A3000K 20.1MP DSLR Camera,Cameras,26990,https://i.gadgets360cdn.com/products/cameras/large/1548235003_832_sony_alpha-a3000k-20-1mp-dslr-camera.jpg?downsize=*:180&amp;output-quality=80&amp;output-format=webp,https://gadgets.ndtv.com/sony-alpha-a3000k-20-1mp-dslr-camera-11916,13
12972,"Sony Alpha a5100 Digital Camera (24.3MP, Black)",Sony,Alpha a5100 24.3MP Digital Camera,Cameras,44328,https://i.gadgets360cdn.com/products/cameras/large/1548235006_832_sony_alpha-a5100-24-3mp-digital-camera.jpg?downsize=*:180&amp;output-quality=80&amp;output-format=webp,https://gadgets.ndtv.com/sony-alpha-a5100-24-3mp-digital-camera-11918,39
12973,"Canon EOS M DSLR Camera (18MP, Black)",Canon,EOS M 18MP DSLR Camera,Cameras,87588,https://i.gadgets360cdn.com/products/cameras/large/1548234754_832_canon_eos-m-18mp-dslr-camera.jpg?downsize=*:180&amp;output-quality=80&amp;output-format=webp,https://gadgets.ndtv.com/canon-eos-m-18mp-dslr-camera-11687,40
12974,"Canon EOS M DSLR Camera (18MP, Red)",Canon,EOS M 18MP DSLR Camera,Cameras,36345,https://i.gadgets360cdn.com/products/cameras/large/1548234754_832_canon_eos-m-18mp-dslr-camera.jpg?downsize=*:180&amp;output-quality=80&amp;output-format=webp,https://gadgets.ndtv.com/canon-eos-m-18mp-dslr-camera-11687,6
12975,"Nikon 1J2 Digital Camera (10.1MP, Orange)",Nikon,1J2 10.1MP Digital Camera,Cameras,43739,https://gadgets.ndtv.com/static/icons/cameras.jpg?downsize=*:180&amp;output-quality=80&amp;output-format=webp,https://gadgets.ndtv.com/nikon-1j2-10-1mp-digital-camera-11796,47
12976,"Canon EOS 700D DSLR Camera (18 MP, Black)",Canon,EOS 700D 18MP DSLR Camera,Cameras,36999,https://i.gadgets360cdn.com/products/cameras/large/1548234791_832_canon_eos-700d-18mp-dslr-camera.jpg?downsize=*:180&amp;output-quality=80&amp;output-format=webp,https://gadgets.ndtv.com/canon-eos-700d-18mp-dslr-camera-11719,46
12977,"Nikon 1558 DSLR Camera (20.8MP, Black)",Nikon,1558 20.8MP DSLR Camera,Cameras,319699,https://i.gadgets360cdn.com/products/cameras/large/1548234871_832_nikon_1558-20-8mp-dslr-camera.jpg?downsize=*:180&amp;output-quality=80&amp;output-format=webp,https://gadgets.ndtv.com/nikon-1558-20-8mp-dslr-camera-11795,42
12978,"Sony Alpha a6000 Digital Camera (24.3MP, Black)",Sony,Alpha a6000 24.3MP Digital Camera,Cameras,55990,https://i.gadgets360cdn.com/products/cameras/large/1548235007_832_sony_alpha-a6000-24-3mp-digital-camera.jpg?downsize=*:180&amp;output-quality=80&amp;output-format=webp,https://gadgets.ndtv.com/sony-alpha-a6000-24-3mp-digital-camera-11919,37
12979,"Nikon D5 DSLR Camera (20.8MP, Black)",Nikon,D5 20.8MP DSLR Camera,Cameras,269999,https://i.gadgets360cdn.com/products/cameras/large/1548234893_832_nikon_d5-20-8mp-dslr-camera.jpg?downsize=*:180&amp;output-quality=80&amp;output-format=webp,https://gadgets.ndtv.com/nikon-d5-20-8mp-dslr-camera-11819,48
12980,"Sony ILCA 68M DSLR Camera (24.2MP, Black)",Sony,ILCA 68M 24.2MP DSLR Camera,Cameras,66149,https://i.gadgets360cdn.com/products/cameras/large/1548235033_832_sony_ilca-68m-24-2mp-dslr-camera.jpg?downsize=*:180&amp;output-quality=80&amp;output-format=webp,https://gadgets.ndtv.com/sony-ilca-68m-24-2mp-dslr-camera-11943,7
12981,"Ricoh Pentax K-5 IIS DSLR Camera (16.3MP, Black)",Ricoh,Pentax K-5 IIS 16MP DSLR Camera,Cameras,98470,https://gadgets.ndtv.com/static/icons/cameras.jpg?downsize=*:180&amp;output-quality=80&amp;output-format=webp,https://gadgets.ndtv.com/ricoh-pentax-k-5-iis-16mp-dslr-camera-11896,36
12982,"Nikon 1J2 Digital Camera (10.1MP, Black)",Nikon,1J2 10.1MP Digital Camera,Cameras,43314,https://gadgets.ndtv.com/static/icons/cameras.jpg?downsize=*:180&amp;output-quality=80&amp;output-format=webp,https://gadgets.ndtv.com/nikon-1j2-10-1mp-digital-camera-11796,46
12983,"Canon EOS Rebel T5i DSLR Camera (18 MP, Black)",Canon,EOS Rebel T5i 18MP DSLR Camera,Cameras,86860,https://i.gadgets360cdn.com/products/cameras/large/1548234794_832_canon_eos-rebel-t5i-18mp-dslr-camera.jpg?downsize=*:180&amp;output-quality=80&amp;output-format=webp,https://gadgets.ndtv.com/canon-eos-rebel-t5i-18mp-dslr-camera-11721,6
12984,"Nikon D80 DSLR Camera (10.2MP, Black)",Nikon,D80 10.2MP DSLR Camera,Cameras,82841,https://i.gadgets360cdn.com/products/cameras/large/1548234914_832_nikon_d80-10-2mp-dslr-camera.jpg?downsize=*:180&amp;output-quality=80&amp;output-format=webp,https://gadgets.ndtv.com/nikon-d80-10-2mp-dslr-camera-11835,42
12985,"Pentax K-70 DSLR Camera (24MP, Black)",Ricoh,Pentax K-70 24.24MP DSLR Camera,Cameras,54999,https://i.gadgets360cdn.com/products/cameras/large/1548234984_832_ricoh_pentax-k-70-24-24mp-dslr-camera.jpg?downsize=*:180&amp;output-quality=80&amp;output-format=webp,https://gadgets.ndtv.com/ricoh-pentax-k-70-24-24mp-dslr-camera-11898,39
12986,"Sony ILCE 3500J DSLR Camera (20.1MP, Black)",Sony,ILCE 3500J 20.1MP DSLR Camera,Cameras,26990,https://i.gadgets360cdn.com/products/cameras/large/1548235038_832_sony_ilce-3500j-20-1mp-dslr-camera.jpg?downsize=*:180&amp;output-quality=80&amp;output-format=webp,https://gadgets.ndtv.com/sony-ilce-3500j-20-1mp-dslr-camera-11948,17
12987,"Sony ILCA 68 DSLR Camera (24.2MP, Black)",Sony,ILCA 68 24.2MP DSLR Camera,Cameras,66280,https://i.gadgets360cdn.com/products/cameras/large/1548235030_832_sony_ilca-68-24-2mp-dslr-camera.jpg?downsize=*:180&amp;output-quality=80&amp;output-format=webp,https://gadgets.ndtv.com/sony-ilca-68-24-2mp-dslr-camera-11941,20
12988,"Nikon D3300 DSLR Camera (24.2MP, Black)",Nikon,D3300 24.2MP DSLR Camera,Cameras,26450,https://gadgets.ndtv.com/static/icons/cameras.jpg?downsize=*:180&amp;output-quality=80&amp;output-format=webp,https://gadgets.ndtv.com/nikon-d3300-24-2mp-dslr-camera-11937,8
12989,"Fujifilm X T2 Digital Camera (24.3MP, Black)",Fujifilm,X T2 24.3MP Digital Camera,Cameras,94990,https://i.gadgets360cdn.com/products/cameras/large/1548234855_832_fujifilm_x-t2-24-3mp-digital-camera.jpg?downsize=*:180&amp;output-quality=80&amp;output-format=webp,https://gadgets.ndtv.com/fujifilm-x-t2-24-3mp-digital-camera-11780,28
12990,"Sony SLT A58Y DSLR Camera (20.1MP, Black)",Sony,SLT A58Y 20.1MP DSLR Camera,Cameras,40990,https://i.gadgets360cdn.com/products/cameras/large/1548234813_832_sony_slt-a58y-20-1mp-dslr-camera.jpg?downsize=*:180&amp;output-quality=80&amp;output-format=webp,https://gadgets.ndtv.com/sony-slt-a58y-20-1mp-dslr-camera-11743,42
12991,"Fujifilm X E3 Digital Camera (24.3MP, Silver)",Fujifilm,X E3 24.3MP Digital Camera,Cameras,67999,https://i.gadgets360cdn.com/products/cameras/large/1548234846_832_fujifilm_x-e3-24-3mp-digital-camera.jpg?downsize=*:180&amp;output-quality=80&amp;output-format=webp,https://gadgets.ndtv.com/fujifilm-x-e3-24-3mp-digital-camera-11772,31
12992,"Fujifilm X E3 Digital Camera (24.3MP, Black)",Fujifilm,X E3 24.3MP Digital Camera,Cameras,57999,https://i.gadgets360cdn.com/products/cameras/large/1548234846_832_fujifilm_x-e3-24-3mp-digital-camera.jpg?downsize=*:180&amp;output-quality=80&amp;output-format=webp,https://gadgets.ndtv.com/fujifilm-x-e3-24-3mp-digital-camera-11772,26
12993,"Nikon 1528 DSLR Camera (16.2MP, Black)",Nikon,1528 16.2MP DSLR Camera,Cameras,177401,https://i.gadgets360cdn.com/products/cameras/large/1548234870_832_nikon_1528-16-2mp-dslr-camera.jpg?downsize=*:180&amp;output-quality=80&amp;output-format=webp,https://gadgets.ndtv.com/nikon-1528-16-2mp-dslr-camera-11794,14
12994,"Nikon CoolPix A10 Digital Camera (10.1MP, Silver)",Nikon,CoolPix A10 16.1MP Digital Camera,Cameras,25498,https://gadgets.ndtv.com/static/icons/cameras.jpg?downsize=*:180&amp;output-quality=80&amp;output-format=webp,https://gadgets.ndtv.com/nikon-coolpix-a10-16-1mp-digital-camera-11798,33
12995,"Canon EOS M5 DSLR Camera (24.2MP, Black)",Canon,EOS M5 24.2MP DSLR Camera,Cameras,48999,https://i.gadgets360cdn.com/products/cameras/large/1548234759_832_canon_eos-m5-24-2mp-dslr-camera.jpg?downsize=*:180&amp;output-quality=80&amp;output-format=webp,https://gadgets.ndtv.com/canon-eos-m5-24-2mp-dslr-camera-11692,50
12996,"Sony ILCA 99M2 DSLR Camera (42.4MP, Black)",Sony,ILCA 99M2 42.4MP DSLR Camera,Cameras,235995,https://i.gadgets360cdn.com/products/cameras/large/1548235038_832_sony_ilca-99m2-42-4mp-dslr-camera.jpg?downsize=*:180&amp;output-quality=80&amp;output-format=webp,https://gadgets.ndtv.com/sony-ilca-99m2-42-4mp-dslr-camera-11947,13
12997,"Samsung NX1100 Digital Camera (20.3MP, White)",Samsung,NX1100 20.3MP Digital Camera,Cameras,60808,https://i.gadgets360cdn.com/products/cameras/large/1548234993_832_samsung_nx1100-20-3mp-digital-camera.jpg?downsize=*:180&amp;output-quality=80&amp;output-format=webp,https://gadgets.ndtv.com/samsung-nx1100-20-3mp-digital-camera-11907,24
12998,"Samsung NX2000 Digital Camera (20.3MP, Black)",Samsung,NX2000 20.3MP Digital Camera,Cameras,95968,https://i.gadgets360cdn.com/products/cameras/large/1548234995_832_samsung_nx2000-20-3mp-digital-camera.jpg?downsize=*:180&amp;output-quality=80&amp;output-format=webp,https://gadgets.ndtv.com/samsung-nx2000-20-3mp-digital-camera-11908,42
12999,"Canon EOS M50 DSLR Camera (24.1MP, Black)",Canon,EOS M50 24.1MP DSLR Camera,Cameras,51995,https://i.gadgets360cdn.com/products/cameras/large/1548234761_832_canon_eos-m50-24-1mp-dslr-camera.jpg?downsize=*:180&amp;output-quality=80&amp;output-format=webp,https://gadgets.ndtv.com/canon-eos-m50-24-1mp-dslr-camera-11693,40
13000,"Canon EOS M10 DSLR Camera (18MP, Black)",Canon,EOS M10 24.1MP DSLR Camera,Cameras,37999,https://i.gadgets360cdn.com/products/cameras/large/1548234755_832_canon_eos-m10-24-1mp-dslr-camera.jpg?downsize=*:180&amp;output-quality=80&amp;output-format=webp,https://gadgets.ndtv.com/canon-eos-m10-24-1mp-dslr-camera-11688,39
13001,"Sony ILCE 5000 DSLR Camera (20.1MP, Black)",Sony,ILCE 5000 24.3MP DSLR Camera,Cameras,24990,https://gadgets.ndtv.com/static/icons/cameras.jpg?downsize=*:180&amp;output-quality=80&amp;output-format=webp,https://gadgets.ndtv.com/sony-ilce-5000-24-3mp-dslr-camera-11950,37
13002,"Sony ILCE 5000L DSLR Camera (20.1MP, Black)",Sony,ILCE 5000L 24.2MP DSLR Camera,Cameras,33689,https://i.gadgets360cdn.com/products/cameras/large/1548235042_832_sony_ilce-5000l-24-2mp-dslr-camera.jpg?downsize=*:180&amp;output-quality=80&amp;output-format=webp,https://gadgets.ndtv.com/sony-ilce-5000l-24-2mp-dslr-camera-11951,37
13003,"Sony ILCE 7K DSLR Camera (24.3MP, Black)",Sony,ILCE 7K 24.3MP DSLR Camera,Cameras,109990,https://i.gadgets360cdn.com/products/cameras/large/1548235051_832_sony_ilce-7k-24-3mp-dslr-camera.jpg?downsize=*:180&amp;output-quality=80&amp;output-format=webp,https://gadgets.ndtv.com/sony-ilce-7k-24-3mp-dslr-camera-11960,41
13004,"Sony ILCE 7SM2 DSLR Camera (12.2MP, Black)",Sony,ILCE 7SM2 12.4MP DSLR Camera,Cameras,124990,https://i.gadgets360cdn.com/products/cameras/large/1548235061_832_sony_ilce-7sm2-12-4mp-dslr-camera.jpg?downsize=*:180&amp;output-quality=80&amp;output-format=webp,https://gadgets.ndtv.com/sony-ilce-7sm2-12-4mp-dslr-camera-11968,23
13005,"Fujifilm X Pro2 Digital Camera (24.3MP, Black)",Fujifilm,X Pro2 24.3MP Digital Camera,Cameras,122395,https://i.gadgets360cdn.com/products/cameras/large/1548234851_832_fujifilm_x-pro2-24-3mp-digital-camera.jpg?downsize=*:180&amp;output-quality=80&amp;output-format=webp,https://gadgets.ndtv.com/fujifilm-x-pro2-24-3mp-digital-camera-11776,7
13006,"Canon EOS 5D Mark III DSLR Camera (22.3MP, Black)",Canon,EOS 5D Mark III 22.3MP DSLR Camera,Cameras,190999,https://i.gadgets360cdn.com/products/cameras/large/1548234731_832_canon_eos-5d-mark-iii-22-3mp-dslr-camera.jpg?downsize=*:180&amp;output-quality=80&amp;output-format=webp,https://gadgets.ndtv.com/canon-eos-5d-mark-iii-22-3mp-dslr-camera-11666,47
13007,"Samsung WB30F Digital Camera (16.2MP, Black)",Samsung,WB30F 16.2MP Digital Camera,Cameras,43645,https://i.gadgets360cdn.com/products/cameras/large/1548234998_832_samsung_wb30f-16-2mp-digital-camera.jpg?downsize=*:180&amp;output-quality=80&amp;output-format=webp,https://gadgets.ndtv.com/samsung-wb30f-16-2mp-digital-camera-11912,19
13008,"Nikon CoolPix AW130 Digital Camera (16MP, Orange)",Nikon,CoolPix AW130 16MP Digital Camera,Cameras,63584,https://i.gadgets360cdn.com/products/cameras/large/1548234876_832_nikon_coolpix-aw130-16mp-digital-camera.jpg?downsize=*:180&amp;output-quality=80&amp;output-format=webp,https://gadgets.ndtv.com/nikon-coolpix-aw130-16mp-digital-camera-11800,28
13009,"Panasonic Lumix DMC LZ40 DSLR Camera (20MP, Black)",Panasonic,Lumix DMC LZ40 20MP DSLR Camera,Cameras,18000,https://i.gadgets360cdn.com/products/cameras/large/1548235021_832_panasonic_lumix-dmc-lz40-20mp-dslr-camera.jpg?downsize=*:180&amp;output-quality=80&amp;output-format=webp,https://gadgets.ndtv.com/panasonic-lumix-dmc-lz40-20mp-dslr-camera-11932,17
13010,"Sony SLT A77VM DSLR Camera (24.3MP, Black)",Sony,SLT A77VM 24.3MP DSLR Camera,Cameras,89990,https://i.gadgets360cdn.com/products/cameras/large/1548235073_832_sony_slt-a77vm-24-3mp-dslr-camera.jpg?downsize=*:180&amp;output-quality=80&amp;output-format=webp,https://gadgets.ndtv.com/sony-slt-a77vm-24-3mp-dslr-camera-11976,41
13011,"Samsung WB30F Digital Camera (16.2MP, White)",Samsung,WB30F 16.2MP Digital Camera,Cameras,71915,https://i.gadgets360cdn.com/products/cameras/large/1548234998_832_samsung_wb30f-16-2mp-digital-camera.jpg?downsize=*:180&amp;output-quality=80&amp;output-format=webp,https://gadgets.ndtv.com/samsung-wb30f-16-2mp-digital-camera-11912,35
13012,"Canon EOS Kiss X7 DSLR Camera (18MP, Black)",Canon,EOS Kiss X7 18MP DSLR Camera,Cameras,102882,https://i.gadgets360cdn.com/products/cameras/large/1548234751_832_canon_eos-kiss-x7-18mp-dslr-camera.jpg?downsize=*:180&amp;output-quality=80&amp;output-format=webp,https://gadgets.ndtv.com/canon-eos-kiss-x7-18mp-dslr-camera-11685,26
13013,"Fujifilm X T1B Digital Camera (16.3MP, Black)",Fujifilm,X T1B 24.3MP Digital Camera,Cameras,142823,https://i.gadgets360cdn.com/products/cameras/large/1548234854_832_fujifilm_x-t1b-24-3mp-digital-camera.jpg?downsize=*:180&amp;output-quality=80&amp;output-format=webp,https://gadgets.ndtv.com/fujifilm-x-t1b-24-3mp-digital-camera-11779,35
13014,"Canon EOS 100D DSLR Camera (18MP, Black)",Canon,EOS 100D 18MP DSLR Camera,Cameras,38995,https://i.gadgets360cdn.com/products/cameras/large/1548234718_832_canon_eos-100d-18mp-dslr-camera.jpg?downsize=*:180&amp;output-quality=80&amp;output-format=webp,https://gadgets.ndtv.com/canon-eos-100d-18mp-dslr-camera-11656,15
13015,"Canon EOS Rebel SL1 DSLR Camera (18MP, Black)",Canon,EOS Rebel SL1 18MP DSLR Camera,Cameras,76807,https://i.gadgets360cdn.com/products/cameras/large/1548234764_832_canon_eos-rebel-sl1-18mp-dslr-camera.jpg?downsize=*:180&amp;output-quality=80&amp;output-format=webp,https://gadgets.ndtv.com/canon-eos-rebel-sl1-18mp-dslr-camera-11697,46
13016,"Sony CyberShot DSC W830 Digital Camera (20.1MP, Silver)",Sony,CyberShot DSC W830 20.1MP Digital Camera,Cameras,7999,https://i.gadgets360cdn.com/products/cameras/large/1548234882_832_sony_cybershot-dsc-w830-20-1mp-digital-camera.jpg?downsize=*:180&amp;output-quality=80&amp;output-format=webp,https://gadgets.ndtv.com/sony-cybershot-dsc-w830-20-1mp-digital-camera-11808,26
13017,"Ricoh Pentax MX1 DSLR Camera (12MP, Black)",Ricoh,Pentax MX1 12MP DSLR Camera,Cameras,36195,https://i.gadgets360cdn.com/products/cameras/large/1548234817_832_ricoh_pentax-mx1-12mp-dslr-camera.jpg?downsize=*:180&amp;output-quality=80&amp;output-format=webp,https://gadgets.ndtv.com/ricoh-pentax-mx1-12mp-dslr-camera-11747,45
13018,"Canon EOS M100 DSLR Camera (24.2MP, Black)",Canon,EOS M100 24.2MP DSLR Camera,Cameras,30499,https://i.gadgets360cdn.com/products/cameras/large/1548234756_832_canon_eos-m100-24-2mp-dslr-camera.jpg?downsize=*:180&amp;output-quality=80&amp;output-format=webp,https://gadgets.ndtv.com/canon-eos-m100-24-2mp-dslr-camera-11689,35
13019,"Canon EOS M100 DSLR Camera (24.2MP, White)",Canon,EOS M100 24.2MP DSLR Camera,Cameras,64790,https://i.gadgets360cdn.com/products/cameras/large/1548234756_832_canon_eos-m100-24-2mp-dslr-camera.jpg?downsize=*:180&amp;output-quality=80&amp;output-format=webp,https://gadgets.ndtv.com/canon-eos-m100-24-2mp-dslr-camera-11689,22
13020,"Fujifilm X 100F Digital Camera (24.3MP, Black)",Fujifilm,X 100F 24.3MP Digital Camera,Cameras,81990,https://i.gadgets360cdn.com/products/cameras/large/1548234836_832_fujifilm_x-100f-24-3mp-digital-camera.jpg?downsize=*:180&amp;output-quality=80&amp;output-format=webp,https://gadgets.ndtv.com/fujifilm-x-100f-24-3mp-digital-camera-11765,14
13021,"Fujifilm X 100F Digital Camera (24.3MP, Silver)",Fujifilm,X 100F 24.3MP Digital Camera,Cameras,83990,https://i.gadgets360cdn.com/products/cameras/large/1548234836_832_fujifilm_x-100f-24-3mp-digital-camera.jpg?downsize=*:180&amp;output-quality=80&amp;output-format=webp,https://gadgets.ndtv.com/fujifilm-x-100f-24-3mp-digital-camera-11765,38
13022,"Canon EOS 77D DSLR Camera (24.2MP, Black)",Canon,EOS 77D 24.2MP DSLR Camera,Cameras,59999,https://i.gadgets360cdn.com/products/cameras/large/1548234744_832_canon_eos-77d-24-2mp-dslr-camera.jpg?downsize=*:180&amp;output-quality=80&amp;output-format=webp,https://gadgets.ndtv.com/canon-eos-77d-24-2mp-dslr-camera-11678,24
13023,"Nikon D610 DSLR Camera (24.3MP, Black)",Nikon,D610 20.3MP DSLR Camera,Cameras,75999,https://i.gadgets360cdn.com/products/cameras/large/1548234905_832_nikon_d610-20-3mp-dslr-camera.jpg?downsize=*:180&amp;output-quality=80&amp;output-format=webp,https://gadgets.ndtv.com/nikon-d610-20-3mp-dslr-camera-11828,10
13024,"Nikon D7500 DSLR Camera (20.9MP, Black)",Nikon,D7500 20.9MP DSLR Camera,Cameras,106000,https://i.gadgets360cdn.com/products/cameras/large/1548234913_832_nikon_d7500-20-9mp-dslr-camera.jpg?downsize=*:180&amp;output-quality=80&amp;output-format=webp,https://gadgets.ndtv.com/nikon-d7500-20-9mp-dslr-camera-11834,45
13147,New Nintendo 2DS XL (Black/Turquoise),Nintendo,New 2DS XL,Gaming Consoles,27999,https://i.gadgets360cdn.com/products/large/1549533234_635_New_Nintendo_2DS_XL.jpg?downsize=*:180&amp;output-quality=80&amp;output-format=webp,https://gadgets.ndtv.com/nintendo-2ds-xl-12001,19
13148,New Nintendo 3DS XL Monster Hunter (Red),Nintendo,New 3DS XL,Gaming Consoles,114696,https://i.gadgets360cdn.com/products/large/1549532799_635_new_nintendo_3ds_xl.jpg?downsize=*:180&amp;output-quality=80&amp;output-format=webp,https://gadgets.ndtv.com/new-nintendo-3ds-xl-12000,40
13149,New Nintendo 3DS XL Pikachu Edition (Yellow),Nintendo,New 3DS XL,Gaming Consoles,78847,https://i.gadgets360cdn.com/products/large/1549532799_635_new_nintendo_3ds_xl.jpg?downsize=*:180&amp;output-quality=80&amp;output-format=webp,https://gadgets.ndtv.com/new-nintendo-3ds-xl-12000,33
13150,New Nintendo 3DS XL Monster Hunter (Blue),Nintendo,New 3DS XL,Gaming Consoles,19990,https://i.gadgets360cdn.com/products/large/1549532799_635_new_nintendo_3ds_xl.jpg?downsize=*:180&amp;output-quality=80&amp;output-format=webp,https://gadgets.ndtv.com/new-nintendo-3ds-xl-12000,35
13151,Nintendo 3DS (Black),Nintendo,3DS,Gaming Consoles,60000,https://i.gadgets360cdn.com/products/large/1549529354_635_nintendo_3ds.jpg?downsize=*:180&amp;output-quality=80&amp;output-format=webp,https://gadgets.ndtv.com/nintendo-3ds-11994,15
13152,Nintendo 3DS (Midnight Purple),Nintendo,3DS,Gaming Consoles,42330,https://i.gadgets360cdn.com/products/large/1549529354_635_nintendo_3ds.jpg?downsize=*:180&amp;output-quality=80&amp;output-format=webp,https://gadgets.ndtv.com/nintendo-3ds-11994,32
13153,New Nintendo 2DS XL Pikachu Edition (Yellow),Nintendo,New 2DS XL,Gaming Consoles,30075,https://i.gadgets360cdn.com/products/large/1549533234_635_New_Nintendo_2DS_XL.jpg?downsize=*:180&amp;output-quality=80&amp;output-format=webp,https://gadgets.ndtv.com/nintendo-2ds-xl-12001,25
13154,New Nintendo 2DS XL (White/Orange),Nintendo,New 2DS XL,Gaming Consoles,21990,https://i.gadgets360cdn.com/products/large/1549533234_635_New_Nintendo_2DS_XL.jpg?downsize=*:180&amp;output-quality=80&amp;output-format=webp,https://gadgets.ndtv.com/nintendo-2ds-xl-12001,10
13155,Nintendo Switch (Black),Nintendo,Switch,Gaming Consoles,31739,https://i.gadgets360cdn.com/products/large/1549526400_635_nintendo_switch_db.jpg?downsize=*:180&amp;output-quality=80&amp;output-format=webp,https://gadgets.ndtv.com/nintendo-switch-11991,30
13156,Nintendo Wii U,Nintendo,Wii U,Gaming Consoles,107441,https://i.gadgets360cdn.com/products/large/1549528045_635_nintendo_wii_u_db.jpg?downsize=*:180&amp;output-quality=80&amp;output-format=webp,https://gadgets.ndtv.com/nintendo-wii-u-11992,35
13157,"Sony PlayStation 4 (Black, 500GB)",Sony,PlayStation 4,Gaming Consoles,30990,https://i.gadgets360cdn.com/products/large/1549462346_635_ps4_slim_db.jpg?downsize=*:180&amp;output-quality=80&amp;output-format=webp,https://gadgets.ndtv.com/sony-playstation-4-11986,32
13158,"Sony PlayStation 4 (Silver, 500GB)",Sony,PlayStation 4,Gaming Consoles,44990,https://i.gadgets360cdn.com/products/large/1549462346_635_ps4_slim_db.jpg?downsize=*:180&amp;output-quality=80&amp;output-format=webp,https://gadgets.ndtv.com/sony-playstation-4-11986,10
13159,"Sony PlayStation 4 (Black, 1TB)",Sony,PlayStation 4,Gaming Consoles,31990,https://i.gadgets360cdn.com/products/large/1549462346_635_ps4_slim_db.jpg?downsize=*:180&amp;output-quality=80&amp;output-format=webp,https://gadgets.ndtv.com/sony-playstation-4-11986,10
13160,"Microsoft Xbox One S (White, 1TB)",Microsoft,Xbox One S,Gaming Consoles,30990,https://i.gadgets360cdn.com/products/large/1549457624_635_xbox_one_s.jpg?downsize=*:180&amp;output-quality=80&amp;output-format=webp,https://gadgets.ndtv.com/microsoft-xbox-one-s-11990,49
13161,Sony Playstation 4 Pro (White),Sony,PlayStation 4 Pro,Gaming Consoles,42500,https://i.gadgets360cdn.com/products/large/1549457342_635_ps4_pro_db.jpg?downsize=*:180&amp;output-quality=80&amp;output-format=webp,https://gadgets.ndtv.com/sony-playstation-4-pro-11988,36
13162,"Sony Playstation 4 Pro (Black, 1TB)",Sony,PlayStation 4 Pro,Gaming Consoles,36594,https://i.gadgets360cdn.com/products/large/1549457342_635_ps4_pro_db.jpg?downsize=*:180&amp;output-quality=80&amp;output-format=webp,https://gadgets.ndtv.com/sony-playstation-4-pro-11988,27
13163,Sony Playstation 4 Pro (Black),Sony,PlayStation 4 Pro,Gaming Consoles,31500,https://i.gadgets360cdn.com/products/large/1549457342_635_ps4_pro_db.jpg?downsize=*:180&amp;output-quality=80&amp;output-format=webp,https://gadgets.ndtv.com/sony-playstation-4-pro-11988,23
13164,"Microsoft Xbox 360 (Black, 4GB)",Microsoft,Xbox 360,Gaming Consoles,27990,https://i.gadgets360cdn.com/products/large/1549531497_635_xbox_360_db.jpg?downsize=*:180&amp;output-quality=80&amp;output-format=webp,https://gadgets.ndtv.com/microsoft-xbox-360-11997,38
13165,Sony Playstation 3 (Black),Sony,PlayStation 3,Gaming Consoles,13900,https://i.gadgets360cdn.com/products/large/1549529231_635_ps3_db.jpg?downsize=*:180&amp;output-quality=80&amp;output-format=webp,https://gadgets.ndtv.com/sony-playstation-3-11993,10
13166,"Sony Playstation 3 (Black, 500GB)",Sony,PlayStation 3,Gaming Consoles,22500,https://i.gadgets360cdn.com/products/large/1549529231_635_ps3_db.jpg?downsize=*:180&amp;output-quality=80&amp;output-format=webp,https://gadgets.ndtv.com/sony-playstation-3-11993,32
13167,Microsoft Xbox 360 (Black),Microsoft,Xbox 360,Gaming Consoles,22450,https://i.gadgets360cdn.com/products/large/1549531497_635_xbox_360_db.jpg?downsize=*:180&amp;output-quality=80&amp;output-format=webp,https://gadgets.ndtv.com/microsoft-xbox-360-11997,35
13168,"Microsoft Xbox One X (Black, 1TB)",Microsoft,Xbox One X,Gaming Consoles,43990,https://i.gadgets360cdn.com/products/large/1549457475_635_xbox_one_x.jpg?downsize=*:180&amp;output-quality=80&amp;output-format=webp,https://gadgets.ndtv.com/microsoft-xbox-one-x-11989,20
13169,"Microsoft Xbox One X (Grey, 1TB)",Microsoft,Xbox One X,Gaming Consoles,47304,https://i.gadgets360cdn.com/products/large/1549457475_635_xbox_one_x.jpg?downsize=*:180&amp;output-quality=80&amp;output-format=webp,https://gadgets.ndtv.com/microsoft-xbox-one-x-11989,26
13170,"Microsoft Xbox One S (Gradient Purple, 1TB)",Microsoft,Xbox One S,Gaming Consoles,29999,https://i.gadgets360cdn.com/products/large/1549457624_635_xbox_one_s.jpg?downsize=*:180&amp;output-quality=80&amp;output-format=webp,https://gadgets.ndtv.com/microsoft-xbox-one-s-11990,49
13171,Sony Playstation Vita (Black),Sony,PlayStation Vita,Gaming Consoles,18000,https://i.gadgets360cdn.com/products/large/1550244612_635_PS_VITA_OLED.jpg?downsize=*:180&amp;output-quality=80&amp;output-format=webp,https://gadgets.ndtv.com/sony-playstation-vita-12049,44
13172,Sony Playstation Vita (Gold),Sony,PlayStation Vita,Gaming Consoles,16800,https://i.gadgets360cdn.com/products/large/1550244612_635_PS_VITA_OLED.jpg?downsize=*:180&amp;output-quality=80&amp;output-format=webp,https://gadgets.ndtv.com/sony-playstation-vita-12049,49
13173,"Microsoft Xbox One S (White, 1TB)",Microsoft,Xbox One S All-Digital Edition,Gaming Consoles,19990,https://i.gadgets360cdn.com/products/large/1555479830_635_xbox_one_s_all_digital_edition.jpg?downsize=*:180&amp;output-quality=80&amp;output-format=webp,https://gadgets.ndtv.com/microsoft-xbox-one-s-all-digital-edition-13028,40
13174,Microsoft Xbox One S (Black),Microsoft,Xbox One S All-Digital Edition,Gaming Consoles,21990,https://i.gadgets360cdn.com/products/large/1555479830_635_xbox_one_s_all_digital_edition.jpg?downsize=*:180&amp;output-quality=80&amp;output-format=webp,https://gadgets.ndtv.com/microsoft-xbox-one-s-all-digital-edition-13028,35
13175,Microsoft Xbox One S (White),Microsoft,Xbox One S All-Digital Edition,Gaming Consoles,21490,https://i.gadgets360cdn.com/products/large/1555479830_635_xbox_one_s_all_digital_edition.jpg?downsize=*:180&amp;output-quality=80&amp;output-format=webp,https://gadgets.ndtv.com/microsoft-xbox-one-s-all-digital-edition-13028,13
13176,"Microsoft Xbox Series S (White, 512GB)",Microsoft,Xbox Series S,Gaming Consoles,34990,https://i.gadgets360cdn.com/products/large/Xbox-series-S-DB-437x800-1600325377.jpg?downsize=*:180&amp;output-quality=80&amp;output-format=webp,https://gadgets.ndtv.com/microsoft-xbox-series-s-price-in-india-97191,31
